+ launcher_opts=(--etc-dir /etc/trino)
+ grep -s -q node.id /etc/trino/node.properties
+ launcher_opts+=("-Dnode.id=${HOSTNAME}")
+ exec /usr/lib/trino/bin/launcher run --etc-dir /etc/trino -Dnode.id=bbff8e9c396c
WARNING: Using incubator modules: jdk.incubator.vector
Jan 22, 2026 6:23:07 PM io.airlift.log.Logger info
INFO: Java version: 25.0.1
2026-01-22T18:23:07.843Z	INFO	main	io.airlift.log.Logging	Logging to stderr
2026-01-22T18:23:07.844Z	INFO	main	io.trino.bootstrap.engine	Loading secrets plugins
2026-01-22T18:23:07.845Z	INFO	main	io.trino.bootstrap.engine	Loading configuration
2026-01-22T18:23:07.888Z	INFO	main	org.hibernate.validator.internal.util.Version	HV000001: Hibernate Validator 9.1.0.Final
2026-01-22T18:23:07.944Z	INFO	main	io.trino.bootstrap.engine	Initializing logging
2026-01-22T18:23:07.966Z	INFO	main	io.airlift.log.Logging	Disabling stderr output
2026-01-22T18:23:08.357Z	INFO	main	io.trino.bootstrap.engine	PROPERTY                                                                                DEFAULT                                                                    RUNTIME                                                                    DESCRIPTION
2026-01-22T18:23:08.357Z	INFO	main	io.trino.bootstrap.engine	memory-manager.http-client.https.automatic-shared-secret                                [REDACTED]                                                                 [REDACTED]
2026-01-22T18:23:08.357Z	INFO	main	io.trino.bootstrap.engine	memory-manager.http-client.use-blocking-connect                                         false                                                                      false
2026-01-22T18:23:08.357Z	INFO	main	io.trino.bootstrap.engine	memory-manager.http-client.connect-timeout                                              5.00s                                                                      5.00s
2026-01-22T18:23:08.357Z	INFO	main	io.trino.bootstrap.engine	memory-manager.http-client.destination-idle-timeout                                     1.00m                                                                      1.00m
2026-01-22T18:23:08.357Z	INFO	main	io.trino.bootstrap.engine	memory-manager.http-client.http2.enabled                                                false                                                                      false                                                                      Enable the HTTP/2 transport
2026-01-22T18:23:08.357Z	INFO	main	io.trino.bootstrap.engine	memory-manager.http-client.http2.session-receive-window-size                            16MB                                                                       16MB                                                                       Initial size of session's flow control receive window for HTTP/2
2026-01-22T18:23:08.357Z	INFO	main	io.trino.bootstrap.engine	memory-manager.http-client.http2.stream-receive-window-size                             16MB                                                                       16MB                                                                       Initial size of stream's flow control receive window for HTTP/2
2026-01-22T18:23:08.357Z	INFO	main	io.trino.bootstrap.engine	memory-manager.http-client.http2.input-buffer-size                                      8kB                                                                        8kB                                                                        Size of the buffer used to read from the network for HTTP/2
2026-01-22T18:23:08.357Z	INFO	main	io.trino.bootstrap.engine	memory-manager.http-client.http-proxy                                                   ----                                                                       ----
2026-01-22T18:23:08.357Z	INFO	main	io.trino.bootstrap.engine	memory-manager.http-client.http-proxy.password                                          [REDACTED]                                                                 [REDACTED]
2026-01-22T18:23:08.357Z	INFO	main	io.trino.bootstrap.engine	memory-manager.http-client.http-proxy.user                                              ----                                                                       ----
2026-01-22T18:23:08.357Z	INFO	main	io.trino.bootstrap.engine	memory-manager.http-client.https.excluded-cipher                                        [^.*_(MD5|SHA|SHA1)$, ^TLS_RSA_.*$, ^SSL_.*$, ^.*_NULL_.*$, ^.*_anon_.*$]  [^.*_(MD5|SHA|SHA1)$, ^TLS_RSA_.*$, ^SSL_.*$, ^.*_NULL_.*$, ^.*_anon_.*$]  Setting this config property overwrites Jetty's default excluded cipher suites
2026-01-22T18:23:08.357Z	INFO	main	io.trino.bootstrap.engine	memory-manager.http-client.https.included-cipher                                        []                                                                         []
2026-01-22T18:23:08.357Z	INFO	main	io.trino.bootstrap.engine	memory-manager.http-client.idle-timeout                                                 30.00s                                                                     30.00s
2026-01-22T18:23:08.357Z	INFO	main	io.trino.bootstrap.engine	memory-manager.http-client.key-store-password                                           [REDACTED]                                                                 [REDACTED]
2026-01-22T18:23:08.357Z	INFO	main	io.trino.bootstrap.engine	memory-manager.http-client.key-store-path                                               ----                                                                       ----
2026-01-22T18:23:08.357Z	INFO	main	io.trino.bootstrap.engine	memory-manager.http-client.log.buffer-size                                              1MB                                                                        1MB
2026-01-22T18:23:08.357Z	INFO	main	io.trino.bootstrap.engine	memory-manager.http-client.log.compression.enabled                                      true                                                                       true
2026-01-22T18:23:08.357Z	INFO	main	io.trino.bootstrap.engine	memory-manager.http-client.log.enabled                                                  false                                                                      false
2026-01-22T18:23:08.357Z	INFO	main	io.trino.bootstrap.engine	memory-manager.http-client.log.flush-interval                                           10.00s                                                                     10.00s
2026-01-22T18:23:08.358Z	INFO	main	io.trino.bootstrap.engine	memory-manager.http-client.log.max-history                                              15                                                                         15
2026-01-22T18:23:08.358Z	INFO	main	io.trino.bootstrap.engine	memory-manager.http-client.log.max-size                                                 1GB                                                                        1GB
2026-01-22T18:23:08.358Z	INFO	main	io.trino.bootstrap.engine	memory-manager.http-client.log.path                                                     var/log/                                                                   var/log/                                                                   The name of the log file will be prefixed with the name of the HTTP client (<client_name>-http-client.log)
2026-01-22T18:23:08.358Z	INFO	main	io.trino.bootstrap.engine	memory-manager.http-client.log.queue-size                                               10000                                                                      10000
2026-01-22T18:23:08.358Z	INFO	main	io.trino.bootstrap.engine	memory-manager.http-client.max-connections-per-server                                   20                                                                         20
2026-01-22T18:23:08.358Z	INFO	main	io.trino.bootstrap.engine	memory-manager.http-client.max-content-length                                           16MB                                                                       16MB
2026-01-22T18:23:08.358Z	INFO	main	io.trino.bootstrap.engine	memory-manager.http-client.max-direct-memory                                            ----                                                                       ----
2026-01-22T18:23:08.358Z	INFO	main	io.trino.bootstrap.engine	memory-manager.http-client.max-heap-memory                                              ----                                                                       ----
2026-01-22T18:23:08.358Z	INFO	main	io.trino.bootstrap.engine	memory-manager.http-client.max-request-header-size                                      8kB                                                                        8kB
2026-01-22T18:23:08.358Z	INFO	main	io.trino.bootstrap.engine	memory-manager.http-client.max-requests-queued-per-destination                          1024                                                                       1024
2026-01-22T18:23:08.358Z	INFO	main	io.trino.bootstrap.engine	memory-manager.http-client.max-response-header-size                                     16kB                                                                       16kB
2026-01-22T18:23:08.358Z	INFO	main	io.trino.bootstrap.engine	memory-manager.http-client.max-threads                                                  200                                                                        200
2026-01-22T18:23:08.358Z	INFO	main	io.trino.bootstrap.engine	memory-manager.http-client.min-threads                                                  8                                                                          8
2026-01-22T18:23:08.358Z	INFO	main	io.trino.bootstrap.engine	memory-manager.http-client.record-request-complete                                      true                                                                       true
2026-01-22T18:23:08.359Z	INFO	main	io.trino.bootstrap.engine	memory-manager.http-client.request-buffer-size                                          4kB                                                                        4kB
2026-01-22T18:23:08.359Z	INFO	main	io.trino.bootstrap.engine	memory-manager.http-client.request-timeout                                              10.00s                                                                     10.00s
2026-01-22T18:23:08.359Z	INFO	main	io.trino.bootstrap.engine	memory-manager.http-client.response-buffer-size                                         16kB                                                                       16kB
2026-01-22T18:23:08.359Z	INFO	main	io.trino.bootstrap.engine	memory-manager.http-client.http-proxy.secure                                            false                                                                      false
2026-01-22T18:23:08.359Z	INFO	main	io.trino.bootstrap.engine	memory-manager.http-client.secure-random-algorithm                                      ----                                                                       ----
2026-01-22T18:23:08.359Z	INFO	main	io.trino.bootstrap.engine	memory-manager.http-client.selector-count                                               2                                                                          2
2026-01-22T18:23:08.359Z	INFO	main	io.trino.bootstrap.engine	memory-manager.http-client.socks-proxy                                                  ----                                                                       ----
2026-01-22T18:23:08.359Z	INFO	main	io.trino.bootstrap.engine	memory-manager.http-client.tcp-keep-alive-idle-time                                     ----                                                                       ----
2026-01-22T18:23:08.359Z	INFO	main	io.trino.bootstrap.engine	memory-manager.http-client.timeout-concurrency                                          1                                                                          1                                                                          Number of concurrent locks for timeout
2026-01-22T18:23:08.359Z	INFO	main	io.trino.bootstrap.engine	memory-manager.http-client.timeout-threads                                              1                                                                          1                                                                          Total number of timeout threads
2026-01-22T18:23:08.359Z	INFO	main	io.trino.bootstrap.engine	memory-manager.http-client.trust-store-password                                         [REDACTED]                                                                 [REDACTED]
2026-01-22T18:23:08.359Z	INFO	main	io.trino.bootstrap.engine	memory-manager.http-client.trust-store-path                                             ----                                                                       ----
2026-01-22T18:23:08.359Z	INFO	main	io.trino.bootstrap.engine	memory-manager.http-client.https.hostname-verification                                  true                                                                       true                                                                       Verify that server hostname matches the server certificate
2026-01-22T18:23:08.359Z	INFO	main	io.trino.bootstrap.engine	announcer.http-client.https.automatic-shared-secret                                     [REDACTED]                                                                 [REDACTED]
2026-01-22T18:23:08.359Z	INFO	main	io.trino.bootstrap.engine	announcer.http-client.use-blocking-connect                                              false                                                                      false
2026-01-22T18:23:08.359Z	INFO	main	io.trino.bootstrap.engine	announcer.http-client.connect-timeout                                                   5.00s                                                                      5.00s
2026-01-22T18:23:08.359Z	INFO	main	io.trino.bootstrap.engine	announcer.http-client.destination-idle-timeout                                          1.00m                                                                      1.00m
2026-01-22T18:23:08.359Z	INFO	main	io.trino.bootstrap.engine	announcer.http-client.http2.enabled                                                     false                                                                      false                                                                      Enable the HTTP/2 transport
2026-01-22T18:23:08.359Z	INFO	main	io.trino.bootstrap.engine	announcer.http-client.http2.session-receive-window-size                                 16MB                                                                       16MB                                                                       Initial size of session's flow control receive window for HTTP/2
2026-01-22T18:23:08.359Z	INFO	main	io.trino.bootstrap.engine	announcer.http-client.http2.stream-receive-window-size                                  16MB                                                                       16MB                                                                       Initial size of stream's flow control receive window for HTTP/2
2026-01-22T18:23:08.359Z	INFO	main	io.trino.bootstrap.engine	announcer.http-client.http2.input-buffer-size                                           8kB                                                                        8kB                                                                        Size of the buffer used to read from the network for HTTP/2
2026-01-22T18:23:08.360Z	INFO	main	io.trino.bootstrap.engine	announcer.http-client.http-proxy                                                        ----                                                                       ----
2026-01-22T18:23:08.360Z	INFO	main	io.trino.bootstrap.engine	announcer.http-client.http-proxy.password                                               [REDACTED]                                                                 [REDACTED]
2026-01-22T18:23:08.360Z	INFO	main	io.trino.bootstrap.engine	announcer.http-client.http-proxy.user                                                   ----                                                                       ----
2026-01-22T18:23:08.360Z	INFO	main	io.trino.bootstrap.engine	announcer.http-client.https.excluded-cipher                                             [^.*_(MD5|SHA|SHA1)$, ^TLS_RSA_.*$, ^SSL_.*$, ^.*_NULL_.*$, ^.*_anon_.*$]  [^.*_(MD5|SHA|SHA1)$, ^TLS_RSA_.*$, ^SSL_.*$, ^.*_NULL_.*$, ^.*_anon_.*$]  Setting this config property overwrites Jetty's default excluded cipher suites
2026-01-22T18:23:08.360Z	INFO	main	io.trino.bootstrap.engine	announcer.http-client.https.included-cipher                                             []                                                                         []
2026-01-22T18:23:08.360Z	INFO	main	io.trino.bootstrap.engine	announcer.http-client.idle-timeout                                                      3.00s                                                                      3.00s
2026-01-22T18:23:08.360Z	INFO	main	io.trino.bootstrap.engine	announcer.http-client.key-store-password                                                [REDACTED]                                                                 [REDACTED]
2026-01-22T18:23:08.360Z	INFO	main	io.trino.bootstrap.engine	announcer.http-client.key-store-path                                                    ----                                                                       ----
2026-01-22T18:23:08.360Z	INFO	main	io.trino.bootstrap.engine	announcer.http-client.log.buffer-size                                                   1MB                                                                        1MB
2026-01-22T18:23:08.360Z	INFO	main	io.trino.bootstrap.engine	announcer.http-client.log.compression.enabled                                           true                                                                       true
2026-01-22T18:23:08.360Z	INFO	main	io.trino.bootstrap.engine	announcer.http-client.log.enabled                                                       false                                                                      false
2026-01-22T18:23:08.360Z	INFO	main	io.trino.bootstrap.engine	announcer.http-client.log.flush-interval                                                10.00s                                                                     10.00s
2026-01-22T18:23:08.360Z	INFO	main	io.trino.bootstrap.engine	announcer.http-client.log.max-history                                                   15                                                                         15
2026-01-22T18:23:08.360Z	INFO	main	io.trino.bootstrap.engine	announcer.http-client.log.max-size                                                      1GB                                                                        1GB
2026-01-22T18:23:08.360Z	INFO	main	io.trino.bootstrap.engine	announcer.http-client.log.path                                                          var/log/                                                                   var/log/                                                                   The name of the log file will be prefixed with the name of the HTTP client (<client_name>-http-client.log)
2026-01-22T18:23:08.360Z	INFO	main	io.trino.bootstrap.engine	announcer.http-client.log.queue-size                                                    10000                                                                      10000
2026-01-22T18:23:08.360Z	INFO	main	io.trino.bootstrap.engine	announcer.http-client.max-connections-per-server                                        20                                                                         20
2026-01-22T18:23:08.360Z	INFO	main	io.trino.bootstrap.engine	announcer.http-client.max-content-length                                                16MB                                                                       16MB
2026-01-22T18:23:08.360Z	INFO	main	io.trino.bootstrap.engine	announcer.http-client.max-direct-memory                                                 ----                                                                       ----
2026-01-22T18:23:08.360Z	INFO	main	io.trino.bootstrap.engine	announcer.http-client.max-heap-memory                                                   ----                                                                       ----
2026-01-22T18:23:08.360Z	INFO	main	io.trino.bootstrap.engine	announcer.http-client.max-request-header-size                                           8kB                                                                        8kB
2026-01-22T18:23:08.360Z	INFO	main	io.trino.bootstrap.engine	announcer.http-client.max-requests-queued-per-destination                               1024                                                                       1024
2026-01-22T18:23:08.360Z	INFO	main	io.trino.bootstrap.engine	announcer.http-client.max-response-header-size                                          16kB                                                                       16kB
2026-01-22T18:23:08.360Z	INFO	main	io.trino.bootstrap.engine	announcer.http-client.max-threads                                                       200                                                                        200
2026-01-22T18:23:08.361Z	INFO	main	io.trino.bootstrap.engine	announcer.http-client.min-threads                                                       8                                                                          8
2026-01-22T18:23:08.361Z	INFO	main	io.trino.bootstrap.engine	announcer.http-client.record-request-complete                                           true                                                                       true
2026-01-22T18:23:08.361Z	INFO	main	io.trino.bootstrap.engine	announcer.http-client.request-buffer-size                                               4kB                                                                        4kB
2026-01-22T18:23:08.361Z	INFO	main	io.trino.bootstrap.engine	announcer.http-client.request-timeout                                                   3.00s                                                                      3.00s
2026-01-22T18:23:08.361Z	INFO	main	io.trino.bootstrap.engine	announcer.http-client.response-buffer-size                                              16kB                                                                       16kB
2026-01-22T18:23:08.361Z	INFO	main	io.trino.bootstrap.engine	announcer.http-client.http-proxy.secure                                                 false                                                                      false
2026-01-22T18:23:08.361Z	INFO	main	io.trino.bootstrap.engine	announcer.http-client.secure-random-algorithm                                           ----                                                                       ----
2026-01-22T18:23:08.361Z	INFO	main	io.trino.bootstrap.engine	announcer.http-client.selector-count                                                    2                                                                          2
2026-01-22T18:23:08.361Z	INFO	main	io.trino.bootstrap.engine	announcer.http-client.socks-proxy                                                       ----                                                                       ----
2026-01-22T18:23:08.361Z	INFO	main	io.trino.bootstrap.engine	announcer.http-client.tcp-keep-alive-idle-time                                          ----                                                                       ----
2026-01-22T18:23:08.361Z	INFO	main	io.trino.bootstrap.engine	announcer.http-client.timeout-concurrency                                               1                                                                          1                                                                          Number of concurrent locks for timeout
2026-01-22T18:23:08.361Z	INFO	main	io.trino.bootstrap.engine	announcer.http-client.timeout-threads                                                   1                                                                          1                                                                          Total number of timeout threads
2026-01-22T18:23:08.361Z	INFO	main	io.trino.bootstrap.engine	announcer.http-client.trust-store-password                                              [REDACTED]                                                                 [REDACTED]
2026-01-22T18:23:08.361Z	INFO	main	io.trino.bootstrap.engine	announcer.http-client.trust-store-path                                                  ----                                                                       ----
2026-01-22T18:23:08.361Z	INFO	main	io.trino.bootstrap.engine	announcer.http-client.https.hostname-verification                                       true                                                                       true                                                                       Verify that server hostname matches the server certificate
2026-01-22T18:23:08.361Z	INFO	main	io.trino.bootstrap.engine	node-manager.http-client.https.automatic-shared-secret                                  [REDACTED]                                                                 [REDACTED]
2026-01-22T18:23:08.361Z	INFO	main	io.trino.bootstrap.engine	node-manager.http-client.use-blocking-connect                                           false                                                                      false
2026-01-22T18:23:08.361Z	INFO	main	io.trino.bootstrap.engine	node-manager.http-client.connect-timeout                                                5.00s                                                                      5.00s
2026-01-22T18:23:08.361Z	INFO	main	io.trino.bootstrap.engine	node-manager.http-client.destination-idle-timeout                                       1.00m                                                                      1.00m
2026-01-22T18:23:08.361Z	INFO	main	io.trino.bootstrap.engine	node-manager.http-client.http2.enabled                                                  false                                                                      false                                                                      Enable the HTTP/2 transport
2026-01-22T18:23:08.361Z	INFO	main	io.trino.bootstrap.engine	node-manager.http-client.http2.session-receive-window-size                              16MB                                                                       16MB                                                                       Initial size of session's flow control receive window for HTTP/2
2026-01-22T18:23:08.361Z	INFO	main	io.trino.bootstrap.engine	node-manager.http-client.http2.stream-receive-window-size                               16MB                                                                       16MB                                                                       Initial size of stream's flow control receive window for HTTP/2
2026-01-22T18:23:08.361Z	INFO	main	io.trino.bootstrap.engine	node-manager.http-client.http2.input-buffer-size                                        8kB                                                                        8kB                                                                        Size of the buffer used to read from the network for HTTP/2
2026-01-22T18:23:08.361Z	INFO	main	io.trino.bootstrap.engine	node-manager.http-client.http-proxy                                                     ----                                                                       ----
2026-01-22T18:23:08.361Z	INFO	main	io.trino.bootstrap.engine	node-manager.http-client.http-proxy.password                                            [REDACTED]                                                                 [REDACTED]
2026-01-22T18:23:08.361Z	INFO	main	io.trino.bootstrap.engine	node-manager.http-client.http-proxy.user                                                ----                                                                       ----
2026-01-22T18:23:08.362Z	INFO	main	io.trino.bootstrap.engine	node-manager.http-client.https.excluded-cipher                                          [^.*_(MD5|SHA|SHA1)$, ^TLS_RSA_.*$, ^SSL_.*$, ^.*_NULL_.*$, ^.*_anon_.*$]  [^.*_(MD5|SHA|SHA1)$, ^TLS_RSA_.*$, ^SSL_.*$, ^.*_NULL_.*$, ^.*_anon_.*$]  Setting this config property overwrites Jetty's default excluded cipher suites
2026-01-22T18:23:08.362Z	INFO	main	io.trino.bootstrap.engine	node-manager.http-client.https.included-cipher                                          []                                                                         []
2026-01-22T18:23:08.362Z	INFO	main	io.trino.bootstrap.engine	node-manager.http-client.idle-timeout                                                   30.00s                                                                     30.00s
2026-01-22T18:23:08.362Z	INFO	main	io.trino.bootstrap.engine	node-manager.http-client.key-store-password                                             [REDACTED]                                                                 [REDACTED]
2026-01-22T18:23:08.362Z	INFO	main	io.trino.bootstrap.engine	node-manager.http-client.key-store-path                                                 ----                                                                       ----
2026-01-22T18:23:08.362Z	INFO	main	io.trino.bootstrap.engine	node-manager.http-client.log.buffer-size                                                1MB                                                                        1MB
2026-01-22T18:23:08.362Z	INFO	main	io.trino.bootstrap.engine	node-manager.http-client.log.compression.enabled                                        true                                                                       true
2026-01-22T18:23:08.362Z	INFO	main	io.trino.bootstrap.engine	node-manager.http-client.log.enabled                                                    false                                                                      false
2026-01-22T18:23:08.362Z	INFO	main	io.trino.bootstrap.engine	node-manager.http-client.log.flush-interval                                             10.00s                                                                     10.00s
2026-01-22T18:23:08.362Z	INFO	main	io.trino.bootstrap.engine	node-manager.http-client.log.max-history                                                15                                                                         15
2026-01-22T18:23:08.362Z	INFO	main	io.trino.bootstrap.engine	node-manager.http-client.log.max-size                                                   1GB                                                                        1GB
2026-01-22T18:23:08.362Z	INFO	main	io.trino.bootstrap.engine	node-manager.http-client.log.path                                                       var/log/                                                                   var/log/                                                                   The name of the log file will be prefixed with the name of the HTTP client (<client_name>-http-client.log)
2026-01-22T18:23:08.362Z	INFO	main	io.trino.bootstrap.engine	node-manager.http-client.log.queue-size                                                 10000                                                                      10000
2026-01-22T18:23:08.363Z	INFO	main	io.trino.bootstrap.engine	node-manager.http-client.max-connections-per-server                                     20                                                                         20
2026-01-22T18:23:08.363Z	INFO	main	io.trino.bootstrap.engine	node-manager.http-client.max-content-length                                             16MB                                                                       16MB
2026-01-22T18:23:08.363Z	INFO	main	io.trino.bootstrap.engine	node-manager.http-client.max-direct-memory                                              ----                                                                       ----
2026-01-22T18:23:08.363Z	INFO	main	io.trino.bootstrap.engine	node-manager.http-client.max-heap-memory                                                ----                                                                       ----
2026-01-22T18:23:08.363Z	INFO	main	io.trino.bootstrap.engine	node-manager.http-client.max-request-header-size                                        8kB                                                                        8kB
2026-01-22T18:23:08.363Z	INFO	main	io.trino.bootstrap.engine	node-manager.http-client.max-requests-queued-per-destination                            1024                                                                       1024
2026-01-22T18:23:08.363Z	INFO	main	io.trino.bootstrap.engine	node-manager.http-client.max-response-header-size                                       16kB                                                                       16kB
2026-01-22T18:23:08.363Z	INFO	main	io.trino.bootstrap.engine	node-manager.http-client.max-threads                                                    200                                                                        200
2026-01-22T18:23:08.363Z	INFO	main	io.trino.bootstrap.engine	node-manager.http-client.min-threads                                                    8                                                                          8
2026-01-22T18:23:08.364Z	INFO	main	io.trino.bootstrap.engine	node-manager.http-client.record-request-complete                                        true                                                                       true
2026-01-22T18:23:08.364Z	INFO	main	io.trino.bootstrap.engine	node-manager.http-client.request-buffer-size                                            4kB                                                                        4kB
2026-01-22T18:23:08.364Z	INFO	main	io.trino.bootstrap.engine	node-manager.http-client.request-timeout                                                10.00s                                                                     10.00s
2026-01-22T18:23:08.364Z	INFO	main	io.trino.bootstrap.engine	node-manager.http-client.response-buffer-size                                           16kB                                                                       16kB
2026-01-22T18:23:08.364Z	INFO	main	io.trino.bootstrap.engine	node-manager.http-client.http-proxy.secure                                              false                                                                      false
2026-01-22T18:23:08.364Z	INFO	main	io.trino.bootstrap.engine	node-manager.http-client.secure-random-algorithm                                        ----                                                                       ----
2026-01-22T18:23:08.364Z	INFO	main	io.trino.bootstrap.engine	node-manager.http-client.selector-count                                                 2                                                                          2
2026-01-22T18:23:08.364Z	INFO	main	io.trino.bootstrap.engine	node-manager.http-client.socks-proxy                                                    ----                                                                       ----
2026-01-22T18:23:08.364Z	INFO	main	io.trino.bootstrap.engine	node-manager.http-client.tcp-keep-alive-idle-time                                       ----                                                                       ----
2026-01-22T18:23:08.364Z	INFO	main	io.trino.bootstrap.engine	node-manager.http-client.timeout-concurrency                                            1                                                                          1                                                                          Number of concurrent locks for timeout
2026-01-22T18:23:08.364Z	INFO	main	io.trino.bootstrap.engine	node-manager.http-client.timeout-threads                                                1                                                                          1                                                                          Total number of timeout threads
2026-01-22T18:23:08.364Z	INFO	main	io.trino.bootstrap.engine	node-manager.http-client.trust-store-password                                           [REDACTED]                                                                 [REDACTED]
2026-01-22T18:23:08.364Z	INFO	main	io.trino.bootstrap.engine	node-manager.http-client.trust-store-path                                               ----                                                                       ----
2026-01-22T18:23:08.364Z	INFO	main	io.trino.bootstrap.engine	node-manager.http-client.https.hostname-verification                                    true                                                                       true                                                                       Verify that server hostname matches the server certificate
2026-01-22T18:23:08.364Z	INFO	main	io.trino.bootstrap.engine	exchange.http-client.https.automatic-shared-secret                                      [REDACTED]                                                                 [REDACTED]
2026-01-22T18:23:08.364Z	INFO	main	io.trino.bootstrap.engine	exchange.http-client.use-blocking-connect                                               false                                                                      false
2026-01-22T18:23:08.364Z	INFO	main	io.trino.bootstrap.engine	exchange.http-client.connect-timeout                                                    5.00s                                                                      5.00s
2026-01-22T18:23:08.364Z	INFO	main	io.trino.bootstrap.engine	exchange.http-client.destination-idle-timeout                                           1.00m                                                                      1.00m
2026-01-22T18:23:08.364Z	INFO	main	io.trino.bootstrap.engine	exchange.http-client.http2.enabled                                                      false                                                                      false                                                                      Enable the HTTP/2 transport
2026-01-22T18:23:08.364Z	INFO	main	io.trino.bootstrap.engine	exchange.http-client.http2.session-receive-window-size                                  16MB                                                                       16MB                                                                       Initial size of session's flow control receive window for HTTP/2
2026-01-22T18:23:08.364Z	INFO	main	io.trino.bootstrap.engine	exchange.http-client.http2.stream-receive-window-size                                   16MB                                                                       16MB                                                                       Initial size of stream's flow control receive window for HTTP/2
2026-01-22T18:23:08.364Z	INFO	main	io.trino.bootstrap.engine	exchange.http-client.http2.input-buffer-size                                            8kB                                                                        8kB                                                                        Size of the buffer used to read from the network for HTTP/2
2026-01-22T18:23:08.364Z	INFO	main	io.trino.bootstrap.engine	exchange.http-client.http-proxy                                                         ----                                                                       ----
2026-01-22T18:23:08.364Z	INFO	main	io.trino.bootstrap.engine	exchange.http-client.http-proxy.password                                                [REDACTED]                                                                 [REDACTED]
2026-01-22T18:23:08.364Z	INFO	main	io.trino.bootstrap.engine	exchange.http-client.http-proxy.user                                                    ----                                                                       ----
2026-01-22T18:23:08.364Z	INFO	main	io.trino.bootstrap.engine	exchange.http-client.https.excluded-cipher                                              [^.*_(MD5|SHA|SHA1)$, ^TLS_RSA_.*$, ^SSL_.*$, ^.*_NULL_.*$, ^.*_anon_.*$]  [^.*_(MD5|SHA|SHA1)$, ^TLS_RSA_.*$, ^SSL_.*$, ^.*_NULL_.*$, ^.*_anon_.*$]  Setting this config property overwrites Jetty's default excluded cipher suites
2026-01-22T18:23:08.364Z	INFO	main	io.trino.bootstrap.engine	exchange.http-client.https.included-cipher                                              []                                                                         []
2026-01-22T18:23:08.364Z	INFO	main	io.trino.bootstrap.engine	exchange.http-client.idle-timeout                                                       30.00s                                                                     30.00s
2026-01-22T18:23:08.364Z	INFO	main	io.trino.bootstrap.engine	exchange.http-client.key-store-password                                                 [REDACTED]                                                                 [REDACTED]
2026-01-22T18:23:08.364Z	INFO	main	io.trino.bootstrap.engine	exchange.http-client.key-store-path                                                     ----                                                                       ----
2026-01-22T18:23:08.364Z	INFO	main	io.trino.bootstrap.engine	exchange.http-client.log.buffer-size                                                    1MB                                                                        1MB
2026-01-22T18:23:08.364Z	INFO	main	io.trino.bootstrap.engine	exchange.http-client.log.compression.enabled                                            true                                                                       true
2026-01-22T18:23:08.364Z	INFO	main	io.trino.bootstrap.engine	exchange.http-client.log.enabled                                                        false                                                                      false
2026-01-22T18:23:08.364Z	INFO	main	io.trino.bootstrap.engine	exchange.http-client.log.flush-interval                                                 10.00s                                                                     10.00s
2026-01-22T18:23:08.364Z	INFO	main	io.trino.bootstrap.engine	exchange.http-client.log.max-history                                                    15                                                                         15
2026-01-22T18:23:08.364Z	INFO	main	io.trino.bootstrap.engine	exchange.http-client.log.max-size                                                       1GB                                                                        1GB
2026-01-22T18:23:08.364Z	INFO	main	io.trino.bootstrap.engine	exchange.http-client.log.path                                                           var/log/                                                                   var/log/                                                                   The name of the log file will be prefixed with the name of the HTTP client (<client_name>-http-client.log)
2026-01-22T18:23:08.364Z	INFO	main	io.trino.bootstrap.engine	exchange.http-client.log.queue-size                                                     10000                                                                      10000
2026-01-22T18:23:08.364Z	INFO	main	io.trino.bootstrap.engine	exchange.http-client.max-connections-per-server                                         250                                                                        250
2026-01-22T18:23:08.364Z	INFO	main	io.trino.bootstrap.engine	exchange.http-client.max-content-length                                                 32MB                                                                       32MB
2026-01-22T18:23:08.364Z	INFO	main	io.trino.bootstrap.engine	exchange.http-client.max-direct-memory                                                  ----                                                                       ----
2026-01-22T18:23:08.365Z	INFO	main	io.trino.bootstrap.engine	exchange.http-client.max-heap-memory                                                    ----                                                                       ----
2026-01-22T18:23:08.365Z	INFO	main	io.trino.bootstrap.engine	exchange.http-client.max-request-header-size                                            8kB                                                                        8kB
2026-01-22T18:23:08.365Z	INFO	main	io.trino.bootstrap.engine	exchange.http-client.max-requests-queued-per-destination                                65536                                                                      65536
2026-01-22T18:23:08.365Z	INFO	main	io.trino.bootstrap.engine	exchange.http-client.max-response-header-size                                           16kB                                                                       16kB
2026-01-22T18:23:08.365Z	INFO	main	io.trino.bootstrap.engine	exchange.http-client.max-threads                                                        200                                                                        200
2026-01-22T18:23:08.365Z	INFO	main	io.trino.bootstrap.engine	exchange.http-client.min-threads                                                        8                                                                          8
2026-01-22T18:23:08.365Z	INFO	main	io.trino.bootstrap.engine	exchange.http-client.record-request-complete                                            true                                                                       true
2026-01-22T18:23:08.365Z	INFO	main	io.trino.bootstrap.engine	exchange.http-client.request-buffer-size                                                4kB                                                                        4kB
2026-01-22T18:23:08.365Z	INFO	main	io.trino.bootstrap.engine	exchange.http-client.request-timeout                                                    10.00s                                                                     10.00s
2026-01-22T18:23:08.365Z	INFO	main	io.trino.bootstrap.engine	exchange.http-client.response-buffer-size                                               16kB                                                                       16kB
2026-01-22T18:23:08.365Z	INFO	main	io.trino.bootstrap.engine	exchange.http-client.http-proxy.secure                                                  false                                                                      false
2026-01-22T18:23:08.365Z	INFO	main	io.trino.bootstrap.engine	exchange.http-client.secure-random-algorithm                                            ----                                                                       ----
2026-01-22T18:23:08.365Z	INFO	main	io.trino.bootstrap.engine	exchange.http-client.selector-count                                                     2                                                                          2
2026-01-22T18:23:08.365Z	INFO	main	io.trino.bootstrap.engine	exchange.http-client.socks-proxy                                                        ----                                                                       ----
2026-01-22T18:23:08.365Z	INFO	main	io.trino.bootstrap.engine	exchange.http-client.tcp-keep-alive-idle-time                                           ----                                                                       ----
2026-01-22T18:23:08.365Z	INFO	main	io.trino.bootstrap.engine	exchange.http-client.timeout-concurrency                                                1                                                                          1                                                                          Number of concurrent locks for timeout
2026-01-22T18:23:08.365Z	INFO	main	io.trino.bootstrap.engine	exchange.http-client.timeout-threads                                                    1                                                                          1                                                                          Total number of timeout threads
2026-01-22T18:23:08.365Z	INFO	main	io.trino.bootstrap.engine	exchange.http-client.trust-store-password                                               [REDACTED]                                                                 [REDACTED]
2026-01-22T18:23:08.365Z	INFO	main	io.trino.bootstrap.engine	exchange.http-client.trust-store-path                                                   ----                                                                       ----
2026-01-22T18:23:08.365Z	INFO	main	io.trino.bootstrap.engine	exchange.http-client.https.hostname-verification                                        true                                                                       true                                                                       Verify that server hostname matches the server certificate
2026-01-22T18:23:08.365Z	INFO	main	io.trino.bootstrap.engine	scheduler.http-client.https.automatic-shared-secret                                     [REDACTED]                                                                 [REDACTED]
2026-01-22T18:23:08.365Z	INFO	main	io.trino.bootstrap.engine	scheduler.http-client.use-blocking-connect                                              false                                                                      false
2026-01-22T18:23:08.365Z	INFO	main	io.trino.bootstrap.engine	scheduler.http-client.connect-timeout                                                   5.00s                                                                      5.00s
2026-01-22T18:23:08.365Z	INFO	main	io.trino.bootstrap.engine	scheduler.http-client.destination-idle-timeout                                          1.00m                                                                      1.00m
2026-01-22T18:23:08.365Z	INFO	main	io.trino.bootstrap.engine	scheduler.http-client.http2.enabled                                                     false                                                                      false                                                                      Enable the HTTP/2 transport
2026-01-22T18:23:08.365Z	INFO	main	io.trino.bootstrap.engine	scheduler.http-client.http2.session-receive-window-size                                 16MB                                                                       16MB                                                                       Initial size of session's flow control receive window for HTTP/2
2026-01-22T18:23:08.365Z	INFO	main	io.trino.bootstrap.engine	scheduler.http-client.http2.stream-receive-window-size                                  16MB                                                                       16MB                                                                       Initial size of stream's flow control receive window for HTTP/2
2026-01-22T18:23:08.365Z	INFO	main	io.trino.bootstrap.engine	scheduler.http-client.http2.input-buffer-size                                           8kB                                                                        8kB                                                                        Size of the buffer used to read from the network for HTTP/2
2026-01-22T18:23:08.365Z	INFO	main	io.trino.bootstrap.engine	scheduler.http-client.http-proxy                                                        ----                                                                       ----
2026-01-22T18:23:08.365Z	INFO	main	io.trino.bootstrap.engine	scheduler.http-client.http-proxy.password                                               [REDACTED]                                                                 [REDACTED]
2026-01-22T18:23:08.365Z	INFO	main	io.trino.bootstrap.engine	scheduler.http-client.http-proxy.user                                                   ----                                                                       ----
2026-01-22T18:23:08.365Z	INFO	main	io.trino.bootstrap.engine	scheduler.http-client.https.excluded-cipher                                             [^.*_(MD5|SHA|SHA1)$, ^TLS_RSA_.*$, ^SSL_.*$, ^.*_NULL_.*$, ^.*_anon_.*$]  [^.*_(MD5|SHA|SHA1)$, ^TLS_RSA_.*$, ^SSL_.*$, ^.*_NULL_.*$, ^.*_anon_.*$]  Setting this config property overwrites Jetty's default excluded cipher suites
2026-01-22T18:23:08.365Z	INFO	main	io.trino.bootstrap.engine	scheduler.http-client.https.included-cipher                                             []                                                                         []
2026-01-22T18:23:08.365Z	INFO	main	io.trino.bootstrap.engine	scheduler.http-client.idle-timeout                                                      60.00s                                                                     60.00s
2026-01-22T18:23:08.365Z	INFO	main	io.trino.bootstrap.engine	scheduler.http-client.key-store-password                                                [REDACTED]                                                                 [REDACTED]
2026-01-22T18:23:08.365Z	INFO	main	io.trino.bootstrap.engine	scheduler.http-client.key-store-path                                                    ----                                                                       ----
2026-01-22T18:23:08.365Z	INFO	main	io.trino.bootstrap.engine	scheduler.http-client.log.buffer-size                                                   1MB                                                                        1MB
2026-01-22T18:23:08.365Z	INFO	main	io.trino.bootstrap.engine	scheduler.http-client.log.compression.enabled                                           true                                                                       true
2026-01-22T18:23:08.365Z	INFO	main	io.trino.bootstrap.engine	scheduler.http-client.log.enabled                                                       false                                                                      false
2026-01-22T18:23:08.365Z	INFO	main	io.trino.bootstrap.engine	scheduler.http-client.log.flush-interval                                                10.00s                                                                     10.00s
2026-01-22T18:23:08.366Z	INFO	main	io.trino.bootstrap.engine	scheduler.http-client.log.max-history                                                   15                                                                         15
2026-01-22T18:23:08.366Z	INFO	main	io.trino.bootstrap.engine	scheduler.http-client.log.max-size                                                      1GB                                                                        1GB
2026-01-22T18:23:08.366Z	INFO	main	io.trino.bootstrap.engine	scheduler.http-client.log.path                                                          var/log/                                                                   var/log/                                                                   The name of the log file will be prefixed with the name of the HTTP client (<client_name>-http-client.log)
2026-01-22T18:23:08.366Z	INFO	main	io.trino.bootstrap.engine	scheduler.http-client.log.queue-size                                                    10000                                                                      10000
2026-01-22T18:23:08.366Z	INFO	main	io.trino.bootstrap.engine	scheduler.http-client.max-connections-per-server                                        250                                                                        250
2026-01-22T18:23:08.366Z	INFO	main	io.trino.bootstrap.engine	scheduler.http-client.max-content-length                                                16MB                                                                       16MB
2026-01-22T18:23:08.366Z	INFO	main	io.trino.bootstrap.engine	scheduler.http-client.max-direct-memory                                                 ----                                                                       ----
2026-01-22T18:23:08.366Z	INFO	main	io.trino.bootstrap.engine	scheduler.http-client.max-heap-memory                                                   ----                                                                       ----
2026-01-22T18:23:08.366Z	INFO	main	io.trino.bootstrap.engine	scheduler.http-client.max-request-header-size                                           8kB                                                                        8kB
2026-01-22T18:23:08.366Z	INFO	main	io.trino.bootstrap.engine	scheduler.http-client.max-requests-queued-per-destination                               1024                                                                       1024
2026-01-22T18:23:08.366Z	INFO	main	io.trino.bootstrap.engine	scheduler.http-client.max-response-header-size                                          16kB                                                                       16kB
2026-01-22T18:23:08.366Z	INFO	main	io.trino.bootstrap.engine	scheduler.http-client.max-threads                                                       200                                                                        200
2026-01-22T18:23:08.366Z	INFO	main	io.trino.bootstrap.engine	scheduler.http-client.min-threads                                                       8                                                                          8
2026-01-22T18:23:08.366Z	INFO	main	io.trino.bootstrap.engine	scheduler.http-client.record-request-complete                                           true                                                                       true
2026-01-22T18:23:08.366Z	INFO	main	io.trino.bootstrap.engine	scheduler.http-client.request-buffer-size                                               4kB                                                                        4kB
2026-01-22T18:23:08.366Z	INFO	main	io.trino.bootstrap.engine	scheduler.http-client.request-timeout                                                   20.00s                                                                     20.00s
2026-01-22T18:23:08.366Z	INFO	main	io.trino.bootstrap.engine	scheduler.http-client.response-buffer-size                                              16kB                                                                       16kB
2026-01-22T18:23:08.366Z	INFO	main	io.trino.bootstrap.engine	scheduler.http-client.http-proxy.secure                                                 false                                                                      false
2026-01-22T18:23:08.366Z	INFO	main	io.trino.bootstrap.engine	scheduler.http-client.secure-random-algorithm                                           ----                                                                       ----
2026-01-22T18:23:08.366Z	INFO	main	io.trino.bootstrap.engine	scheduler.http-client.selector-count                                                    2                                                                          2
2026-01-22T18:23:08.366Z	INFO	main	io.trino.bootstrap.engine	scheduler.http-client.socks-proxy                                                       ----                                                                       ----
2026-01-22T18:23:08.366Z	INFO	main	io.trino.bootstrap.engine	scheduler.http-client.tcp-keep-alive-idle-time                                          ----                                                                       ----
2026-01-22T18:23:08.366Z	INFO	main	io.trino.bootstrap.engine	scheduler.http-client.timeout-concurrency                                               1                                                                          1                                                                          Number of concurrent locks for timeout
2026-01-22T18:23:08.366Z	INFO	main	io.trino.bootstrap.engine	scheduler.http-client.timeout-threads                                                   1                                                                          1                                                                          Total number of timeout threads
2026-01-22T18:23:08.366Z	INFO	main	io.trino.bootstrap.engine	scheduler.http-client.trust-store-password                                              [REDACTED]                                                                 [REDACTED]
2026-01-22T18:23:08.366Z	INFO	main	io.trino.bootstrap.engine	scheduler.http-client.trust-store-path                                                  ----                                                                       ----
2026-01-22T18:23:08.366Z	INFO	main	io.trino.bootstrap.engine	scheduler.http-client.https.hostname-verification                                       true                                                                       true                                                                       Verify that server hostname matches the server certificate
2026-01-22T18:23:08.366Z	INFO	main	io.trino.bootstrap.engine	worker-info.http-client.https.automatic-shared-secret                                   [REDACTED]                                                                 [REDACTED]
2026-01-22T18:23:08.366Z	INFO	main	io.trino.bootstrap.engine	worker-info.http-client.use-blocking-connect                                            false                                                                      false
2026-01-22T18:23:08.367Z	INFO	main	io.trino.bootstrap.engine	worker-info.http-client.connect-timeout                                                 5.00s                                                                      5.00s
2026-01-22T18:23:08.367Z	INFO	main	io.trino.bootstrap.engine	worker-info.http-client.destination-idle-timeout                                        1.00m                                                                      1.00m
2026-01-22T18:23:08.367Z	INFO	main	io.trino.bootstrap.engine	worker-info.http-client.http2.enabled                                                   false                                                                      false                                                                      Enable the HTTP/2 transport
2026-01-22T18:23:08.367Z	INFO	main	io.trino.bootstrap.engine	worker-info.http-client.http2.session-receive-window-size                               16MB                                                                       16MB                                                                       Initial size of session's flow control receive window for HTTP/2
2026-01-22T18:23:08.367Z	INFO	main	io.trino.bootstrap.engine	worker-info.http-client.http2.stream-receive-window-size                                16MB                                                                       16MB                                                                       Initial size of stream's flow control receive window for HTTP/2
2026-01-22T18:23:08.367Z	INFO	main	io.trino.bootstrap.engine	worker-info.http-client.http2.input-buffer-size                                         8kB                                                                        8kB                                                                        Size of the buffer used to read from the network for HTTP/2
2026-01-22T18:23:08.367Z	INFO	main	io.trino.bootstrap.engine	worker-info.http-client.http-proxy                                                      ----                                                                       ----
2026-01-22T18:23:08.367Z	INFO	main	io.trino.bootstrap.engine	worker-info.http-client.http-proxy.password                                             [REDACTED]                                                                 [REDACTED]
2026-01-22T18:23:08.368Z	INFO	main	io.trino.bootstrap.engine	worker-info.http-client.http-proxy.user                                                 ----                                                                       ----
2026-01-22T18:23:08.368Z	INFO	main	io.trino.bootstrap.engine	worker-info.http-client.https.excluded-cipher                                           [^.*_(MD5|SHA|SHA1)$, ^TLS_RSA_.*$, ^SSL_.*$, ^.*_NULL_.*$, ^.*_anon_.*$]  [^.*_(MD5|SHA|SHA1)$, ^TLS_RSA_.*$, ^SSL_.*$, ^.*_NULL_.*$, ^.*_anon_.*$]  Setting this config property overwrites Jetty's default excluded cipher suites
2026-01-22T18:23:08.368Z	INFO	main	io.trino.bootstrap.engine	worker-info.http-client.https.included-cipher                                           []                                                                         []
2026-01-22T18:23:08.369Z	INFO	main	io.trino.bootstrap.engine	worker-info.http-client.idle-timeout                                                    1.00m                                                                      1.00m
2026-01-22T18:23:08.369Z	INFO	main	io.trino.bootstrap.engine	worker-info.http-client.key-store-password                                              [REDACTED]                                                                 [REDACTED]
2026-01-22T18:23:08.369Z	INFO	main	io.trino.bootstrap.engine	worker-info.http-client.key-store-path                                                  ----                                                                       ----
2026-01-22T18:23:08.369Z	INFO	main	io.trino.bootstrap.engine	worker-info.http-client.log.buffer-size                                                 1MB                                                                        1MB
2026-01-22T18:23:08.369Z	INFO	main	io.trino.bootstrap.engine	worker-info.http-client.log.compression.enabled                                         true                                                                       true
2026-01-22T18:23:08.369Z	INFO	main	io.trino.bootstrap.engine	worker-info.http-client.log.enabled                                                     false                                                                      false
2026-01-22T18:23:08.369Z	INFO	main	io.trino.bootstrap.engine	worker-info.http-client.log.flush-interval                                              10.00s                                                                     10.00s
2026-01-22T18:23:08.369Z	INFO	main	io.trino.bootstrap.engine	worker-info.http-client.log.max-history                                                 15                                                                         15
2026-01-22T18:23:08.369Z	INFO	main	io.trino.bootstrap.engine	worker-info.http-client.log.max-size                                                    1GB                                                                        1GB
2026-01-22T18:23:08.369Z	INFO	main	io.trino.bootstrap.engine	worker-info.http-client.log.path                                                        var/log/                                                                   var/log/                                                                   The name of the log file will be prefixed with the name of the HTTP client (<client_name>-http-client.log)
2026-01-22T18:23:08.369Z	INFO	main	io.trino.bootstrap.engine	worker-info.http-client.log.queue-size                                                  10000                                                                      10000
2026-01-22T18:23:08.369Z	INFO	main	io.trino.bootstrap.engine	worker-info.http-client.max-connections-per-server                                      20                                                                         20
2026-01-22T18:23:08.369Z	INFO	main	io.trino.bootstrap.engine	worker-info.http-client.max-content-length                                              16MB                                                                       16MB
2026-01-22T18:23:08.369Z	INFO	main	io.trino.bootstrap.engine	worker-info.http-client.max-direct-memory                                               ----                                                                       ----
2026-01-22T18:23:08.369Z	INFO	main	io.trino.bootstrap.engine	worker-info.http-client.max-heap-memory                                                 ----                                                                       ----
2026-01-22T18:23:08.369Z	INFO	main	io.trino.bootstrap.engine	worker-info.http-client.max-request-header-size                                         8kB                                                                        8kB
2026-01-22T18:23:08.369Z	INFO	main	io.trino.bootstrap.engine	worker-info.http-client.max-requests-queued-per-destination                             1024                                                                       1024
2026-01-22T18:23:08.369Z	INFO	main	io.trino.bootstrap.engine	worker-info.http-client.max-response-header-size                                        16kB                                                                       16kB
2026-01-22T18:23:08.369Z	INFO	main	io.trino.bootstrap.engine	worker-info.http-client.max-threads                                                     200                                                                        200
2026-01-22T18:23:08.369Z	INFO	main	io.trino.bootstrap.engine	worker-info.http-client.min-threads                                                     8                                                                          8
2026-01-22T18:23:08.369Z	INFO	main	io.trino.bootstrap.engine	worker-info.http-client.record-request-complete                                         true                                                                       true
2026-01-22T18:23:08.369Z	INFO	main	io.trino.bootstrap.engine	worker-info.http-client.request-buffer-size                                             4kB                                                                        4kB
2026-01-22T18:23:08.369Z	INFO	main	io.trino.bootstrap.engine	worker-info.http-client.request-timeout                                                 5.00m                                                                      5.00m
2026-01-22T18:23:08.369Z	INFO	main	io.trino.bootstrap.engine	worker-info.http-client.response-buffer-size                                            16kB                                                                       16kB
2026-01-22T18:23:08.370Z	INFO	main	io.trino.bootstrap.engine	worker-info.http-client.http-proxy.secure                                               false                                                                      false
2026-01-22T18:23:08.370Z	INFO	main	io.trino.bootstrap.engine	worker-info.http-client.secure-random-algorithm                                         ----                                                                       ----
2026-01-22T18:23:08.370Z	INFO	main	io.trino.bootstrap.engine	worker-info.http-client.selector-count                                                  2                                                                          2
2026-01-22T18:23:08.370Z	INFO	main	io.trino.bootstrap.engine	worker-info.http-client.socks-proxy                                                     ----                                                                       ----
2026-01-22T18:23:08.370Z	INFO	main	io.trino.bootstrap.engine	worker-info.http-client.tcp-keep-alive-idle-time                                        ----                                                                       ----
2026-01-22T18:23:08.370Z	INFO	main	io.trino.bootstrap.engine	worker-info.http-client.timeout-concurrency                                             1                                                                          1                                                                          Number of concurrent locks for timeout
2026-01-22T18:23:08.370Z	INFO	main	io.trino.bootstrap.engine	worker-info.http-client.timeout-threads                                                 1                                                                          1                                                                          Total number of timeout threads
2026-01-22T18:23:08.370Z	INFO	main	io.trino.bootstrap.engine	worker-info.http-client.trust-store-password                                            [REDACTED]                                                                 [REDACTED]
2026-01-22T18:23:08.370Z	INFO	main	io.trino.bootstrap.engine	worker-info.http-client.trust-store-path                                                ----                                                                       ----
2026-01-22T18:23:08.370Z	INFO	main	io.trino.bootstrap.engine	worker-info.http-client.https.hostname-verification                                     true                                                                       true                                                                       Verify that server hostname matches the server certificate
2026-01-22T18:23:08.370Z	INFO	main	io.trino.bootstrap.engine	http-server.compression.enabled                                                         true                                                                       true
2026-01-22T18:23:08.370Z	INFO	main	io.trino.bootstrap.engine	http-server.http2.session-receive-window-size                                           16MB                                                                       16MB                                                                       Initial size of session's flow control receive window for HTTP/2
2026-01-22T18:23:08.370Z	INFO	main	io.trino.bootstrap.engine	http-server.http2.stream-receive-window-size                                            16MB                                                                       16MB                                                                       Initial size of stream's flow control receive window for HTTP/2
2026-01-22T18:23:08.370Z	INFO	main	io.trino.bootstrap.engine	http-server.http2.input-buffer-size                                                     8kB                                                                        8kB                                                                        Size of the buffer used to read from the network for HTTP/2
2026-01-22T18:23:08.370Z	INFO	main	io.trino.bootstrap.engine	http-server.http2.max-concurrent-streams                                                32768                                                                      32768                                                                      Maximum concurrent streams per connection for HTTP/2
2026-01-22T18:23:08.370Z	INFO	main	io.trino.bootstrap.engine	http-server.http2.stream-idle-timeout                                                   15.00s                                                                     15.00s
2026-01-22T18:23:08.370Z	INFO	main	io.trino.bootstrap.engine	http-server.accept-queue-size                                                           8000                                                                       8000
2026-01-22T18:23:08.370Z	INFO	main	io.trino.bootstrap.engine	http-server.http.acceptor-threads                                                       ----                                                                       ----
2026-01-22T18:23:08.370Z	INFO	main	io.trino.bootstrap.engine	http-server.http.enabled                                                                true                                                                       true
2026-01-22T18:23:08.370Z	INFO	main	io.trino.bootstrap.engine	http-server.http.port                                                                   8080                                                                       8080
2026-01-22T18:23:08.370Z	INFO	main	io.trino.bootstrap.engine	http-server.http.selector-threads                                                       ----                                                                       ----
2026-01-22T18:23:08.370Z	INFO	main	io.trino.bootstrap.engine	http-server.https.acceptor-threads                                                      ----                                                                       ----
2026-01-22T18:23:08.370Z	INFO	main	io.trino.bootstrap.engine	http-server.https.enabled                                                               false                                                                      false
2026-01-22T18:23:08.370Z	INFO	main	io.trino.bootstrap.engine	http-server.https.selector-threads                                                      ----                                                                       ----
2026-01-22T18:23:08.370Z	INFO	main	io.trino.bootstrap.engine	http-server.log.compression.enabled                                                     true                                                                       true
2026-01-22T18:23:08.370Z	INFO	main	io.trino.bootstrap.engine	http-server.log.enabled                                                                 true                                                                       true
2026-01-22T18:23:08.370Z	INFO	main	io.trino.bootstrap.engine	http-server.log.max-history                                                             15                                                                         15
2026-01-22T18:23:08.370Z	INFO	main	io.trino.bootstrap.engine	http-server.log.immediate-flush                                                         false                                                                      false
2026-01-22T18:23:08.370Z	INFO	main	io.trino.bootstrap.engine	http-server.log.max-size                                                                100MB                                                                      100MB
2026-01-22T18:23:08.370Z	INFO	main	io.trino.bootstrap.engine	http-server.log.path                                                                    var/log/http-request.log                                                   var/log/http-request.log
2026-01-22T18:23:08.370Z	INFO	main	io.trino.bootstrap.engine	http-server.log.queue-size                                                              10000                                                                      10000
2026-01-22T18:23:08.370Z	INFO	main	io.trino.bootstrap.engine	http-server.max-request-header-size                                                     2MB                                                                        2MB
2026-01-22T18:23:08.370Z	INFO	main	io.trino.bootstrap.engine	http-server.max-response-header-size                                                    2MB                                                                        2MB
2026-01-22T18:23:08.370Z	INFO	main	io.trino.bootstrap.engine	http-server.threads.max                                                                 200                                                                        200
2026-01-22T18:23:08.370Z	INFO	main	io.trino.bootstrap.engine	http-server.threads.min                                                                 2                                                                          2
2026-01-22T18:23:08.370Z	INFO	main	io.trino.bootstrap.engine	http-server.net.max-idle-time                                                           200.00s                                                                    200.00s
2026-01-22T18:23:08.370Z	INFO	main	io.trino.bootstrap.engine	http-server.notify-remote-async-errors                                                  false                                                                      false                                                                      Should remote exceptions be passed to AsyncContext
2026-01-22T18:23:08.370Z	INFO	main	io.trino.bootstrap.engine	http-server.output-buffer-size                                                          ----                                                                       ----
2026-01-22T18:23:08.370Z	INFO	main	io.trino.bootstrap.engine	http-server.process-forwarded                                                           REJECT                                                                     REJECT                                                                     Process Forwarded and X-Forwarded headers (for proxied environments)
2026-01-22T18:23:08.370Z	INFO	main	io.trino.bootstrap.engine	http-server.show-stack-trace                                                            true                                                                       true                                                                       Show the stack trace when generating an error response
2026-01-22T18:23:08.370Z	INFO	main	io.trino.bootstrap.engine	http-server.stop-timeout                                                                0.00s                                                                      0.00s                                                                      Maximum time to wait for active requests to complete during graceful shutdown
2026-01-22T18:23:08.370Z	INFO	main	io.trino.bootstrap.engine	http-server.threads.max-idle-time                                                       1.00m                                                                      1.00m
2026-01-22T18:23:08.370Z	INFO	main	io.trino.bootstrap.engine	jmx.rmiregistry.port                                                                    ----                                                                       ----
2026-01-22T18:23:08.370Z	INFO	main	io.trino.bootstrap.engine	jmx.rmiserver.port                                                                      ----                                                                       ----
2026-01-22T18:23:08.370Z	INFO	main	io.trino.bootstrap.engine	node.annotation-file                                                                    ----                                                                       ----
2026-01-22T18:23:08.370Z	INFO	main	io.trino.bootstrap.engine	node.annotations                                                                        ----                                                                       ----
2026-01-22T18:23:08.370Z	INFO	main	io.trino.bootstrap.engine	node.binary-spec                                                                        ----                                                                       ----
2026-01-22T18:23:08.370Z	INFO	main	io.trino.bootstrap.engine	node.config-spec                                                                        ----                                                                       ----
2026-01-22T18:23:08.370Z	INFO	main	io.trino.bootstrap.engine	node.environment                                                                        ----                                                                       docker
2026-01-22T18:23:08.370Z	INFO	main	io.trino.bootstrap.engine	node.internal-address-source                                                            IP                                                                         IP
2026-01-22T18:23:08.370Z	INFO	main	io.trino.bootstrap.engine	node.location                                                                           ----                                                                       ----
2026-01-22T18:23:08.370Z	INFO	main	io.trino.bootstrap.engine	node.bind-ip                                                                            ----                                                                       ----
2026-01-22T18:23:08.370Z	INFO	main	io.trino.bootstrap.engine	node.external-address                                                                   ----                                                                       ----
2026-01-22T18:23:08.370Z	INFO	main	io.trino.bootstrap.engine	node.id                                                                                 ----                                                                       bbff8e9c396c
2026-01-22T18:23:08.370Z	INFO	main	io.trino.bootstrap.engine	node.internal-address                                                                   ----                                                                       ----
2026-01-22T18:23:08.370Z	INFO	main	io.trino.bootstrap.engine	node.pool                                                                               general                                                                    general
2026-01-22T18:23:08.370Z	INFO	main	io.trino.bootstrap.engine	node.prefer-ipv6-address                                                                false                                                                      false
2026-01-22T18:23:08.370Z	INFO	main	io.trino.bootstrap.engine	openmetrics.jmx-object-names                                                            []                                                                         []                                                                         JMX object names to include when retrieving all metrics, separated by '|'
2026-01-22T18:23:08.370Z	INFO	main	io.trino.bootstrap.engine	otel.tracing.sampling-ratio                                                             1.0                                                                        1.0
2026-01-22T18:23:08.370Z	INFO	main	io.trino.bootstrap.engine	tracing.enabled                                                                         false                                                                      false
2026-01-22T18:23:08.370Z	INFO	main	io.trino.bootstrap.engine	aggregation-operator-unspill-memory-limit                                               4MB                                                                        4MB
2026-01-22T18:23:08.370Z	INFO	main	io.trino.bootstrap.engine	experimental.columnar-filter-evaluation.enabled                                         true                                                                       true                                                                       Enables columnar evaluation of filters
2026-01-22T18:23:08.370Z	INFO	main	io.trino.bootstrap.engine	exchange.compression-codec                                                              NONE                                                                       NONE                                                                       Compression codec used for data in exchanges
2026-01-22T18:23:08.370Z	INFO	main	io.trino.bootstrap.engine	exchange.data-integrity-verification                                                    ABORT                                                                      ABORT
2026-01-22T18:23:08.370Z	INFO	main	io.trino.bootstrap.engine	exchange.experimental.vectorized-serde.enabled                                          true                                                                       true                                                                       Enable using Java Vector API for faster serialization and deserialization of exchange data
2026-01-22T18:23:08.370Z	INFO	main	io.trino.bootstrap.engine	fault-tolerant-execution-exchange-encryption-enabled                                    true                                                                       true
2026-01-22T18:23:08.370Z	INFO	main	io.trino.bootstrap.engine	filter-and-project-min-output-page-row-count                                            256                                                                        256
2026-01-22T18:23:08.370Z	INFO	main	io.trino.bootstrap.engine	filter-and-project-min-output-page-size                                                 500kB                                                                      500kB
2026-01-22T18:23:08.370Z	INFO	main	io.trino.bootstrap.engine	force-spilling-join-operator                                                            false                                                                      false                                                                      Force spilling join operator in favour of the non-spilling one even when there is no spill
2026-01-22T18:23:08.370Z	INFO	main	io.trino.bootstrap.engine	hide-inaccessible-columns                                                               false                                                                      false                                                                      When enabled non-accessible columns are silently filtered from results from SELECT * statements
2026-01-22T18:23:08.370Z	INFO	main	io.trino.bootstrap.engine	incremental-hash-array-load-factor.enabled                                              true                                                                       true                                                                       Use smaller load factor for small hash arrays in order to improve performance
2026-01-22T18:23:08.370Z	INFO	main	io.trino.bootstrap.engine	deprecated.legacy-arithmetic-decimal-operators                                          false                                                                      false
2026-01-22T18:23:08.370Z	INFO	main	io.trino.bootstrap.engine	deprecated.legacy-catalog-roles                                                         false                                                                      false                                                                      Enable legacy role management syntax that assumed all roles are catalog scoped
2026-01-22T18:23:08.370Z	INFO	main	io.trino.bootstrap.engine	analyzer.max-grouping-sets                                                              2048                                                                       2048
2026-01-22T18:23:08.370Z	INFO	main	io.trino.bootstrap.engine	max-memory-per-partition-writer                                                         256MB                                                                      256MB                                                                      Estimated maximum memory required per partition writer in a single thread
2026-01-22T18:23:08.370Z	INFO	main	io.trino.bootstrap.engine	max-recursion-depth                                                                     10                                                                         10                                                                         Maximum recursion depth for recursive common table expression
2026-01-22T18:23:08.370Z	INFO	main	io.trino.bootstrap.engine	memory-revoking-target                                                                  0.5                                                                        0.5                                                                        When revoking memory, try to revoke so much that pool is filled below target at the end
2026-01-22T18:23:08.370Z	INFO	main	io.trino.bootstrap.engine	memory-revoking-threshold                                                               0.9                                                                        0.9                                                                        Revoke memory when memory pool is filled over threshold
2026-01-22T18:23:08.370Z	INFO	main	io.trino.bootstrap.engine	pages-index.eager-compaction-enabled                                                    false                                                                      false
2026-01-22T18:23:08.370Z	INFO	main	io.trino.bootstrap.engine	re2j.dfa-retries                                                                        5                                                                          5
2026-01-22T18:23:08.370Z	INFO	main	io.trino.bootstrap.engine	re2j.dfa-states-limit                                                                   2147483647                                                                 2147483647
2026-01-22T18:23:08.370Z	INFO	main	io.trino.bootstrap.engine	redistribute-writes                                                                     true                                                                       true
2026-01-22T18:23:08.370Z	INFO	main	io.trino.bootstrap.engine	deprecated.regex-library                                                                JONI                                                                       JONI
2026-01-22T18:23:08.370Z	INFO	main	io.trino.bootstrap.engine	scale-writers                                                                           true                                                                       true
2026-01-22T18:23:08.370Z	INFO	main	io.trino.bootstrap.engine	spill-enabled                                                                           false                                                                      false
2026-01-22T18:23:08.370Z	INFO	main	io.trino.bootstrap.engine	spiller-max-used-space-threshold                                                        0.9                                                                        0.9
2026-01-22T18:23:08.370Z	INFO	main	io.trino.bootstrap.engine	spiller-spill-path                                                                      []                                                                         []
2026-01-22T18:23:08.370Z	INFO	main	io.trino.bootstrap.engine	spiller-threads                                                                         4                                                                          4
2026-01-22T18:23:08.370Z	INFO	main	io.trino.bootstrap.engine	writer-scaling-min-data-processed                                                       120MB                                                                      120MB                                                                      Minimum amount of uncompressed output data processed by writers before writer scaling can happen
2026-01-22T18:23:08.370Z	INFO	main	io.trino.bootstrap.engine	catalog.management                                                                      STATIC                                                                     STATIC
2026-01-22T18:23:08.370Z	INFO	main	io.trino.bootstrap.engine	catalog.config-dir                                                                      etc/catalog                                                                etc/catalog
2026-01-22T18:23:08.370Z	INFO	main	io.trino.bootstrap.engine	catalog.disabled-catalogs                                                               []                                                                         []
2026-01-22T18:23:08.370Z	INFO	main	io.trino.bootstrap.engine	event.max-output-stage-size                                                             16MB                                                                       16MB
2026-01-22T18:23:08.370Z	INFO	main	io.trino.bootstrap.engine	event-listener.config-files                                                             []                                                                         []
2026-01-22T18:23:08.370Z	INFO	main	io.trino.bootstrap.engine	exchange-manager.config-file                                                            ----                                                                       ----
2026-01-22T18:23:08.370Z	INFO	main	io.trino.bootstrap.engine	dynamic-row-filtering.selectivity-threshold                                             0.7                                                                        0.7                                                                        Avoid using dynamic row filters when fraction of rows selected is above threshold
2026-01-22T18:23:08.370Z	INFO	main	io.trino.bootstrap.engine	enable-dynamic-filtering                                                                true                                                                       true
2026-01-22T18:23:08.370Z	INFO	main	io.trino.bootstrap.engine	enable-dynamic-row-filtering                                                            true                                                                       true                                                                       Enable fine-grained filtering of rows in the scan operator using dynamic filters
2026-01-22T18:23:08.370Z	INFO	main	io.trino.bootstrap.engine	enable-large-dynamic-filters                                                            true                                                                       true
2026-01-22T18:23:08.370Z	INFO	main	io.trino.bootstrap.engine	dynamic-filtering.large.max-distinct-values-per-driver                                  50000                                                                      50000
2026-01-22T18:23:08.370Z	INFO	main	io.trino.bootstrap.engine	dynamic-filtering.large.max-size-per-driver                                             4MB                                                                        4MB
2026-01-22T18:23:08.370Z	INFO	main	io.trino.bootstrap.engine	dynamic-filtering.large.max-size-per-filter                                             10MB                                                                       10MB
2026-01-22T18:23:08.370Z	INFO	main	io.trino.bootstrap.engine	dynamic-filtering.large.max-size-per-operator                                           5MB                                                                        5MB
2026-01-22T18:23:08.370Z	INFO	main	io.trino.bootstrap.engine	dynamic-filtering.large-partitioned.max-distinct-values-per-driver                      20000                                                                      20000
2026-01-22T18:23:08.370Z	INFO	main	io.trino.bootstrap.engine	dynamic-filtering.large-partitioned.max-size-per-driver                                 200kB                                                                      200kB
2026-01-22T18:23:08.370Z	INFO	main	io.trino.bootstrap.engine	dynamic-filtering.large-partitioned.max-size-per-operator                               5MB                                                                        5MB
2026-01-22T18:23:08.370Z	INFO	main	io.trino.bootstrap.engine	dynamic-filtering.large-partitioned.range-row-limit-per-driver                          30000                                                                      30000
2026-01-22T18:23:08.370Z	INFO	main	io.trino.bootstrap.engine	dynamic-filtering.large.range-row-limit-per-driver                                      100000                                                                     100000
2026-01-22T18:23:08.371Z	INFO	main	io.trino.bootstrap.engine	dynamic-filtering.small.max-distinct-values-per-driver                                  1000                                                                       1000
2026-01-22T18:23:08.371Z	INFO	main	io.trino.bootstrap.engine	dynamic-filtering.small.max-size-per-driver                                             100kB                                                                      100kB
2026-01-22T18:23:08.371Z	INFO	main	io.trino.bootstrap.engine	dynamic-filtering.small.max-size-per-filter                                             5MB                                                                        5MB
2026-01-22T18:23:08.371Z	INFO	main	io.trino.bootstrap.engine	dynamic-filtering.small.max-size-per-operator                                           1MB                                                                        1MB
2026-01-22T18:23:08.371Z	INFO	main	io.trino.bootstrap.engine	dynamic-filtering.small-partitioned.max-distinct-values-per-driver                      100                                                                        100
2026-01-22T18:23:08.371Z	INFO	main	io.trino.bootstrap.engine	dynamic-filtering.small-partitioned.max-size-per-driver                                 50kB                                                                       50kB
2026-01-22T18:23:08.371Z	INFO	main	io.trino.bootstrap.engine	dynamic-filtering.small-partitioned.max-size-per-operator                               500kB                                                                      500kB
2026-01-22T18:23:08.371Z	INFO	main	io.trino.bootstrap.engine	dynamic-filtering.small-partitioned.range-row-limit-per-driver                          500                                                                        500
2026-01-22T18:23:08.371Z	INFO	main	io.trino.bootstrap.engine	dynamic-filtering.small.range-row-limit-per-driver                                      2000                                                                       2000
2026-01-22T18:23:08.371Z	INFO	main	io.trino.bootstrap.engine	retry-policy.allowed                                                                    [TASK, QUERY, NONE]                                                        [TASK, QUERY, NONE]                                                        Retry policies that are allowed to be used
2026-01-22T18:23:08.371Z	INFO	main	io.trino.bootstrap.engine	query.client.timeout                                                                    5.00m                                                                      5.00m
2026-01-22T18:23:08.371Z	INFO	main	io.trino.bootstrap.engine	query.determine-partition-count-for-write-enabled                                       false                                                                      false                                                                      Determine the number of partitions based on amount of data read and processed by the query for write queries
2026-01-22T18:23:08.371Z	INFO	main	io.trino.bootstrap.engine	query.dispatcher-query-pool-size                                                        240                                                                        240
2026-01-22T18:23:08.371Z	INFO	main	io.trino.bootstrap.engine	query.remote-task.enable-adaptive-request-size                                          true                                                                       true
2026-01-22T18:23:08.371Z	INFO	main	io.trino.bootstrap.engine	fault-tolerant-execution-adaptive-join-reordering-enabled                               false                                                                      false                                                                      Reorder partitioned join based on run time stats in fault tolerant execution
2026-01-22T18:23:08.371Z	INFO	main	io.trino.bootstrap.engine	fault-tolerant-execution-adaptive-join-reordering-min-size-threshold                    5GB                                                                        5GB                                                                        The minimum size of the right side of join to consider reordering
2026-01-22T18:23:08.371Z	INFO	main	io.trino.bootstrap.engine	fault-tolerant-execution-adaptive-join-reordering-size-difference-ratio                 1.5                                                                        1.5                                                                        The ratio of difference in estimated size of right and left side of join to consider reordering
2026-01-22T18:23:08.371Z	INFO	main	io.trino.bootstrap.engine	fault-tolerant-execution-adaptive-query-planning-enabled                                true                                                                       true                                                                       Enable adaptive query planning for the fault tolerant execution
2026-01-22T18:23:08.371Z	INFO	main	io.trino.bootstrap.engine	fault-tolerant-execution-arbitrary-distribution-compute-task-target-size-growth-factor  1.26                                                                       1.26                                                                       Growth factor for adaptive sizing of non-writer tasks of arbitrary distribution for fault-tolerant execution
2026-01-22T18:23:08.371Z	INFO	main	io.trino.bootstrap.engine	fault-tolerant-execution-arbitrary-distribution-compute-task-target-size-growth-period  64                                                                         64                                                                         The number of tasks created for any given non-writer stage of arbitrary distribution before task size is increased
2026-01-22T18:23:08.371Z	INFO	main	io.trino.bootstrap.engine	fault-tolerant-execution-arbitrary-distribution-compute-task-target-size-max            50GB                                                                       50GB                                                                       Max target input size for non-writer task of arbitrary distribution of fault-tolerant execution
2026-01-22T18:23:08.371Z	INFO	main	io.trino.bootstrap.engine	fault-tolerant-execution-arbitrary-distribution-compute-task-target-size-min            512MB                                                                      512MB                                                                      Initial/min target input size for non-writer tasks of arbitrary distribution of fault-tolerant execution
2026-01-22T18:23:08.371Z	INFO	main	io.trino.bootstrap.engine	fault-tolerant-execution-arbitrary-distribution-write-task-target-size-growth-factor    1.26                                                                       1.26                                                                       Growth factor for adaptive sizing of writer tasks of arbitrary distribution for fault-tolerant execution
2026-01-22T18:23:08.371Z	INFO	main	io.trino.bootstrap.engine	fault-tolerant-execution-arbitrary-distribution-write-task-target-size-growth-period    64                                                                         64                                                                         The number of tasks created for any given writer stage of arbitrary distribution before task size is increased
2026-01-22T18:23:08.371Z	INFO	main	io.trino.bootstrap.engine	fault-tolerant-execution-arbitrary-distribution-write-task-target-size-max              50GB                                                                       50GB                                                                       Max target input size for writer tasks of arbitrary distribution of fault-tolerant execution
2026-01-22T18:23:08.371Z	INFO	main	io.trino.bootstrap.engine	fault-tolerant-execution-arbitrary-distribution-write-task-target-size-min              4GB                                                                        4GB                                                                        Initial/min target input size for writer tasks of arbitrary distribution of fault-tolerant execution
2026-01-22T18:23:08.371Z	INFO	main	io.trino.bootstrap.engine	fault-tolerant-execution-hash-distribution-compute-task-target-size                     512MB                                                                      512MB                                                                      Target input size for non-writer tasks of hash distribution of fault-tolerant execution
2026-01-22T18:23:08.371Z	INFO	main	io.trino.bootstrap.engine	fault-tolerant-execution-hash-distribution-compute-task-to-node-min-ratio               2.0                                                                        2.0                                                                        Minimal ratio of tasks count vs cluster nodes count for hash distributed compute stage in fault-tolerant execution
2026-01-22T18:23:08.371Z	INFO	main	io.trino.bootstrap.engine	fault-tolerant-execution-hash-distribution-write-task-target-max-count                  2000                                                                       2000                                                                       Soft upper bound on number of writer tasks in a stage of hash distribution of fault-tolerant execution
2026-01-22T18:23:08.371Z	INFO	main	io.trino.bootstrap.engine	fault-tolerant-execution-hash-distribution-write-task-target-size                       4GB                                                                        4GB                                                                        Target input size of writer tasks of hash distribution of fault-tolerant execution
2026-01-22T18:23:08.371Z	INFO	main	io.trino.bootstrap.engine	fault-tolerant-execution-hash-distribution-write-task-to-node-min-ratio                 2.0                                                                        2.0                                                                        Minimal ratio of tasks count vs cluster nodes count for hash distributed writer stage in fault-tolerant execution
2026-01-22T18:23:08.371Z	INFO	main	io.trino.bootstrap.engine	fault-tolerant-execution-max-partition-count                                            50                                                                         50                                                                         Maximum number of partitions for distributed joins and aggregations executed with fault tolerant execution enabled
2026-01-22T18:23:08.371Z	INFO	main	io.trino.bootstrap.engine	fault-tolerant-execution-max-task-split-count                                           2048                                                                       2048                                                                       Maximal number of splits for a single fault tolerant task (count based)
2026-01-22T18:23:08.371Z	INFO	main	io.trino.bootstrap.engine	fault-tolerant-execution-min-partition-count                                            4                                                                          4                                                                          Minimum number of partitions for distributed joins and aggregations executed with fault tolerant execution enabled
2026-01-22T18:23:08.371Z	INFO	main	io.trino.bootstrap.engine	fault-tolerant-execution-min-partition-count-for-write                                  50                                                                         50                                                                         Minimum number of partitions for distributed joins and aggregations in write queries executed with fault tolerant execution enabled
2026-01-22T18:23:08.371Z	INFO	main	io.trino.bootstrap.engine	fault-tolerant-execution-min-source-stage-progress                                      0.2                                                                        0.2                                                                        Minimal progress of source stage to consider scheduling of parent stage
2026-01-22T18:23:08.371Z	INFO	main	io.trino.bootstrap.engine	fault-tolerant-execution-runtime-adaptive-partitioning-enabled                          false                                                                      false
2026-01-22T18:23:08.371Z	INFO	main	io.trino.bootstrap.engine	fault-tolerant-execution-runtime-adaptive-partitioning-max-task-size                    12GB                                                                       12GB                                                                       Max average task input size when deciding runtime adaptive partitioning
2026-01-22T18:23:08.371Z	INFO	main	io.trino.bootstrap.engine	fault-tolerant-execution-runtime-adaptive-partitioning-partition-count                  1000                                                                       1000                                                                       The partition count to use for runtime adaptive partitioning when enabled
2026-01-22T18:23:08.371Z	INFO	main	io.trino.bootstrap.engine	fault-tolerant-execution-small-stage-estimation-enabled                                 true                                                                       true                                                                       Enable small stage estimation heuristic, used for more aggresive speculative stage scheduling
2026-01-22T18:23:08.371Z	INFO	main	io.trino.bootstrap.engine	fault-tolerant-execution-small-stage-estimation-threshold                               20GB                                                                       20GB                                                                       Threshold until which stage is considered small
2026-01-22T18:23:08.371Z	INFO	main	io.trino.bootstrap.engine	fault-tolerant-execution-small-stage-require-no-more-partitions                         false                                                                      false                                                                      Is it required for all stage partitions (tasks) to be enumerated for stage to be used in heuristic to determine if parent stage is small
2026-01-22T18:23:08.371Z	INFO	main	io.trino.bootstrap.engine	fault-tolerant-execution-small-stage-source-size-multiplier                             1.2                                                                        1.2                                                                        Multiplier used for heuristic estimation is stage is small; the bigger the more conservative estimation is
2026-01-22T18:23:08.371Z	INFO	main	io.trino.bootstrap.engine	fault-tolerant-execution-stage-estimation-for-eager-parent-enabled                      true                                                                       true                                                                       Enable aggressive stage output size estimation heuristic for children of stages to be executed eagerly
2026-01-22T18:23:08.371Z	INFO	main	io.trino.bootstrap.engine	fault-tolerant-execution-standard-split-size                                            64MB                                                                       64MB                                                                       Standard split size for a single fault tolerant task (split weight aware)
2026-01-22T18:23:08.371Z	INFO	main	io.trino.bootstrap.engine	fault-tolerant-execution-task-descriptor-storage-high-water-mark                        2458197688B                                                                2458197688B                                                                Compress the storage when task descriptors in memory are above given data size
2026-01-22T18:23:08.371Z	INFO	main	io.trino.bootstrap.engine	fault-tolerant-execution-task-descriptor-storage-low-water-mark                         1638798458B                                                                1638798458B                                                                Do not compress the storage when tasks descriptors in memory are below given data size
2026-01-22T18:23:08.371Z	INFO	main	io.trino.bootstrap.engine	fault-tolerant-execution-task-descriptor-storage-max-memory                             4096996147B                                                                4096996147B                                                                Maximum amount of memory to be used to store task descriptors for fault tolerant queries on coordinator
2026-01-22T18:23:08.371Z	INFO	main	io.trino.bootstrap.engine	query.max-concurrent-queries                                                            1000                                                                       1000
2026-01-22T18:23:08.371Z	INFO	main	io.trino.bootstrap.engine	query.max-hash-partition-count                                                          100                                                                        100                                                                        Maximum number of partitions for distributed joins and aggregations
2026-01-22T18:23:08.371Z	INFO	main	io.trino.bootstrap.engine	query.max-history                                                                       100                                                                        100
2026-01-22T18:23:08.371Z	INFO	main	io.trino.bootstrap.engine	query.max-length                                                                        1000000                                                                    1000000
2026-01-22T18:23:08.371Z	INFO	main	io.trino.bootstrap.engine	query.max-queued-queries                                                                5000                                                                       5000
2026-01-22T18:23:08.371Z	INFO	main	io.trino.bootstrap.engine	query.remote-task.max-request-size                                                      8MB                                                                        8MB
2026-01-22T18:23:08.371Z	INFO	main	io.trino.bootstrap.engine	query.max-split-manager-callback-threads                                                100                                                                        100                                                                        The maximum number of threads allowed to run splits generation callbacks concurrently
2026-01-22T18:23:08.371Z	INFO	main	io.trino.bootstrap.engine	query.max-stage-count                                                                   150                                                                        150
2026-01-22T18:23:08.371Z	INFO	main	io.trino.bootstrap.engine	query.max-state-machine-callback-threads                                                5                                                                          5                                                                          The maximum number of threads allowed to run query and stage state machine listener callbacks concurrently for each query
2026-01-22T18:23:08.371Z	INFO	main	io.trino.bootstrap.engine	max-tasks-waiting-for-execution-per-query                                               10                                                                         10                                                                         Maximum number of tasks waiting to be scheduled per query. Split enumeration is paused by the scheduler when this threshold is crossed
2026-01-22T18:23:08.371Z	INFO	main	io.trino.bootstrap.engine	max-tasks-waiting-for-node-per-query                                                    50                                                                         50                                                                         Maximum possible number of tasks waiting for node allocation per query before scheduling of new tasks for query is paused
2026-01-22T18:23:08.371Z	INFO	main	io.trino.bootstrap.engine	query.max-writer-task-count                                                             100                                                                        100                                                                        Maximum number of tasks that will participate in writing data
2026-01-22T18:23:08.371Z	INFO	main	io.trino.bootstrap.engine	query.min-hash-partition-count                                                          4                                                                          4                                                                          Minimum number of partitions for distributed joins and aggregations
2026-01-22T18:23:08.371Z	INFO	main	io.trino.bootstrap.engine	query.min-hash-partition-count-for-write                                                50                                                                         50                                                                         Minimum number of partitions for distributed joins and aggregations in write queries
2026-01-22T18:23:08.371Z	INFO	main	io.trino.bootstrap.engine	query.min-expire-age                                                                    15.00m                                                                     15.00m
2026-01-22T18:23:08.371Z	INFO	main	io.trino.bootstrap.engine	query.min-schedule-split-batch-size                                                     100                                                                        100
2026-01-22T18:23:08.371Z	INFO	main	io.trino.bootstrap.engine	query.execution-policy                                                                  phased                                                                     phased
2026-01-22T18:23:08.371Z	INFO	main	io.trino.bootstrap.engine	query.executor-pool-size                                                                1000                                                                       1000
2026-01-22T18:23:08.371Z	INFO	main	io.trino.bootstrap.engine	query.manager-executor-pool-size                                                        5                                                                          5
2026-01-22T18:23:08.371Z	INFO	main	io.trino.bootstrap.engine	query.max-cpu-time                                                                      1000000000.00d                                                             1000000000.00d
2026-01-22T18:23:08.371Z	INFO	main	io.trino.bootstrap.engine	query.max-execution-time                                                                100.00d                                                                    100.00d
2026-01-22T18:23:08.371Z	INFO	main	io.trino.bootstrap.engine	query.max-planning-time                                                                 10.00m                                                                     10.00m
2026-01-22T18:23:08.371Z	INFO	main	io.trino.bootstrap.engine	query.max-run-time                                                                      100.00d                                                                    100.00d
2026-01-22T18:23:08.371Z	INFO	main	io.trino.bootstrap.engine	query.max-scan-physical-bytes                                                           ----                                                                       ----
2026-01-22T18:23:08.371Z	INFO	main	io.trino.bootstrap.engine	query.max-write-physical-size                                                           ----                                                                       ----
2026-01-22T18:23:08.371Z	INFO	main	io.trino.bootstrap.engine	query.reported-rule-stats-limit                                                         10                                                                         10
2026-01-22T18:23:08.371Z	INFO	main	io.trino.bootstrap.engine	query-retry-attempts                                                                    4                                                                          4
2026-01-22T18:23:08.371Z	INFO	main	io.trino.bootstrap.engine	query.remote-task.guaranteed-splits-per-task                                            3                                                                          3
2026-01-22T18:23:08.371Z	INFO	main	io.trino.bootstrap.engine	query.remote-task.max-callback-threads                                                  1000                                                                       1000
2026-01-22T18:23:08.371Z	INFO	main	io.trino.bootstrap.engine	query.remote-task.max-error-duration                                                    1.00m                                                                      1.00m
2026-01-22T18:23:08.371Z	INFO	main	io.trino.bootstrap.engine	query.remote-task.request-size-headroom                                                 2MB                                                                        2MB
2026-01-22T18:23:08.371Z	INFO	main	io.trino.bootstrap.engine	query-manager.required-workers                                                          1                                                                          1                                                                          Minimum number of active workers that must be available before a query will start
2026-01-22T18:23:08.371Z	INFO	main	io.trino.bootstrap.engine	query-manager.required-workers-max-wait                                                 5.00m                                                                      5.00m                                                                      Maximum time to wait for minimum number of workers before the query is failed
2026-01-22T18:23:08.371Z	INFO	main	io.trino.bootstrap.engine	retry-delay-scale-factor                                                                2.0                                                                        2.0                                                                        Factor by which retry delay is scaled on subsequent failures
2026-01-22T18:23:08.371Z	INFO	main	io.trino.bootstrap.engine	retry-initial-delay                                                                     10.00s                                                                     10.00s                                                                     Initial delay before initiating a retry attempt. Delay increases exponentially for each subsequent attempt up to 'retry_max_delay'
2026-01-22T18:23:08.371Z	INFO	main	io.trino.bootstrap.engine	retry-max-delay                                                                         1.00m                                                                      1.00m                                                                      Maximum delay before initiating a retry attempt. Delay increases exponentially for each subsequent attempt starting from 'retry_initial_delay'
2026-01-22T18:23:08.371Z	INFO	main	io.trino.bootstrap.engine	retry-policy                                                                            NONE                                                                       NONE
2026-01-22T18:23:08.371Z	INFO	main	io.trino.bootstrap.engine	query.schedule-split-batch-size                                                         1000                                                                       1000
2026-01-22T18:23:08.371Z	INFO	main	io.trino.bootstrap.engine	source-pages-validation-enabled                                                         true                                                                       true                                                                       Runtime validation of blocks in source pages
2026-01-22T18:23:08.371Z	INFO	main	io.trino.bootstrap.engine	query.stage-count-warning-threshold                                                     50                                                                         50                                                                         Emit a warning when stage count exceeds this threshold
2026-01-22T18:23:08.371Z	INFO	main	io.trino.bootstrap.engine	task-retry-attempts-per-task                                                            4                                                                          4
2026-01-22T18:23:08.371Z	INFO	main	io.trino.bootstrap.engine	task.client.timeout                                                                     2.00m                                                                      2.00m
2026-01-22T18:23:08.371Z	INFO	main	io.trino.bootstrap.engine	task.driver-timeout-threads                                                             5                                                                          5                                                                          Number of threads used for timing out blocked drivers if the timeout is set
2026-01-22T18:23:08.371Z	INFO	main	io.trino.bootstrap.engine	task.http-response-threads                                                              100                                                                        100
2026-01-22T18:23:08.371Z	INFO	main	io.trino.bootstrap.engine	task.http-timeout-threads                                                               3                                                                          3
2026-01-22T18:23:08.371Z	INFO	main	io.trino.bootstrap.engine	task.info.max-age                                                                       5.00m                                                                      5.00m
2026-01-22T18:23:08.371Z	INFO	main	io.trino.bootstrap.engine	task.info-update-interval                                                               3.00s                                                                      3.00s                                                                      Interval between updating task data
2026-01-22T18:23:08.371Z	INFO	main	io.trino.bootstrap.engine	task.initial-splits-per-node                                                            48                                                                         48
2026-01-22T18:23:08.371Z	INFO	main	io.trino.bootstrap.engine	task.interrupt-stuck-split-tasks-detection-interval                                     2.00m                                                                      2.00m                                                                      Interval between detecting stuck split
2026-01-22T18:23:08.371Z	INFO	main	io.trino.bootstrap.engine	task.interrupt-stuck-split-tasks-enabled                                                true                                                                       true
2026-01-22T18:23:08.371Z	INFO	main	io.trino.bootstrap.engine	task.interrupt-stuck-split-tasks-timeout                                                15.00m                                                                     15.00m                                                                     Interrupt task processing thread after this timeout if the thread is stuck in certain external libraries used by Trino functions
2026-01-22T18:23:08.371Z	INFO	main	io.trino.bootstrap.engine	task.interrupt-stuck-split-tasks-warning-threshold                                      10.00m                                                                     10.00m                                                                     Print out call stacks and generate JMX metrics for splits running longer than the threshold
2026-01-22T18:23:08.371Z	INFO	main	io.trino.bootstrap.engine	task.level-time-multiplier                                                              2                                                                          2                                                                          Factor that determines the target scheduled time for a level relative to the next
2026-01-22T18:23:08.371Z	INFO	main	io.trino.bootstrap.engine	task.max-drivers-per-task                                                               2147483647                                                                 2147483647                                                                 Maximum number of drivers a task can run
2026-01-22T18:23:08.371Z	INFO	main	io.trino.bootstrap.engine	task.max-index-memory                                                                   64MB                                                                       64MB
2026-01-22T18:23:08.371Z	INFO	main	io.trino.bootstrap.engine	task.max-local-exchange-buffer-size                                                     128MB                                                                      128MB
2026-01-22T18:23:08.371Z	INFO	main	io.trino.bootstrap.engine	driver.max-page-partitioning-buffer-size                                                32MB                                                                       32MB
2026-01-22T18:23:08.371Z	INFO	main	io.trino.bootstrap.engine	task.max-partial-aggregation-memory                                                     16MB                                                                       16MB
2026-01-22T18:23:08.371Z	INFO	main	io.trino.bootstrap.engine	task.max-partial-top-n-memory                                                           16MB                                                                       16MB
2026-01-22T18:23:08.371Z	INFO	main	io.trino.bootstrap.engine	task.max-worker-threads                                                                 48                                                                         48
2026-01-22T18:23:08.371Z	INFO	main	io.trino.bootstrap.engine	task.max-writer-count                                                                   64                                                                         64                                                                         Maximum number of local parallel table writers per task when either task writer scaling or preferred partitioning is used
2026-01-22T18:23:08.371Z	INFO	main	io.trino.bootstrap.engine	task.min-drivers                                                                        96                                                                         96
2026-01-22T18:23:08.371Z	INFO	main	io.trino.bootstrap.engine	task.min-drivers-per-task                                                               3                                                                          3                                                                          Minimum number of drivers guaranteed to run per task given there is sufficient work to do
2026-01-22T18:23:08.371Z	INFO	main	io.trino.bootstrap.engine	task.min-writer-count                                                                   1                                                                          1                                                                          Minimum number of local parallel table writers per task when preferred partitioning and task writer scaling are not used
2026-01-22T18:23:08.371Z	INFO	main	io.trino.bootstrap.engine	driver.page-partitioning-buffer-pool-size                                               8                                                                          8                                                                          Maximum number of free buffers in the per task partitioned page buffer pool. Setting this to zero effectively disables the pool
2026-01-22T18:23:08.371Z	INFO	main	io.trino.bootstrap.engine	task.per-operator-cpu-timer-enabled                                                     true                                                                       true
2026-01-22T18:23:08.372Z	INFO	main	io.trino.bootstrap.engine	task.scale-writers.enabled                                                              true                                                                       true                                                                       Scale the number of concurrent table writers per task based on throughput
2026-01-22T18:23:08.372Z	INFO	main	io.trino.bootstrap.engine	task.share-index-loading                                                                false                                                                      false
2026-01-22T18:23:08.372Z	INFO	main	io.trino.bootstrap.engine	sink.max-broadcast-buffer-size                                                          200MB                                                                      200MB
2026-01-22T18:23:08.372Z	INFO	main	io.trino.bootstrap.engine	sink.max-buffer-size                                                                    32MB                                                                       32MB
2026-01-22T18:23:08.372Z	INFO	main	io.trino.bootstrap.engine	task.split-concurrency-adjustment-interval                                              100.00ms                                                                   100.00ms
2026-01-22T18:23:08.372Z	INFO	main	io.trino.bootstrap.engine	task.status-refresh-max-wait                                                            1.00s                                                                      1.00s
2026-01-22T18:23:08.372Z	INFO	main	io.trino.bootstrap.engine	task.concurrency                                                                        32                                                                         32                                                                         Default number of local parallel jobs per worker
2026-01-22T18:23:08.372Z	INFO	main	io.trino.bootstrap.engine	task.cpu-timer-enabled                                                                  true                                                                       true
2026-01-22T18:23:08.372Z	INFO	main	io.trino.bootstrap.engine	task.task-notification-threads                                                          5                                                                          5                                                                          Number of threads used for internal task event notifications
2026-01-22T18:23:08.372Z	INFO	main	io.trino.bootstrap.engine	task.termination-timeout                                                                1.00m                                                                      1.00m                                                                      Maximum duration to wait for a task to complete termination before failing the task on the coordinator
2026-01-22T18:23:08.372Z	INFO	main	io.trino.bootstrap.engine	task.task-yield-threads                                                                 3                                                                          3                                                                          Number of threads used for setting yield signals
2026-01-22T18:23:08.372Z	INFO	main	io.trino.bootstrap.engine	experimental.thread-per-driver-scheduler-enabled                                        true                                                                       true
2026-01-22T18:23:08.372Z	INFO	main	io.trino.bootstrap.engine	node-scheduler.allowed-no-matching-node-period                                          2.00m                                                                      2.00m                                                                      How long scheduler should wait before failing a query for which hard task requirements (e.g. node exposing specific catalog) cannot be satisfied. Relevant for TASK retry policy only.
2026-01-22T18:23:08.372Z	INFO	main	io.trino.bootstrap.engine	node-scheduler.exhausted-node-wait-period                                               2.00m                                                                      2.00m                                                                      Maximum time to wait for resource availability on preferred nodes before scheduling a remotely accessible split on other nodes. Relevant for TASK retry policy only.
2026-01-22T18:23:08.372Z	INFO	main	io.trino.bootstrap.engine	node-scheduler.include-coordinator                                                      true                                                                       true
2026-01-22T18:23:08.372Z	INFO	main	io.trino.bootstrap.engine	node-scheduler.max-adjusted-pending-splits-per-task                                     2000                                                                       2000
2026-01-22T18:23:08.372Z	INFO	main	io.trino.bootstrap.engine	node-scheduler.max-splits-per-node                                                      256                                                                        256
2026-01-22T18:23:08.372Z	INFO	main	io.trino.bootstrap.engine	node-scheduler.max-unacknowledged-splits-per-task                                       2000                                                                       2000                                                                       Maximum number of leaf splits not yet delivered to a given task
2026-01-22T18:23:08.372Z	INFO	main	io.trino.bootstrap.engine	node-scheduler.min-candidates                                                           10                                                                         10
2026-01-22T18:23:08.372Z	INFO	main	io.trino.bootstrap.engine	node-scheduler.min-pending-splits-per-task                                              16                                                                         16
2026-01-22T18:23:08.372Z	INFO	main	io.trino.bootstrap.engine	node-scheduler.policy                                                                   UNIFORM                                                                    UNIFORM
2026-01-22T18:23:08.372Z	INFO	main	io.trino.bootstrap.engine	node-scheduler.optimized-local-scheduling                                               true                                                                       true
2026-01-22T18:23:08.372Z	INFO	main	io.trino.bootstrap.engine	node-scheduler.splits-balancing-policy                                                  STAGE                                                                      STAGE                                                                      Strategy for balancing new splits on worker nodes
2026-01-22T18:23:08.372Z	INFO	main	io.trino.bootstrap.engine	warning-collector.max-warnings                                                          2147483647                                                                 2147483647
2026-01-22T18:23:08.372Z	INFO	main	io.trino.bootstrap.engine	fault-tolerant-execution-coordinator-task-memory                                        2GB                                                                        2GB                                                                        Estimated amount of memory a single coordinator task will use when task level retries are used; value is used when allocating nodes for tasks execution
2026-01-22T18:23:08.372Z	INFO	main	io.trino.bootstrap.engine	fault-tolerant-execution-eager-speculative-tasks-node-memory-overcommit                 20GB                                                                       20GB
2026-01-22T18:23:08.372Z	INFO	main	io.trino.bootstrap.engine	fault-tolerant-execution-memory-requirement-increase-on-worker-crash-enabled            true                                                                       true                                                                       Increase memory requirement for tasks failed due to a suspected worker crash
2026-01-22T18:23:08.372Z	INFO	main	io.trino.bootstrap.engine	fault-tolerant-execution-task-memory                                                    5GB                                                                        5GB                                                                        Estimated amount of memory a single task will use when task level retries are used; value is used when allocating nodes for tasks execution
2026-01-22T18:23:08.372Z	INFO	main	io.trino.bootstrap.engine	fault-tolerant-execution-task-memory-estimation-quantile                                0.9                                                                        0.9                                                                        What quantile of memory usage of completed tasks to look at when estimating memory usage for upcoming tasks
2026-01-22T18:23:08.372Z	INFO	main	io.trino.bootstrap.engine	fault-tolerant-execution-task-memory-growth-factor                                      3.0                                                                        3.0                                                                        Factor by which estimated task memory is increased if task execution runs out of memory; value is used allocating nodes for tasks execution
2026-01-22T18:23:08.372Z	INFO	main	io.trino.bootstrap.engine	fault-tolerant-execution-task-runtime-memory-estimation-overhead                        1GB                                                                        1GB                                                                        Extra memory to account for when estimating actual task runtime memory consumption
2026-01-22T18:23:08.372Z	INFO	main	io.trino.bootstrap.engine	query.low-memory-killer.policy                                                          TOTAL_RESERVATION_ON_BLOCKED_NODES                                         TOTAL_RESERVATION_ON_BLOCKED_NODES
2026-01-22T18:23:08.372Z	INFO	main	io.trino.bootstrap.engine	task.low-memory-killer.policy                                                           TOTAL_RESERVATION_ON_BLOCKED_NODES                                         TOTAL_RESERVATION_ON_BLOCKED_NODES
2026-01-22T18:23:08.372Z	INFO	main	io.trino.bootstrap.engine	query.max-memory                                                                        20GB                                                                       20GB
2026-01-22T18:23:08.372Z	INFO	main	io.trino.bootstrap.engine	query.max-total-memory                                                                  40GB                                                                       40GB
2026-01-22T18:23:08.372Z	INFO	main	io.trino.bootstrap.engine	memory.heap-headroom-per-node                                                           7.63GB                                                                     7.63GB                                                                     The amount of heap memory to set aside as headroom/buffer (e.g., for untracked allocations)
2026-01-22T18:23:08.372Z	INFO	main	io.trino.bootstrap.engine	query.max-memory-per-node                                                               7.63GB                                                                     7.63GB
2026-01-22T18:23:08.372Z	INFO	main	io.trino.bootstrap.engine	discovery.uri                                                                           []                                                                         [http://localhost:8080]
2026-01-22T18:23:08.372Z	INFO	main	io.trino.bootstrap.engine	discovery.type                                                                          ANNOUNCE                                                                   ANNOUNCE
2026-01-22T18:23:08.372Z	INFO	main	io.trino.bootstrap.engine	exchange.acknowledge-pages                                                              true                                                                       true
2026-01-22T18:23:08.372Z	INFO	main	io.trino.bootstrap.engine	exchange.client-threads                                                                 25                                                                         25
2026-01-22T18:23:08.372Z	INFO	main	io.trino.bootstrap.engine	exchange.concurrent-request-multiplier                                                  3                                                                          3
2026-01-22T18:23:08.372Z	INFO	main	io.trino.bootstrap.engine	exchange.deduplication-buffer-size                                                      32MB                                                                       32MB
2026-01-22T18:23:08.372Z	INFO	main	io.trino.bootstrap.engine	exchange.max-buffer-size                                                                32MB                                                                       32MB
2026-01-22T18:23:08.372Z	INFO	main	io.trino.bootstrap.engine	exchange.max-error-duration                                                             1.00m                                                                      1.00m
2026-01-22T18:23:08.372Z	INFO	main	io.trino.bootstrap.engine	exchange.max-response-size                                                              16MB                                                                       16MB
2026-01-22T18:23:08.372Z	INFO	main	io.trino.bootstrap.engine	exchange.page-buffer-client.max-callback-threads                                        25                                                                         25
2026-01-22T18:23:08.372Z	INFO	main	io.trino.bootstrap.engine	access-control.config-files                                                             []                                                                         []
2026-01-22T18:23:08.372Z	INFO	main	io.trino.bootstrap.engine	internal-communication.http2.enabled                                                    false                                                                      false                                                                      Enable the HTTP/2 transport
2026-01-22T18:23:08.372Z	INFO	main	io.trino.bootstrap.engine	internal-communication.https.required                                                   false                                                                      false
2026-01-22T18:23:08.372Z	INFO	main	io.trino.bootstrap.engine	internal-communication.https.keystore.key                                               [REDACTED]                                                                 [REDACTED]
2026-01-22T18:23:08.372Z	INFO	main	io.trino.bootstrap.engine	internal-communication.https.keystore.path                                              ----                                                                       ----
2026-01-22T18:23:08.372Z	INFO	main	io.trino.bootstrap.engine	internal-communication.shared-secret                                                    [REDACTED]                                                                 [REDACTED]
2026-01-22T18:23:08.372Z	INFO	main	io.trino.bootstrap.engine	internal-communication.https.truststore.key                                             [REDACTED]                                                                 [REDACTED]
2026-01-22T18:23:08.372Z	INFO	main	io.trino.bootstrap.engine	internal-communication.https.truststore.path                                            ----                                                                       ----
2026-01-22T18:23:08.372Z	INFO	main	io.trino.bootstrap.engine	jmx.base-name                                                                           trino                                                                      trino
2026-01-22T18:23:08.372Z	INFO	main	io.trino.bootstrap.engine	protocol.v1.alternate-header-name                                                       ----                                                                       ----                                                                       Alternate header name for V1 protocol
2026-01-22T18:23:08.372Z	INFO	main	io.trino.bootstrap.engine	protocol.v1.prepared-statement-compression.min-gain                                     512                                                                        512                                                                        Prepared statement compression is not applied if the size gain is less than the configured value
2026-01-22T18:23:08.372Z	INFO	main	io.trino.bootstrap.engine	protocol.v1.prepared-statement-compression.length-threshold                             2048                                                                       2048                                                                       Compression is applied to prepared statements longer than the configured value
2026-01-22T18:23:08.372Z	INFO	main	io.trino.bootstrap.engine	experimental.concurrent-startup                                                         false                                                                      false                                                                      Parallelize work during server startup
2026-01-22T18:23:08.372Z	INFO	main	io.trino.bootstrap.engine	coordinator                                                                             true                                                                       true
2026-01-22T18:23:08.372Z	INFO	main	io.trino.bootstrap.engine	shutdown.grace-period                                                                   2.00m                                                                      2.00m
2026-01-22T18:23:08.372Z	INFO	main	io.trino.bootstrap.engine	http.include-exception-in-response                                                      true                                                                       true
2026-01-22T18:23:08.372Z	INFO	main	io.trino.bootstrap.engine	query.info-url-template                                                                 ----                                                                       ----
2026-01-22T18:23:08.372Z	INFO	main	io.trino.bootstrap.engine	query-results.compression-enabled                                                       true                                                                       true
2026-01-22T18:23:08.372Z	INFO	main	io.trino.bootstrap.engine	plugin.dir                                                                              [plugin]                                                                   [plugin]                                                                   Comma separated list of root directories where the plugins are located
2026-01-22T18:23:08.372Z	INFO	main	io.trino.bootstrap.engine	protocol.spooling.encoding.compression.threshold                                        8kB                                                                        8kB                                                                        Do not compress segments smaller than threshold
2026-01-22T18:23:08.372Z	INFO	main	io.trino.bootstrap.engine	protocol.spooling.encoding.json.enabled                                                 true                                                                       true                                                                       Enable uncompressed json spooled encoding
2026-01-22T18:23:08.372Z	INFO	main	io.trino.bootstrap.engine	protocol.spooling.encoding.json+lz4.enabled                                             true                                                                       true                                                                       Enable LZ4 compressed json spooled encoding
2026-01-22T18:23:08.372Z	INFO	main	io.trino.bootstrap.engine	protocol.spooling.encoding.json+zstd.enabled                                            true                                                                       true                                                                       Enable Zstd compressed json spooled encoding
2026-01-22T18:23:08.372Z	INFO	main	io.trino.bootstrap.engine	protocol.spooling.enabled                                                               false                                                                      false                                                                      Enable spooling protocol
2026-01-22T18:23:08.372Z	INFO	main	io.trino.bootstrap.engine	protocol.spooling.unsupported-warning.enabled                                           false                                                                      false                                                                      Generates a warning when a client lacks spooling support and connects to a spooling-enabled server
2026-01-22T18:23:08.372Z	INFO	main	io.trino.bootstrap.engine	http-server.authentication.insecure.user-mapping.file                                   ----                                                                       ----
2026-01-22T18:23:08.372Z	INFO	main	io.trino.bootstrap.engine	http-server.authentication.insecure.user-mapping.pattern                                ----                                                                       ----
2026-01-22T18:23:08.372Z	INFO	main	io.trino.bootstrap.engine	http-server.authentication.type                                                         [insecure]                                                                 [insecure]                                                                 Ordered list of authentication types
2026-01-22T18:23:08.372Z	INFO	main	io.trino.bootstrap.engine	management.user                                                                         ----                                                                       ----                                                                       Optional fixed user for all requests to management endpoints
2026-01-22T18:23:08.372Z	INFO	main	io.trino.bootstrap.engine	management.user.https-enabled                                                           false                                                                      false                                                                      Use fixed management user for secure HTTPS requests
2026-01-22T18:23:08.372Z	INFO	main	io.trino.bootstrap.engine	http-server.authentication.allow-insecure-over-http                                     true                                                                       true                                                                       Insecure authentication over HTTP (non-secure) enabled
2026-01-22T18:23:08.372Z	INFO	main	io.trino.bootstrap.engine	web-ui.session-timeout                                                                  1.00d                                                                      1.00d
2026-01-22T18:23:08.372Z	INFO	main	io.trino.bootstrap.engine	web-ui.shared-secret                                                                    [REDACTED]                                                                 [REDACTED]
2026-01-22T18:23:08.372Z	INFO	main	io.trino.bootstrap.engine	web-ui.authentication.type                                                              ----                                                                       ----                                                                       Authentication type for the web ui
2026-01-22T18:23:08.372Z	INFO	main	io.trino.bootstrap.engine	web-ui.enabled                                                                          true                                                                       true
2026-01-22T18:23:08.372Z	INFO	main	io.trino.bootstrap.engine	web-ui.preview.enabled                                                                  true                                                                       true
2026-01-22T18:23:08.372Z	INFO	main	io.trino.bootstrap.engine	max-spill-per-node                                                                      100GB                                                                      100GB
2026-01-22T18:23:08.372Z	INFO	main	io.trino.bootstrap.engine	query-max-spill-per-node                                                                100GB                                                                      100GB
2026-01-22T18:23:08.372Z	INFO	main	io.trino.bootstrap.engine	spill-compression-codec                                                                 NONE                                                                       NONE                                                                       Compression codec used for data in spills
2026-01-22T18:23:08.372Z	INFO	main	io.trino.bootstrap.engine	spill-encryption-enabled                                                                false                                                                      false
2026-01-22T18:23:08.372Z	INFO	main	io.trino.bootstrap.engine	sql.default-catalog                                                                     ----                                                                       ----
2026-01-22T18:23:08.372Z	INFO	main	io.trino.bootstrap.engine	sql.default-function-catalog                                                            ----                                                                       ----
2026-01-22T18:23:08.372Z	INFO	main	io.trino.bootstrap.engine	sql.default-function-schema                                                             ----                                                                       ----
2026-01-22T18:23:08.372Z	INFO	main	io.trino.bootstrap.engine	sql.default-schema                                                                      ----                                                                       ----
2026-01-22T18:23:08.372Z	INFO	main	io.trino.bootstrap.engine	sql.forced-session-time-zone                                                            ----                                                                       ----                                                                       User session time zone overriding value sent by client
2026-01-22T18:23:08.372Z	INFO	main	io.trino.bootstrap.engine	sql.path
2026-01-22T18:23:08.372Z	INFO	main	io.trino.bootstrap.engine	compiler.expression-cache-size                                                          10000                                                                      10000                                                                      Reuse compiled expressions across multiple queries
2026-01-22T18:23:08.372Z	INFO	main	io.trino.bootstrap.engine	compiler.specialized-aggregation-loops                                                  true                                                                       true
2026-01-22T18:23:08.372Z	INFO	main	io.trino.bootstrap.engine	adaptive-partial-aggregation.enabled                                                    true                                                                       true
2026-01-22T18:23:08.372Z	INFO	main	io.trino.bootstrap.engine	adaptive-partial-aggregation.unique-rows-ratio-threshold                                0.8                                                                        0.8                                                                        Ratio between aggregation output and input rows above which partial aggregation might be adaptively turned off
2026-01-22T18:23:08.372Z	INFO	main	io.trino.bootstrap.engine	collect-plan-statistics-for-all-queries                                                 false                                                                      false                                                                      Collect plan statistics for non-EXPLAIN queries
2026-01-22T18:23:08.372Z	INFO	main	io.trino.bootstrap.engine	colocated-joins-enabled                                                                 true                                                                       true                                                                       Use a colocated join when possible
2026-01-22T18:23:08.372Z	INFO	main	io.trino.bootstrap.engine	optimizer.complex-expression-pushdown.enabled                                           true                                                                       true
2026-01-22T18:23:08.372Z	INFO	main	io.trino.bootstrap.engine	cpu-cost-weight                                                                         75.0                                                                       75.0
2026-01-22T18:23:08.372Z	INFO	main	io.trino.bootstrap.engine	optimizer.default-filter-factor-enabled                                                 false                                                                      false
2026-01-22T18:23:08.372Z	INFO	main	io.trino.bootstrap.engine	optimizer.dictionary-aggregation                                                        false                                                                      false
2026-01-22T18:23:08.372Z	INFO	main	io.trino.bootstrap.engine	optimizer.distinct-aggregations-strategy                                                ----                                                                       ----                                                                       Strategy to use for distinct aggregations
2026-01-22T18:23:08.372Z	INFO	main	io.trino.bootstrap.engine	distributed-sort                                                                        true                                                                       true
2026-01-22T18:23:08.372Z	INFO	main	io.trino.bootstrap.engine	enable-forced-exchange-below-group-id                                                   true                                                                       true
2026-01-22T18:23:08.372Z	INFO	main	io.trino.bootstrap.engine	optimizer.enable-intermediate-aggregations                                              false                                                                      false
2026-01-22T18:23:08.372Z	INFO	main	io.trino.bootstrap.engine	enable-stats-calculator                                                                 true                                                                       true
2026-01-22T18:23:08.372Z	INFO	main	io.trino.bootstrap.engine	optimizer.filter-conjunction-independence-factor                                        0.75                                                                       0.75                                                                       Scales the strength of independence assumption for selectivity estimates of the conjunction of multiple filters
2026-01-22T18:23:08.372Z	INFO	main	io.trino.bootstrap.engine	optimizer.force-single-node-output                                                      false                                                                      false
2026-01-22T18:23:08.372Z	INFO	main	io.trino.bootstrap.engine	optimizer.ignore-downstream-preferences                                                 false                                                                      false
2026-01-22T18:23:08.372Z	INFO	main	io.trino.bootstrap.engine	optimizer.ignore-stats-calculator-failures                                              true                                                                       true                                                                       Ignore statistics calculator failures
2026-01-22T18:23:08.372Z	INFO	main	io.trino.bootstrap.engine	iterative-optimizer-timeout                                                             3.00m                                                                      3.00m
2026-01-22T18:23:08.372Z	INFO	main	io.trino.bootstrap.engine	join-distribution-type                                                                  AUTOMATIC                                                                  AUTOMATIC
2026-01-22T18:23:08.372Z	INFO	main	io.trino.bootstrap.engine	join-max-broadcast-table-size                                                           100MB                                                                      100MB                                                                      Maximum estimated size of a table that can be broadcast when using automatic join type selection
2026-01-22T18:23:08.372Z	INFO	main	io.trino.bootstrap.engine	optimizer.join-multi-clause-independence-factor                                         0.25                                                                       0.25                                                                       Scales the strength of independence assumption for selectivity estimates of multi-clause joins
2026-01-22T18:23:08.372Z	INFO	main	io.trino.bootstrap.engine	optimizer.join-partitioned-build-min-row-count                                          1000000                                                                    1000000                                                                    Minimum number of join build side rows required to use partitioned join lookup
2026-01-22T18:23:08.372Z	INFO	main	io.trino.bootstrap.engine	optimizer.join-reordering-strategy                                                      AUTOMATIC                                                                  AUTOMATIC                                                                  The strategy to use for reordering joins
2026-01-22T18:23:08.372Z	INFO	main	io.trino.bootstrap.engine	optimizer.max-reordered-joins                                                           8                                                                          8                                                                          The maximum number of tables to reorder in cost-based join reordering
2026-01-22T18:23:08.372Z	INFO	main	io.trino.bootstrap.engine	memory-cost-weight                                                                      10.0                                                                       10.0
2026-01-22T18:23:08.372Z	INFO	main	io.trino.bootstrap.engine	optimizer.merge-project-with-values                                                     true                                                                       true
2026-01-22T18:23:08.372Z	INFO	main	io.trino.bootstrap.engine	optimizer.min-input-rows-per-task                                                       10000000                                                                   10000000                                                                   Minimum input rows required per task. This will help optimizer determine hash partition count for joins and aggregations
2026-01-22T18:23:08.372Z	INFO	main	io.trino.bootstrap.engine	optimizer.min-input-size-per-task                                                       5GB                                                                        5GB                                                                        Minimum input data size required per task. This will help optimizer determine hash partition count for joins and aggregations
2026-01-22T18:23:08.372Z	INFO	main	io.trino.bootstrap.engine	network-cost-weight                                                                     15.0                                                                       15.0
2026-01-22T18:23:08.372Z	INFO	main	io.trino.bootstrap.engine	optimizer.non-estimatable-predicate-approximation.enabled                               true                                                                       true                                                                       Approximate the cost of filters which cannot be accurately estimated even with complete statistics
2026-01-22T18:23:08.372Z	INFO	main	io.trino.bootstrap.engine	optimizer.optimize-duplicate-insensitive-joins                                          true                                                                       true
2026-01-22T18:23:08.372Z	INFO	main	io.trino.bootstrap.engine	optimizer.optimize-metadata-queries                                                     false                                                                      false
2026-01-22T18:23:08.372Z	INFO	main	io.trino.bootstrap.engine	optimizer.optimize-top-n-ranking                                                        true                                                                       true
2026-01-22T18:23:08.372Z	INFO	main	io.trino.bootstrap.engine	optimizer.pre-aggregate-case-aggregations.enabled                                       true                                                                       true                                                                       Pre-aggregate rows before GROUP BY with multiple CASE aggregations on same column
2026-01-22T18:23:08.372Z	INFO	main	io.trino.bootstrap.engine	optimizer.predicate-pushdown-use-table-properties                                       true                                                                       true
2026-01-22T18:23:08.372Z	INFO	main	io.trino.bootstrap.engine	optimizer.prefer-partial-aggregation                                                    true                                                                       true
2026-01-22T18:23:08.372Z	INFO	main	io.trino.bootstrap.engine	optimizer.push-aggregation-through-outer-join                                           true                                                                       true
2026-01-22T18:23:08.372Z	INFO	main	io.trino.bootstrap.engine	optimizer.push-filter-into-values-max-row-count                                         100                                                                        100                                                                        Maximum number of rows in values for which filter is pushed down into values
2026-01-22T18:23:08.372Z	INFO	main	io.trino.bootstrap.engine	optimizer.push-partial-aggregation-through-join                                         true                                                                       true
2026-01-22T18:23:08.372Z	INFO	main	io.trino.bootstrap.engine	optimizer.push-table-write-through-union                                                true                                                                       true
2026-01-22T18:23:08.372Z	INFO	main	io.trino.bootstrap.engine	optimizer.rewrite-filtering-semi-join-to-inner-join                                     true                                                                       true
2026-01-22T18:23:08.372Z	INFO	main	io.trino.bootstrap.engine	optimizer.skip-redundant-sort                                                           true                                                                       true
2026-01-22T18:23:08.372Z	INFO	main	io.trino.bootstrap.engine	spatial-joins-enabled                                                                   true                                                                       true                                                                       Use spatial index for spatial joins when possible
2026-01-22T18:23:08.372Z	INFO	main	io.trino.bootstrap.engine	statistics-precalculation-for-pushdown.enabled                                          true                                                                       true
2026-01-22T18:23:08.372Z	INFO	main	io.trino.bootstrap.engine	optimizer.table-scan-node-partitioning-min-bucket-to-task-ratio                         0.5                                                                        0.5                                                                        Min table scan bucket to task ratio for which plan will be adopted to node pre-partitioned tables
2026-01-22T18:23:08.372Z	INFO	main	io.trino.bootstrap.engine	optimizer.allow-unsafe-pushdown                                                         false                                                                      false                                                                      Allow pushing down expressions that mail fail for some inputs
2026-01-22T18:23:08.372Z	INFO	main	io.trino.bootstrap.engine	optimizer.use-cost-based-partitioning                                                   true                                                                       true                                                                       When enabled the cost based optimizer is used to determine if repartitioning the output of an already partitioned stage is necessary
2026-01-22T18:23:08.372Z	INFO	main	io.trino.bootstrap.engine	optimizer.use-exact-partitioning                                                        false                                                                      false                                                                      When enabled this forces data repartitioning unless the partitioning of upstream stage matches exactly what downstream stage expects
2026-01-22T18:23:08.372Z	INFO	main	io.trino.bootstrap.engine	optimizer.use-legacy-window-filter-pushdown                                             false                                                                      false
2026-01-22T18:23:08.372Z	INFO	main	io.trino.bootstrap.engine	use-preferred-write-partitioning                                                        true                                                                       true
2026-01-22T18:23:08.372Z	INFO	main	io.trino.bootstrap.engine	optimizer.use-table-scan-node-partitioning                                              true                                                                       true                                                                       Adapt plan to node pre-partitioned tables
2026-01-22T18:23:08.372Z	INFO	main	io.trino.bootstrap.engine	transaction.idle-check-interval                                                         1.00m                                                                      1.00m                                                                      Time interval between idle transactions checks
2026-01-22T18:23:08.372Z	INFO	main	io.trino.bootstrap.engine	transaction.idle-timeout                                                                5.00m                                                                      5.00m                                                                      Amount of time before an inactive transaction is considered expired
2026-01-22T18:23:08.372Z	INFO	main	io.trino.bootstrap.engine	transaction.max-finishing-concurrency                                                   1                                                                          1                                                                          Maximum parallelism for committing or aborting a transaction
2026-01-22T18:23:08.726Z	WARN	main	oshi.software.os.linux.LinuxOperatingSystem	Did not find udev library in operating system. Some features may not work.
2026-01-22T18:23:09.143Z	INFO	main	org.eclipse.jetty.server.Server	jetty-12.1.5; built: 2025-12-03T22:18:24.732Z; git: 4905d09d7b6801e792d7b73946cf7b66e4be25d6; jvm 25.0.1+8-LTS
2026-01-22T18:23:09.162Z	INFO	main	org.eclipse.jetty.server.handler.ContextHandler	Started oeje11s.ServletContextHandler@3b6c740b{ROOT,/,b=null,a=AVAILABLE,vh=[@http,@https],h=oeje11s.ServletHandler@57f89680{STARTED}}
2026-01-22T18:23:09.391Z	INFO	main	org.eclipse.jetty.ee11.servlet.ServletContextHandler	Started oeje11s.ServletContextHandler@3b6c740b{ROOT,/,b=null,a=AVAILABLE,vh=[@http,@https],h=oeje11s.ServletHandler@57f89680{STARTED}}
2026-01-22T18:23:09.398Z	INFO	main	org.eclipse.jetty.server.AbstractConnector	Started http@e4348c0{HTTP/1.1, (http/1.1, h2c)}{0.0.0.0:8080}
2026-01-22T18:23:09.398Z	INFO	main	org.eclipse.jetty.server.Server	Started oejs.Server@3ba1f56e{STARTING}[12.1.5,sto=0] @255ms
2026-01-22T18:23:09.918Z	INFO	main	io.trino.server.Server	Trino version: 479
2026-01-22T18:23:09.946Z	INFO	main	io.trino.server.Server	Zstandard native compression: enabled
2026-01-22T18:23:09.953Z	INFO	main	io.trino.server.Server	Lz4 native compression: enabled
2026-01-22T18:23:09.956Z	INFO	main	io.trino.server.Server	Snappy native compression: enabled
2026-01-22T18:23:09.956Z	INFO	main	io.trino.server.Server	Working directory: /data/trino
2026-01-22T18:23:09.956Z	INFO	main	io.trino.server.Server	Etc directory: /etc/trino
2026-01-22T18:23:09.958Z	INFO	main	io.trino.server.PluginManager	-- Loading plugin ai-functions --
2026-01-22T18:23:09.963Z	INFO	main	io.trino.server.PluginManager	Installing io.trino.plugin.ai.functions.AiPlugin
2026-01-22T18:23:09.966Z	INFO	main	io.trino.server.PluginManager	Registering connector ai
2026-01-22T18:23:09.968Z	INFO	main	io.trino.server.PluginManager	-- Finished loading plugin ai-functions --
2026-01-22T18:23:09.968Z	INFO	main	io.trino.server.PluginManager	-- Loading plugin bigquery --
2026-01-22T18:23:09.993Z	INFO	main	io.trino.server.PluginManager	Installing io.trino.plugin.bigquery.BigQueryPlugin
2026-01-22T18:23:09.995Z	INFO	main	io.trino.server.PluginManager	Registering connector bigquery
2026-01-22T18:23:09.996Z	INFO	main	io.trino.server.PluginManager	-- Finished loading plugin bigquery --
2026-01-22T18:23:09.996Z	INFO	main	io.trino.server.PluginManager	-- Loading plugin blackhole --
2026-01-22T18:23:10.000Z	INFO	main	io.trino.server.PluginManager	Installing io.trino.plugin.blackhole.BlackHolePlugin
2026-01-22T18:23:10.002Z	INFO	main	io.trino.server.PluginManager	Registering connector blackhole
2026-01-22T18:23:10.003Z	INFO	main	io.trino.server.PluginManager	-- Finished loading plugin blackhole --
2026-01-22T18:23:10.003Z	INFO	main	io.trino.server.PluginManager	-- Loading plugin cassandra --
2026-01-22T18:23:10.007Z	INFO	main	io.trino.server.PluginManager	Installing io.trino.plugin.cassandra.CassandraPlugin
2026-01-22T18:23:10.009Z	INFO	main	io.trino.server.PluginManager	Registering connector cassandra
2026-01-22T18:23:10.010Z	INFO	main	io.trino.server.PluginManager	-- Finished loading plugin cassandra --
2026-01-22T18:23:10.010Z	INFO	main	io.trino.server.PluginManager	-- Loading plugin clickhouse --
2026-01-22T18:23:10.015Z	INFO	main	io.trino.server.PluginManager	Installing io.trino.plugin.clickhouse.ClickHousePlugin
2026-01-22T18:23:10.018Z	INFO	main	io.trino.server.PluginManager	Registering connector clickhouse
2026-01-22T18:23:10.018Z	INFO	main	io.trino.server.PluginManager	-- Finished loading plugin clickhouse --
2026-01-22T18:23:10.018Z	INFO	main	io.trino.server.PluginManager	-- Loading plugin delta-lake --
2026-01-22T18:23:10.054Z	INFO	main	io.trino.server.PluginManager	Installing io.trino.plugin.deltalake.DeltaLakePlugin
2026-01-22T18:23:10.059Z	INFO	main	io.trino.server.PluginManager	Registering connector delta_lake
2026-01-22T18:23:10.059Z	INFO	main	io.trino.server.PluginManager	-- Finished loading plugin delta-lake --
2026-01-22T18:23:10.059Z	INFO	main	io.trino.server.PluginManager	-- Loading plugin druid --
2026-01-22T18:23:10.063Z	INFO	main	io.trino.server.PluginManager	Installing io.trino.plugin.druid.DruidJdbcPlugin
2026-01-22T18:23:10.066Z	INFO	main	io.trino.server.PluginManager	Registering connector druid
2026-01-22T18:23:10.066Z	INFO	main	io.trino.server.PluginManager	-- Finished loading plugin druid --
2026-01-22T18:23:10.066Z	INFO	main	io.trino.server.PluginManager	-- Loading plugin duckdb --
2026-01-22T18:23:10.070Z	INFO	main	io.trino.server.PluginManager	Installing io.trino.plugin.duckdb.DuckDbPlugin
2026-01-22T18:23:10.072Z	INFO	main	io.trino.server.PluginManager	Registering connector duckdb
2026-01-22T18:23:10.073Z	INFO	main	io.trino.server.PluginManager	-- Finished loading plugin duckdb --
2026-01-22T18:23:10.073Z	INFO	main	io.trino.server.PluginManager	-- Loading plugin elasticsearch --
2026-01-22T18:23:10.078Z	INFO	main	io.trino.server.PluginManager	Installing io.trino.plugin.elasticsearch.ElasticsearchPlugin
2026-01-22T18:23:10.082Z	INFO	main	io.trino.server.PluginManager	Registering connector elasticsearch
2026-01-22T18:23:10.082Z	INFO	main	io.trino.server.PluginManager	-- Finished loading plugin elasticsearch --
2026-01-22T18:23:10.082Z	INFO	main	io.trino.server.PluginManager	-- Loading plugin exasol --
2026-01-22T18:23:10.086Z	INFO	main	io.trino.server.PluginManager	Installing io.trino.plugin.exasol.ExasolPlugin
2026-01-22T18:23:10.088Z	WARN	http-client-memory-manager-76	io.trino.memory.RemoteNodeMemory	Error fetching memory info from http://172.22.0.6:8080/v1/memory returned status 503
2026-01-22T18:23:10.089Z	INFO	main	io.trino.server.PluginManager	Registering connector exasol
2026-01-22T18:23:10.089Z	INFO	main	io.trino.server.PluginManager	-- Finished loading plugin exasol --
2026-01-22T18:23:10.089Z	INFO	main	io.trino.server.PluginManager	-- Loading plugin exchange-filesystem --
2026-01-22T18:23:10.098Z	INFO	main	io.trino.server.PluginManager	Installing io.trino.plugin.exchange.filesystem.FileSystemExchangePlugin
2026-01-22T18:23:10.100Z	INFO	main	io.trino.server.PluginManager	Registering exchange manager filesystem
2026-01-22T18:23:10.101Z	INFO	main	io.trino.server.PluginManager	-- Finished loading plugin exchange-filesystem --
2026-01-22T18:23:10.101Z	INFO	main	io.trino.server.PluginManager	-- Loading plugin exchange-hdfs --
2026-01-22T18:23:10.126Z	INFO	main	io.trino.server.PluginManager	Installing io.trino.plugin.exchange.hdfs.HdfsExchangePlugin
2026-01-22T18:23:10.129Z	INFO	main	io.trino.server.PluginManager	Registering exchange manager hdfs
2026-01-22T18:23:10.129Z	INFO	main	io.trino.server.PluginManager	-- Finished loading plugin exchange-hdfs --
2026-01-22T18:23:10.129Z	INFO	main	io.trino.server.PluginManager	-- Loading plugin faker --
2026-01-22T18:23:10.132Z	INFO	main	io.trino.server.PluginManager	Installing io.trino.plugin.faker.FakerPlugin
2026-01-22T18:23:10.134Z	INFO	main	io.trino.server.PluginManager	Registering connector faker
2026-01-22T18:23:10.135Z	INFO	main	io.trino.server.PluginManager	-- Finished loading plugin faker --
2026-01-22T18:23:10.135Z	INFO	main	io.trino.server.PluginManager	-- Loading plugin functions-python --
2026-01-22T18:23:10.137Z	INFO	main	io.trino.server.PluginManager	Installing io.trino.plugin.functions.python.PythonFunctionsPlugin
2026-01-22T18:23:10.138Z	INFO	main	io.trino.server.PluginManager	Registering language function engine PYTHON
2026-01-22T18:23:10.139Z	INFO	main	io.trino.server.PluginManager	-- Finished loading plugin functions-python --
2026-01-22T18:23:10.139Z	INFO	main	io.trino.server.PluginManager	-- Loading plugin geospatial --
2026-01-22T18:23:10.140Z	INFO	main	io.trino.server.PluginManager	Installing io.trino.plugin.geospatial.GeoPlugin
2026-01-22T18:23:10.143Z	INFO	main	io.trino.server.PluginManager	Registering type Geometry
2026-01-22T18:23:10.143Z	INFO	main	io.trino.server.PluginManager	Registering type BingTile
2026-01-22T18:23:10.143Z	INFO	main	io.trino.server.PluginManager	Registering type KdbTree
2026-01-22T18:23:10.143Z	INFO	main	io.trino.server.PluginManager	Registering type SphericalGeography
2026-01-22T18:23:10.146Z	INFO	main	io.trino.server.PluginManager	Registering functions from GeoPlugin
2026-01-22T18:23:10.157Z	INFO	main	io.trino.server.PluginManager	-- Finished loading plugin geospatial --
2026-01-22T18:23:10.158Z	INFO	main	io.trino.server.PluginManager	-- Loading plugin google-sheets --
2026-01-22T18:23:10.160Z	INFO	main	io.trino.server.PluginManager	Installing io.trino.plugin.google.sheets.SheetsPlugin
2026-01-22T18:23:10.162Z	INFO	main	io.trino.server.PluginManager	Registering connector gsheets
2026-01-22T18:23:10.164Z	INFO	main	io.trino.server.PluginManager	-- Finished loading plugin google-sheets --
2026-01-22T18:23:10.164Z	INFO	main	io.trino.server.PluginManager	-- Loading plugin hive --
2026-01-22T18:23:10.175Z	INFO	main	io.trino.server.PluginManager	Installing io.trino.plugin.hive.HivePlugin
2026-01-22T18:23:10.178Z	INFO	main	io.trino.server.PluginManager	Registering connector hive
2026-01-22T18:23:10.178Z	INFO	main	io.trino.server.PluginManager	Registering functions from HivePlugin
2026-01-22T18:23:10.179Z	INFO	main	io.trino.server.PluginManager	-- Finished loading plugin hive --
2026-01-22T18:23:10.179Z	INFO	main	io.trino.server.PluginManager	-- Loading plugin http-event-listener --
2026-01-22T18:23:10.181Z	INFO	main	io.trino.server.PluginManager	Installing io.trino.plugin.httpquery.HttpEventListenerPlugin
2026-01-22T18:23:10.182Z	INFO	main	io.trino.server.PluginManager	Registering event listener http
2026-01-22T18:23:10.182Z	INFO	main	io.trino.server.PluginManager	-- Finished loading plugin http-event-listener --
2026-01-22T18:23:10.182Z	INFO	main	io.trino.server.PluginManager	-- Loading plugin hudi --
2026-01-22T18:23:10.193Z	INFO	main	io.trino.server.PluginManager	Installing io.trino.plugin.hudi.HudiPlugin
2026-01-22T18:23:10.196Z	INFO	main	io.trino.server.PluginManager	Registering connector hudi
2026-01-22T18:23:10.196Z	INFO	main	io.trino.server.PluginManager	-- Finished loading plugin hudi --
2026-01-22T18:23:10.196Z	INFO	main	io.trino.server.PluginManager	-- Loading plugin iceberg --
2026-01-22T18:23:10.209Z	INFO	main	io.trino.server.PluginManager	Installing io.trino.plugin.iceberg.IcebergPlugin
2026-01-22T18:23:10.211Z	INFO	main	io.trino.server.PluginManager	Registering connector iceberg
2026-01-22T18:23:10.212Z	INFO	main	io.trino.server.PluginManager	Registering functions from IcebergPlugin
2026-01-22T18:23:10.214Z	INFO	main	io.trino.server.PluginManager	-- Finished loading plugin iceberg --
2026-01-22T18:23:10.214Z	INFO	main	io.trino.server.PluginManager	-- Loading plugin ignite --
2026-01-22T18:23:10.218Z	INFO	main	io.trino.server.PluginManager	Installing io.trino.plugin.ignite.IgnitePlugin
2026-01-22T18:23:10.220Z	INFO	main	io.trino.server.PluginManager	Registering connector ignite
2026-01-22T18:23:10.220Z	INFO	main	io.trino.server.PluginManager	-- Finished loading plugin ignite --
2026-01-22T18:23:10.220Z	INFO	main	io.trino.server.PluginManager	-- Loading plugin jmx --
2026-01-22T18:23:10.222Z	INFO	main	io.trino.server.PluginManager	Installing io.trino.plugin.jmx.JmxPlugin
2026-01-22T18:23:10.225Z	INFO	main	io.trino.server.PluginManager	Registering connector jmx
2026-01-22T18:23:10.225Z	INFO	main	io.trino.server.PluginManager	-- Finished loading plugin jmx --
2026-01-22T18:23:10.225Z	INFO	main	io.trino.server.PluginManager	-- Loading plugin kafka --
2026-01-22T18:23:10.230Z	INFO	main	io.trino.server.PluginManager	Installing io.trino.plugin.kafka.KafkaPlugin
2026-01-22T18:23:10.231Z	INFO	main	io.trino.server.PluginManager	Registering connector kafka
2026-01-22T18:23:10.231Z	INFO	main	io.trino.server.PluginManager	-- Finished loading plugin kafka --
2026-01-22T18:23:10.231Z	INFO	main	io.trino.server.PluginManager	-- Loading plugin kafka-event-listener --
2026-01-22T18:23:10.234Z	INFO	main	io.trino.server.PluginManager	Installing io.trino.plugin.eventlistener.kafka.KafkaEventListenerPlugin
2026-01-22T18:23:10.236Z	INFO	main	io.trino.server.PluginManager	Registering event listener kafka
2026-01-22T18:23:10.237Z	INFO	main	io.trino.server.PluginManager	-- Finished loading plugin kafka-event-listener --
2026-01-22T18:23:10.237Z	INFO	main	io.trino.server.PluginManager	-- Loading plugin lakehouse --
2026-01-22T18:23:10.247Z	INFO	main	io.trino.server.PluginManager	Installing io.trino.plugin.lakehouse.LakehousePlugin
2026-01-22T18:23:10.249Z	INFO	main	io.trino.server.PluginManager	Registering connector lakehouse
2026-01-22T18:23:10.250Z	INFO	main	io.trino.server.PluginManager	-- Finished loading plugin lakehouse --
2026-01-22T18:23:10.250Z	INFO	main	io.trino.server.PluginManager	-- Loading plugin ldap-group-provider --
2026-01-22T18:23:10.252Z	INFO	main	io.trino.server.PluginManager	Installing io.trino.plugin.ldapgroup.LdapGroupProviderPlugin
2026-01-22T18:23:10.254Z	INFO	main	io.trino.server.PluginManager	Registering group provider ldap
2026-01-22T18:23:10.254Z	INFO	main	io.trino.server.PluginManager	-- Finished loading plugin ldap-group-provider --
2026-01-22T18:23:10.254Z	INFO	main	io.trino.server.PluginManager	-- Loading plugin loki --
2026-01-22T18:23:10.256Z	INFO	main	io.trino.server.PluginManager	Installing io.trino.plugin.loki.LokiPlugin
2026-01-22T18:23:10.258Z	INFO	main	io.trino.server.PluginManager	Registering connector loki
2026-01-22T18:23:10.258Z	INFO	main	io.trino.server.PluginManager	-- Finished loading plugin loki --
2026-01-22T18:23:10.259Z	INFO	main	io.trino.server.PluginManager	-- Loading plugin mariadb --
2026-01-22T18:23:10.262Z	INFO	main	io.trino.server.PluginManager	Installing io.trino.plugin.mariadb.MariaDbPlugin
2026-01-22T18:23:10.264Z	INFO	main	io.trino.server.PluginManager	Registering connector mariadb
2026-01-22T18:23:10.264Z	INFO	main	io.trino.server.PluginManager	-- Finished loading plugin mariadb --
2026-01-22T18:23:10.264Z	INFO	main	io.trino.server.PluginManager	-- Loading plugin memory --
2026-01-22T18:23:10.266Z	INFO	main	io.trino.server.PluginManager	Installing io.trino.plugin.memory.MemoryPlugin
2026-01-22T18:23:10.268Z	INFO	main	io.trino.server.PluginManager	Registering connector memory
2026-01-22T18:23:10.268Z	INFO	main	io.trino.server.PluginManager	-- Finished loading plugin memory --
2026-01-22T18:23:10.268Z	INFO	main	io.trino.server.PluginManager	-- Loading plugin ml --
2026-01-22T18:23:10.269Z	INFO	main	io.trino.server.PluginManager	Installing io.trino.plugin.ml.MLPlugin
2026-01-22T18:23:10.272Z	INFO	main	io.trino.server.PluginManager	Registering type Model
2026-01-22T18:23:10.272Z	INFO	main	io.trino.server.PluginManager	Registering type Regressor
2026-01-22T18:23:10.272Z	INFO	main	io.trino.server.PluginManager	Registering parametric type Classifier
2026-01-22T18:23:10.274Z	INFO	main	io.trino.server.PluginManager	Registering functions from MLPlugin
2026-01-22T18:23:10.333Z	INFO	main	io.trino.server.PluginManager	-- Finished loading plugin ml --
2026-01-22T18:23:10.333Z	INFO	main	io.trino.server.PluginManager	-- Loading plugin mongodb --
2026-01-22T18:23:10.335Z	INFO	main	io.trino.server.PluginManager	Installing io.trino.plugin.mongodb.MongoPlugin
2026-01-22T18:23:10.338Z	INFO	main	io.trino.server.PluginManager	Registering type ObjectId
2026-01-22T18:23:10.338Z	INFO	main	io.trino.server.PluginManager	Registering connector mongodb
2026-01-22T18:23:10.339Z	INFO	main	io.trino.server.PluginManager	Registering functions from MongoPlugin
2026-01-22T18:23:10.341Z	INFO	main	io.trino.server.PluginManager	-- Finished loading plugin mongodb --
2026-01-22T18:23:10.341Z	INFO	main	io.trino.server.PluginManager	-- Loading plugin mysql --
2026-01-22T18:23:10.344Z	INFO	main	io.trino.server.PluginManager	Installing io.trino.plugin.mysql.MySqlPlugin
2026-01-22T18:23:10.347Z	INFO	main	io.trino.server.PluginManager	Registering connector mysql
2026-01-22T18:23:10.347Z	INFO	main	io.trino.server.PluginManager	-- Finished loading plugin mysql --
2026-01-22T18:23:10.347Z	INFO	main	io.trino.server.PluginManager	-- Loading plugin mysql-event-listener --
2026-01-22T18:23:10.349Z	INFO	main	io.trino.server.PluginManager	Installing io.trino.plugin.eventlistener.mysql.MysqlEventListenerPlugin
2026-01-22T18:23:10.351Z	INFO	main	io.trino.server.PluginManager	Registering event listener mysql
2026-01-22T18:23:10.352Z	INFO	main	io.trino.server.PluginManager	-- Finished loading plugin mysql-event-listener --
2026-01-22T18:23:10.352Z	INFO	main	io.trino.server.PluginManager	-- Loading plugin opa --
2026-01-22T18:23:10.353Z	INFO	main	io.trino.server.PluginManager	Installing io.trino.plugin.opa.OpaAccessControlPlugin
2026-01-22T18:23:10.355Z	INFO	main	io.trino.server.PluginManager	Registering system access control opa
2026-01-22T18:23:10.356Z	INFO	main	io.trino.server.PluginManager	-- Finished loading plugin opa --
2026-01-22T18:23:10.356Z	INFO	main	io.trino.server.PluginManager	-- Loading plugin openlineage --
2026-01-22T18:23:10.358Z	INFO	main	io.trino.server.PluginManager	Installing io.trino.plugin.openlineage.OpenLineagePlugin
2026-01-22T18:23:10.360Z	INFO	main	io.trino.server.PluginManager	Registering event listener openlineage
2026-01-22T18:23:10.360Z	INFO	main	io.trino.server.PluginManager	-- Finished loading plugin openlineage --
2026-01-22T18:23:10.360Z	INFO	main	io.trino.server.PluginManager	-- Loading plugin opensearch --
2026-01-22T18:23:10.365Z	INFO	main	io.trino.server.PluginManager	Installing io.trino.plugin.opensearch.OpenSearchPlugin
2026-01-22T18:23:10.368Z	INFO	main	io.trino.server.PluginManager	Registering connector opensearch
2026-01-22T18:23:10.368Z	INFO	main	io.trino.server.PluginManager	-- Finished loading plugin opensearch --
2026-01-22T18:23:10.368Z	INFO	main	io.trino.server.PluginManager	-- Loading plugin oracle --
2026-01-22T18:23:10.372Z	INFO	main	io.trino.server.PluginManager	Installing io.trino.plugin.oracle.OraclePlugin
2026-01-22T18:23:10.373Z	INFO	main	io.trino.server.PluginManager	Registering connector oracle
2026-01-22T18:23:10.373Z	INFO	main	io.trino.server.PluginManager	-- Finished loading plugin oracle --
2026-01-22T18:23:10.373Z	INFO	main	io.trino.server.PluginManager	-- Loading plugin password-authenticators --
2026-01-22T18:23:10.376Z	INFO	main	io.trino.server.PluginManager	Installing io.trino.plugin.password.PasswordAuthenticatorPlugin
2026-01-22T18:23:10.378Z	INFO	main	io.trino.server.PluginManager	Registering group provider file
2026-01-22T18:23:10.378Z	INFO	main	io.trino.server.PluginManager	-- Finished loading plugin password-authenticators --
2026-01-22T18:23:10.378Z	INFO	main	io.trino.server.PluginManager	-- Loading plugin pinot --
2026-01-22T18:23:10.390Z	INFO	main	io.trino.server.PluginManager	Installing io.trino.plugin.pinot.PinotPlugin
2026-01-22T18:23:10.392Z	INFO	main	io.trino.server.PluginManager	Registering connector pinot
2026-01-22T18:23:10.392Z	INFO	main	io.trino.server.PluginManager	-- Finished loading plugin pinot --
2026-01-22T18:23:10.392Z	INFO	main	io.trino.server.PluginManager	-- Loading plugin postgresql --
2026-01-22T18:23:10.396Z	INFO	main	io.trino.server.PluginManager	Installing io.trino.plugin.postgresql.PostgreSqlPlugin
2026-01-22T18:23:10.397Z	INFO	main	io.trino.server.PluginManager	Registering connector postgresql
2026-01-22T18:23:10.397Z	INFO	main	io.trino.server.PluginManager	-- Finished loading plugin postgresql --
2026-01-22T18:23:10.397Z	INFO	main	io.trino.server.PluginManager	-- Loading plugin prometheus --
2026-01-22T18:23:10.400Z	INFO	main	io.trino.server.PluginManager	Installing io.trino.plugin.prometheus.PrometheusPlugin
2026-01-22T18:23:10.403Z	INFO	main	io.trino.server.PluginManager	Registering connector prometheus
2026-01-22T18:23:10.403Z	INFO	main	io.trino.server.PluginManager	-- Finished loading plugin prometheus --
2026-01-22T18:23:10.403Z	INFO	main	io.trino.server.PluginManager	-- Loading plugin ranger --
2026-01-22T18:23:10.410Z	INFO	main	io.trino.server.PluginManager	Installing io.trino.plugin.ranger.ApacheRangerPlugin
2026-01-22T18:23:10.410Z	INFO	main	io.trino.server.PluginManager	Registering system access control ranger
2026-01-22T18:23:10.410Z	INFO	main	io.trino.server.PluginManager	-- Finished loading plugin ranger --
2026-01-22T18:23:10.410Z	INFO	main	io.trino.server.PluginManager	-- Loading plugin redis --
2026-01-22T18:23:10.414Z	INFO	main	io.trino.server.PluginManager	Installing io.trino.plugin.redis.RedisPlugin
2026-01-22T18:23:10.416Z	INFO	main	io.trino.server.PluginManager	Registering connector redis
2026-01-22T18:23:10.417Z	INFO	main	io.trino.server.PluginManager	-- Finished loading plugin redis --
2026-01-22T18:23:10.417Z	INFO	main	io.trino.server.PluginManager	-- Loading plugin redshift --
2026-01-22T18:23:10.421Z	INFO	main	io.trino.server.PluginManager	Installing io.trino.plugin.redshift.RedshiftPlugin
2026-01-22T18:23:10.423Z	INFO	main	io.trino.server.PluginManager	Registering connector redshift
2026-01-22T18:23:10.423Z	INFO	main	io.trino.server.PluginManager	-- Finished loading plugin redshift --
2026-01-22T18:23:10.423Z	INFO	main	io.trino.server.PluginManager	-- Loading plugin resource-group-managers --
2026-01-22T18:23:10.426Z	INFO	main	io.trino.server.PluginManager	Installing io.trino.plugin.resourcegroups.ResourceGroupManagerPlugin
2026-01-22T18:23:10.428Z	INFO	main	io.trino.server.PluginManager	Registering resource group configuration manager file
2026-01-22T18:23:10.428Z	INFO	main	io.trino.server.PluginManager	Registering resource group configuration manager db
2026-01-22T18:23:10.428Z	INFO	main	io.trino.server.PluginManager	-- Finished loading plugin resource-group-managers --
2026-01-22T18:23:10.428Z	INFO	main	io.trino.server.PluginManager	-- Loading plugin session-property-managers --
2026-01-22T18:23:10.430Z	INFO	main	io.trino.server.PluginManager	Installing io.trino.plugin.session.SessionPropertyConfigurationManagerPlugin
2026-01-22T18:23:10.433Z	INFO	main	io.trino.server.PluginManager	Registering session property configuration manager file
2026-01-22T18:23:10.433Z	INFO	main	io.trino.server.PluginManager	Registering session property configuration manager db
2026-01-22T18:23:10.433Z	INFO	main	io.trino.server.PluginManager	-- Finished loading plugin session-property-managers --
2026-01-22T18:23:10.433Z	INFO	main	io.trino.server.PluginManager	-- Loading plugin singlestore --
2026-01-22T18:23:10.436Z	INFO	main	io.trino.server.PluginManager	Installing io.trino.plugin.singlestore.SingleStorePlugin
2026-01-22T18:23:10.438Z	INFO	main	io.trino.server.PluginManager	Registering connector singlestore
2026-01-22T18:23:10.438Z	INFO	main	io.trino.server.PluginManager	-- Finished loading plugin singlestore --
2026-01-22T18:23:10.438Z	INFO	main	io.trino.server.PluginManager	-- Loading plugin snowflake --
2026-01-22T18:23:10.442Z	INFO	main	io.trino.server.PluginManager	Installing io.trino.plugin.snowflake.SnowflakePlugin
2026-01-22T18:23:10.444Z	INFO	main	io.trino.server.PluginManager	Registering connector snowflake
2026-01-22T18:23:10.444Z	INFO	main	io.trino.server.PluginManager	-- Finished loading plugin snowflake --
2026-01-22T18:23:10.444Z	INFO	main	io.trino.server.PluginManager	-- Loading plugin spooling-filesystem --
2026-01-22T18:23:10.450Z	INFO	main	io.trino.server.PluginManager	Installing io.trino.spooling.filesystem.FileSystemSpoolingPlugin
2026-01-22T18:23:10.450Z	INFO	main	io.trino.server.PluginManager	Registering spooling manager filesystem
2026-01-22T18:23:10.451Z	INFO	main	io.trino.server.PluginManager	-- Finished loading plugin spooling-filesystem --
2026-01-22T18:23:10.451Z	INFO	main	io.trino.server.PluginManager	-- Loading plugin sqlserver --
2026-01-22T18:23:10.454Z	INFO	main	io.trino.server.PluginManager	Installing io.trino.plugin.sqlserver.SqlServerPlugin
2026-01-22T18:23:10.456Z	INFO	main	io.trino.server.PluginManager	Registering connector sqlserver
2026-01-22T18:23:10.456Z	INFO	main	io.trino.server.PluginManager	-- Finished loading plugin sqlserver --
2026-01-22T18:23:10.456Z	INFO	main	io.trino.server.PluginManager	-- Loading plugin teradata-functions --
2026-01-22T18:23:10.457Z	INFO	main	io.trino.server.PluginManager	Installing io.trino.plugin.teradata.functions.TeradataFunctionsPlugin
2026-01-22T18:23:10.459Z	INFO	main	io.trino.server.PluginManager	Registering functions from TeradataFunctionsPlugin
2026-01-22T18:23:10.462Z	INFO	main	io.trino.server.PluginManager	-- Finished loading plugin teradata-functions --
2026-01-22T18:23:10.462Z	INFO	main	io.trino.server.PluginManager	-- Loading plugin thrift --
2026-01-22T18:23:10.466Z	INFO	main	io.trino.server.PluginManager	Installing io.trino.plugin.thrift.ThriftPlugin
2026-01-22T18:23:10.468Z	INFO	main	io.trino.server.PluginManager	Registering connector trino_thrift
2026-01-22T18:23:10.468Z	INFO	main	io.trino.server.PluginManager	-- Finished loading plugin thrift --
2026-01-22T18:23:10.468Z	INFO	main	io.trino.server.PluginManager	-- Loading plugin tpcds --
2026-01-22T18:23:10.470Z	INFO	main	io.trino.server.PluginManager	Installing io.trino.plugin.tpcds.TpcdsPlugin
2026-01-22T18:23:10.472Z	INFO	main	io.trino.server.PluginManager	Registering connector tpcds
2026-01-22T18:23:10.472Z	INFO	main	io.trino.server.PluginManager	-- Finished loading plugin tpcds --
2026-01-22T18:23:10.472Z	INFO	main	io.trino.server.PluginManager	-- Loading plugin tpch --
2026-01-22T18:23:10.474Z	INFO	main	io.trino.server.PluginManager	Installing io.trino.plugin.tpch.TpchPlugin
2026-01-22T18:23:10.476Z	INFO	main	io.trino.server.PluginManager	Registering connector tpch
2026-01-22T18:23:10.476Z	INFO	main	io.trino.server.PluginManager	-- Finished loading plugin tpch --
2026-01-22T18:23:10.476Z	INFO	main	io.trino.server.PluginManager	-- Loading plugin vertica --
2026-01-22T18:23:10.479Z	INFO	main	io.trino.server.PluginManager	Installing io.trino.plugin.vertica.VerticaPlugin
2026-01-22T18:23:10.481Z	INFO	main	io.trino.server.PluginManager	Registering connector vertica
2026-01-22T18:23:10.481Z	INFO	main	io.trino.server.PluginManager	-- Finished loading plugin vertica --
2026-01-22T18:23:10.482Z	INFO	main	io.trino.connector.StaticCatalogManager	-- Loading catalog kafka --
2026-01-22T18:23:10.520Z	INFO	main	org.hibernate.validator.internal.util.Version	HV000001: Hibernate Validator 9.1.0.Final
2026-01-22T18:23:10.655Z	INFO	main	io.trino.bootstrap.catalog.kafka	PROPERTY                                             DEFAULT  RUNTIME                          DESCRIPTION
2026-01-22T18:23:10.655Z	INFO	main	io.trino.bootstrap.catalog.kafka	kafka.default-schema                                 default  default                          Schema name to use in the connector
2026-01-22T18:23:10.655Z	INFO	main	io.trino.bootstrap.catalog.kafka	kafka.hide-internal-columns                          true     false                            Whether internal columns are shown in table metadata or not. Default is no
2026-01-22T18:23:10.655Z	INFO	main	io.trino.bootstrap.catalog.kafka	kafka.internal-column-prefix                         _        _                                Prefix for internal columns
2026-01-22T18:23:10.655Z	INFO	main	io.trino.bootstrap.catalog.kafka	kafka.buffer-size                                    64kB     64kB                             Kafka message consumer buffer size
2026-01-22T18:23:10.655Z	INFO	main	io.trino.bootstrap.catalog.kafka	kafka.messages-per-split                             100000   100000                           Count of Kafka messages to be processed by single Trino Kafka connector split
2026-01-22T18:23:10.655Z	INFO	main	io.trino.bootstrap.catalog.kafka	kafka.nodes                                          []       [kafka:29092]                    Seed nodes for Kafka cluster. At least one must exist
2026-01-22T18:23:10.655Z	INFO	main	io.trino.bootstrap.catalog.kafka	kafka.config.resources                               []       []                               Optional config files
2026-01-22T18:23:10.655Z	INFO	main	io.trino.bootstrap.catalog.kafka	kafka.table-description-supplier                     file     CONFLUENT                        The table description supplier to use, default is FILE
2026-01-22T18:23:10.655Z	INFO	main	io.trino.bootstrap.catalog.kafka	kafka.timestamp-upper-bound-force-push-down-enabled  false    false                            timestamp upper bound force pushing down enabled
2026-01-22T18:23:10.655Z	INFO	main	io.trino.bootstrap.catalog.kafka	kafka.security-protocol                              ----     ----                             Kafka communication security protocol
2026-01-22T18:23:10.655Z	INFO	main	io.trino.bootstrap.catalog.kafka	kafka.protobuf-any-support-enabled                   false    false                            True to enable supporting encoding google.protobuf.Any types as JSON
2026-01-22T18:23:10.655Z	INFO	main	io.trino.bootstrap.catalog.kafka	kafka.confluent-schema-registry-client-cache-size    1000     1000                             The maximum number of subjects that can be stored in the Confluent Schema Registry client cache
2026-01-22T18:23:10.655Z	INFO	main	io.trino.bootstrap.catalog.kafka	kafka.confluent-schema-registry-url                  []       [[http://schema-registry:8081]]  The url of the Confluent Schema Registry
2026-01-22T18:23:10.655Z	INFO	main	io.trino.bootstrap.catalog.kafka	kafka.confluent-subjects-cache-refresh-interval      1.00s    1.00s                            The interval that the topic to subjects cache will be refreshed
2026-01-22T18:23:10.655Z	INFO	main	io.trino.bootstrap.catalog.kafka	kafka.empty-field-strategy                           IGNORE   IGNORE                           How to handle struct types with no fields: ignore, add a marker field named '$empty_field_marker' or fail the query
2026-01-22T18:23:10.811Z	INFO	main	io.trino.connector.StaticCatalogManager	-- Added catalog kafka using connector kafka --
2026-01-22T18:23:10.811Z	INFO	main	io.trino.connector.StaticCatalogManager	-- Loading catalog minio --
2026-01-22T18:23:10.860Z	INFO	main	org.hibernate.validator.internal.util.Version	HV000001: Hibernate Validator 9.1.0.Final
2026-01-22T18:23:11.059Z	INFO	main	io.trino.bootstrap.catalog.minio	PROPERTY                                          DEFAULT           RUNTIME                     DESCRIPTION
2026-01-22T18:23:11.059Z	INFO	main	io.trino.bootstrap.catalog.minio	fs.alluxio.enabled                                false             false
2026-01-22T18:23:11.059Z	INFO	main	io.trino.bootstrap.catalog.minio	fs.cache.enabled                                  false             false
2026-01-22T18:23:11.059Z	INFO	main	io.trino.bootstrap.catalog.minio	fs.hadoop.enabled                                 false             false
2026-01-22T18:23:11.059Z	INFO	main	io.trino.bootstrap.catalog.minio	fs.native-azure.enabled                           false             false
2026-01-22T18:23:11.059Z	INFO	main	io.trino.bootstrap.catalog.minio	fs.native-gcs.enabled                             false             false
2026-01-22T18:23:11.059Z	INFO	main	io.trino.bootstrap.catalog.minio	fs.native-local.enabled                           false             false
2026-01-22T18:23:11.059Z	INFO	main	io.trino.bootstrap.catalog.minio	fs.native-s3.enabled                              false             true
2026-01-22T18:23:11.059Z	INFO	main	io.trino.bootstrap.catalog.minio	fs.tracking.enabled                               false             false                       Enable input/output stream tracking to detect resource leaks
2026-01-22T18:23:11.059Z	INFO	main	io.trino.bootstrap.catalog.minio	fs.memory-cache.ttl                               1.00h             1.00h                       Duration to keep files in the cache prior to eviction
2026-01-22T18:23:11.059Z	INFO	main	io.trino.bootstrap.catalog.minio	fs.memory-cache.max-content-length                8MB               8MB                         Maximum size of file that can be cached
2026-01-22T18:23:11.059Z	INFO	main	io.trino.bootstrap.catalog.minio	fs.memory-cache.max-size                          200MB             200MB                       Maximum total size of the cache
2026-01-22T18:23:11.059Z	INFO	main	io.trino.bootstrap.catalog.minio	s3.application-id                                 Trino             Trino                       Suffix that will be added to HTTP User-Agent header to identify the application
2026-01-22T18:23:11.059Z	INFO	main	io.trino.bootstrap.catalog.minio	s3.aws-access-key                                 ----              minio
2026-01-22T18:23:11.059Z	INFO	main	io.trino.bootstrap.catalog.minio	s3.aws-secret-key                                 [REDACTED]        [REDACTED]
2026-01-22T18:23:11.059Z	INFO	main	io.trino.bootstrap.catalog.minio	s3.canned-acl                                     NONE              NONE                        Canned ACL (predefined grants) to manage access to objects
2026-01-22T18:23:11.059Z	INFO	main	io.trino.bootstrap.catalog.minio	s3.connection-max-idle-time                       ----              ----                        Maximum time allowed for connections to remain idle in the connection pool before being closed
2026-01-22T18:23:11.059Z	INFO	main	io.trino.bootstrap.catalog.minio	s3.connection-ttl                                 ----              ----                        Maximum time allowed for connections to be reused before being replaced in the connection pool
2026-01-22T18:23:11.059Z	INFO	main	io.trino.bootstrap.catalog.minio	s3.cross-region-access                            false             false                       Enable S3 cross region access
2026-01-22T18:23:11.059Z	INFO	main	io.trino.bootstrap.catalog.minio	s3.endpoint                                       ----              http://minio:9000
2026-01-22T18:23:11.059Z	INFO	main	io.trino.bootstrap.catalog.minio	s3.external-id                                    ----              ----                        External ID for the IAM role trust policy when connecting to S3
2026-01-22T18:23:11.059Z	INFO	main	io.trino.bootstrap.catalog.minio	s3.http-proxy                                     ----              ----
2026-01-22T18:23:11.059Z	INFO	main	io.trino.bootstrap.catalog.minio	s3.http-proxy.password                            [REDACTED]        [REDACTED]
2026-01-22T18:23:11.059Z	INFO	main	io.trino.bootstrap.catalog.minio	s3.http-proxy.preemptive-basic-auth               false             false
2026-01-22T18:23:11.059Z	INFO	main	io.trino.bootstrap.catalog.minio	s3.http-proxy.secure                              false             false
2026-01-22T18:23:11.059Z	INFO	main	io.trino.bootstrap.catalog.minio	s3.http-proxy.username                            ----              ----
2026-01-22T18:23:11.059Z	INFO	main	io.trino.bootstrap.catalog.minio	s3.iam-role                                       ----              ----                        ARN of an IAM role to assume when connecting to S3
2026-01-22T18:23:11.059Z	INFO	main	io.trino.bootstrap.catalog.minio	s3.max-connections                                500               500
2026-01-22T18:23:11.059Z	INFO	main	io.trino.bootstrap.catalog.minio	s3.max-error-retries                              20                20
2026-01-22T18:23:11.059Z	INFO	main	io.trino.bootstrap.catalog.minio	s3.http-proxy.non-proxy-hosts                     []                []
2026-01-22T18:23:11.059Z	INFO	main	io.trino.bootstrap.catalog.minio	s3.path-style-access                              false             true                        Use path-style access for all requests to S3
2026-01-22T18:23:11.059Z	INFO	main	io.trino.bootstrap.catalog.minio	s3.region                                         ----              ----
2026-01-22T18:23:11.059Z	INFO	main	io.trino.bootstrap.catalog.minio	s3.requester-pays                                 false             false
2026-01-22T18:23:11.059Z	INFO	main	io.trino.bootstrap.catalog.minio	s3.retry-mode                                     LEGACY            LEGACY                      Specifies how the AWS SDK attempts retries, default is LEGACY
2026-01-22T18:23:11.059Z	INFO	main	io.trino.bootstrap.catalog.minio	s3.role-session-name                              trino-filesystem  trino-filesystem            Role session name to use when connecting to S3
2026-01-22T18:23:11.059Z	INFO	main	io.trino.bootstrap.catalog.minio	s3.signer-type                                    ----              ----                        AWS signing protocol to use while authenticating S3 requests
2026-01-22T18:23:11.059Z	INFO	main	io.trino.bootstrap.catalog.minio	s3.socket-connect-timeout                         ----              ----                        Maximum time allowed for socket connect to complete before timing out
2026-01-22T18:23:11.059Z	INFO	main	io.trino.bootstrap.catalog.minio	s3.socket-timeout                                 ----              ----                        Maximum time allowed for socket reads/writes before timing out
2026-01-22T18:23:11.059Z	INFO	main	io.trino.bootstrap.catalog.minio	s3.sse.customer-key                               [REDACTED]        [REDACTED]                  Customer Key to use for S3 server-side encryption with Customer key (SSE-C)
2026-01-22T18:23:11.059Z	INFO	main	io.trino.bootstrap.catalog.minio	s3.sse.kms-key-id                                 ----              ----                        KMS Key ID to use for S3 server-side encryption with KMS-managed key
2026-01-22T18:23:11.059Z	INFO	main	io.trino.bootstrap.catalog.minio	s3.sse.type                                       NONE              NONE
2026-01-22T18:23:11.059Z	INFO	main	io.trino.bootstrap.catalog.minio	s3.storage-class                                  STANDARD          STANDARD                    The S3 storage class to use when writing the data
2026-01-22T18:23:11.059Z	INFO	main	io.trino.bootstrap.catalog.minio	s3.streaming.part-size                            32MB              32MB                        Part size for S3 streaming upload
2026-01-22T18:23:11.059Z	INFO	main	io.trino.bootstrap.catalog.minio	s3.sts.endpoint                                   ----              ----
2026-01-22T18:23:11.059Z	INFO	main	io.trino.bootstrap.catalog.minio	s3.sts.region                                     ----              ----
2026-01-22T18:23:11.059Z	INFO	main	io.trino.bootstrap.catalog.minio	s3.tcp-keep-alive                                 false             false                       Enable TCP keep alive on created connections
2026-01-22T18:23:11.059Z	INFO	main	io.trino.bootstrap.catalog.minio	s3.use-web-identity-token-credentials-provider    false             false
2026-01-22T18:23:11.059Z	INFO	main	io.trino.bootstrap.catalog.minio	s3.security-mapping.enabled                       false             false
2026-01-22T18:23:11.059Z	INFO	main	io.trino.bootstrap.catalog.minio	jmx.base-name                                     ----              ----
2026-01-22T18:23:11.059Z	INFO	main	io.trino.bootstrap.catalog.minio	iceberg.max-open-sort-files                       50                50                          Maximum number of writer temporary files to read in one pass
2026-01-22T18:23:11.059Z	INFO	main	io.trino.bootstrap.catalog.minio	iceberg.writer-sort-buffer-size                   64MB              64MB
2026-01-22T18:23:11.059Z	INFO	main	io.trino.bootstrap.catalog.minio	hive.orc.bloom-filters.enabled                    false             false
2026-01-22T18:23:11.059Z	INFO	main	io.trino.bootstrap.catalog.minio	hive.orc.lazy-read-small-ranges                   true              true                        ORC read small disk ranges lazily
2026-01-22T18:23:11.059Z	INFO	main	io.trino.bootstrap.catalog.minio	hive.orc.max-read-block-size                      16MB              16MB
2026-01-22T18:23:11.059Z	INFO	main	io.trino.bootstrap.catalog.minio	hive.orc.max-buffer-size                          8MB               8MB
2026-01-22T18:23:11.059Z	INFO	main	io.trino.bootstrap.catalog.minio	hive.orc.max-merge-distance                       1MB               1MB
2026-01-22T18:23:11.059Z	INFO	main	io.trino.bootstrap.catalog.minio	hive.orc.nested-lazy                              true              true                        ORC lazily read nested data
2026-01-22T18:23:11.059Z	INFO	main	io.trino.bootstrap.catalog.minio	hive.orc.read-legacy-short-zone-id                false             false                       Allow reads on ORC files with short zone ID in the stripe footer
2026-01-22T18:23:11.059Z	INFO	main	io.trino.bootstrap.catalog.minio	hive.orc.stream-buffer-size                       8MB               8MB
2026-01-22T18:23:11.059Z	INFO	main	io.trino.bootstrap.catalog.minio	hive.orc.tiny-stripe-threshold                    8MB               8MB
2026-01-22T18:23:11.059Z	INFO	main	io.trino.bootstrap.catalog.minio	hive.orc.use-column-names                         false             false                       Access ORC columns using names from the file
2026-01-22T18:23:11.059Z	INFO	main	io.trino.bootstrap.catalog.minio	hive.orc.default-bloom-filter-fpp                 0.05              0.05                        ORC Bloom filter false positive probability
2026-01-22T18:23:11.059Z	INFO	main	io.trino.bootstrap.catalog.minio	hive.orc.writer.dictionary-max-memory             16MB              16MB
2026-01-22T18:23:11.059Z	INFO	main	io.trino.bootstrap.catalog.minio	hive.orc.writer.max-compression-buffer-size       256kB             256kB
2026-01-22T18:23:11.059Z	INFO	main	io.trino.bootstrap.catalog.minio	hive.orc.writer.row-group-max-rows                10000             10000
2026-01-22T18:23:11.059Z	INFO	main	io.trino.bootstrap.catalog.minio	hive.orc.writer.string-statistics-limit           64B               64B
2026-01-22T18:23:11.059Z	INFO	main	io.trino.bootstrap.catalog.minio	hive.orc.writer.stripe-max-rows                   10000000          10000000
2026-01-22T18:23:11.059Z	INFO	main	io.trino.bootstrap.catalog.minio	hive.orc.writer.stripe-max-size                   64MB              64MB
2026-01-22T18:23:11.059Z	INFO	main	io.trino.bootstrap.catalog.minio	hive.orc.writer.stripe-min-size                   32MB              32MB
2026-01-22T18:23:11.059Z	INFO	main	io.trino.bootstrap.catalog.minio	hive.orc.writer.validation-mode                   BOTH              BOTH                        Level of detail in ORC validation. Lower levels require more memory.
2026-01-22T18:23:11.059Z	INFO	main	io.trino.bootstrap.catalog.minio	hive.orc.writer.validation-percentage             0.0               0.0                         Percentage of ORC files to validate after write by re-reading the whole file
2026-01-22T18:23:11.059Z	INFO	main	io.trino.bootstrap.catalog.minio	hive.orc.writer.writer-identification             TRINO             TRINO
2026-01-22T18:23:11.059Z	INFO	main	io.trino.bootstrap.catalog.minio	parquet.ignore-statistics                         false             false                       Ignore statistics from Parquet to allow querying files with corrupted or incorrect statistics
2026-01-22T18:23:11.059Z	INFO	main	io.trino.bootstrap.catalog.minio	parquet.max-buffer-size                           8MB               8MB
2026-01-22T18:23:11.059Z	INFO	main	io.trino.bootstrap.catalog.minio	parquet.max-footer-read-size                      15MB              15MB                        Maximum allowed size of the parquet footer. Files with footers larger than this will generate an exception on read
2026-01-22T18:23:11.059Z	INFO	main	io.trino.bootstrap.catalog.minio	parquet.max-merge-distance                        1MB               1MB
2026-01-22T18:23:11.059Z	INFO	main	io.trino.bootstrap.catalog.minio	parquet.max-page-read-size                        500MB             500MB                       Maximum allowed size of a parquet page during reads. Files with parquet pages larger than this will generate an exception on read
2026-01-22T18:23:11.059Z	INFO	main	io.trino.bootstrap.catalog.minio	parquet.max-read-block-row-count                  8192              8192                        Maximum number of rows read in a batch
2026-01-22T18:23:11.059Z	INFO	main	io.trino.bootstrap.catalog.minio	parquet.max-read-block-size                       16MB              16MB
2026-01-22T18:23:11.059Z	INFO	main	io.trino.bootstrap.catalog.minio	parquet.small-file-threshold                      3MB               3MB                         Size below which a parquet file will be read entirely
2026-01-22T18:23:11.059Z	INFO	main	io.trino.bootstrap.catalog.minio	parquet.use-bloom-filter                          true              true                        Use Parquet Bloom filters
2026-01-22T18:23:11.059Z	INFO	main	io.trino.bootstrap.catalog.minio	parquet.use-column-index                          true              true                        Enable using Parquet column indexes
2026-01-22T18:23:11.059Z	INFO	main	io.trino.bootstrap.catalog.minio	parquet.experimental.vectorized-decoding.enabled  true              true                        Enable using Java Vector API for faster decoding of parquet files
2026-01-22T18:23:11.059Z	INFO	main	io.trino.bootstrap.catalog.minio	parquet.writer.batch-size                         10000             10000                       Maximum number of rows passed to the writer in each batch
2026-01-22T18:23:11.059Z	INFO	main	io.trino.bootstrap.catalog.minio	parquet.writer.block-size                         128MB             128MB
2026-01-22T18:23:11.059Z	INFO	main	io.trino.bootstrap.catalog.minio	parquet.writer.page-size                          1048576B          1048576B
2026-01-22T18:23:11.059Z	INFO	main	io.trino.bootstrap.catalog.minio	parquet.writer.page-value-count                   60000             60000
2026-01-22T18:23:11.059Z	INFO	main	io.trino.bootstrap.catalog.minio	parquet.writer.validation-percentage              5.0               5.0                         Percentage of parquet files to validate after write by re-reading the whole file
2026-01-22T18:23:11.059Z	INFO	main	io.trino.bootstrap.catalog.minio	iceberg.add-files-procedure.enabled               false             false                       Allow users to call the add_files procedure
2026-01-22T18:23:11.059Z	INFO	main	io.trino.bootstrap.catalog.minio	iceberg.allowed-extra-properties                  []                []                          List of extra properties that are allowed to be set on Iceberg tables
2026-01-22T18:23:11.059Z	INFO	main	io.trino.bootstrap.catalog.minio	iceberg.bucket-execution                          true              true                        Enable bucket-aware execution: use physical bucketing information to optimize queries
2026-01-22T18:23:11.059Z	INFO	main	io.trino.bootstrap.catalog.minio	iceberg.catalog.type                              HIVE_METASTORE    NESSIE
2026-01-22T18:23:11.059Z	INFO	main	io.trino.bootstrap.catalog.minio	iceberg.extended-statistics.collect-on-write      true              true                        Collect extended statistics during writes
2026-01-22T18:23:11.059Z	INFO	main	io.trino.bootstrap.catalog.minio	iceberg.compression-codec                         ZSTD              ZSTD
2026-01-22T18:23:11.059Z	INFO	main	io.trino.bootstrap.catalog.minio	iceberg.delete-schema-locations-fallback          false             false                       Whether schema locations should be deleted when Trino can't determine whether they contain external files.
2026-01-22T18:23:11.059Z	INFO	main	io.trino.bootstrap.catalog.minio	iceberg.dynamic-filtering.wait-timeout            1.00s             1.00s                       Duration to wait for completion of dynamic filters during split generation
2026-01-22T18:23:11.059Z	INFO	main	io.trino.bootstrap.catalog.minio	iceberg.expire-snapshots.min-retention            7.00d             7.00d                       Minimal retention period for expire_snapshot procedure
2026-01-22T18:23:11.059Z	INFO	main	io.trino.bootstrap.catalog.minio	iceberg.extended-statistics.enabled               true              true                        Enable collection (ANALYZE) and use of extended statistics.
2026-01-22T18:23:11.059Z	INFO	main	io.trino.bootstrap.catalog.minio	iceberg.file-based-conflict-detection             true              true                        Enable file-based conflict detection: take partition information from the actual written files as a source for the conflict detection system
2026-01-22T18:23:11.059Z	INFO	main	io.trino.bootstrap.catalog.minio	iceberg.file-delete-threads                       48                48                          Number of threads to use for deleting files when running expire_snapshots procedure
2026-01-22T18:23:11.059Z	INFO	main	io.trino.bootstrap.catalog.minio	iceberg.file-format                               PARQUET           PARQUET
2026-01-22T18:23:11.059Z	INFO	main	io.trino.bootstrap.catalog.minio	iceberg.format-version                            2                 2                           Default Iceberg table format version
2026-01-22T18:23:11.059Z	INFO	main	io.trino.bootstrap.catalog.minio	iceberg.materialized-views.hide-storage-table     true              true                        Hide materialized view storage tables in metastore
2026-01-22T18:23:11.059Z	INFO	main	io.trino.bootstrap.catalog.minio	iceberg.hive-catalog-name                         ----              ----                        Catalog to redirect to when a Hive table is referenced
2026-01-22T18:23:11.059Z	INFO	main	io.trino.bootstrap.catalog.minio	iceberg.idle-writer-min-file-size                 16MB              16MB                        Minimum data written by a single partition writer before it can be consider as 'idle' and could be closed by the engine
2026-01-22T18:23:11.059Z	INFO	main	io.trino.bootstrap.catalog.minio	iceberg.incremental-refresh-enabled               true              true                        Enable Incremental refresh for MVs backed by Iceberg tables, when possible
2026-01-22T18:23:11.059Z	INFO	main	io.trino.bootstrap.catalog.minio	iceberg.materialized-views.storage-schema         ----              ----                        Schema for creating materialized views storage tables
2026-01-22T18:23:11.059Z	INFO	main	io.trino.bootstrap.catalog.minio	iceberg.max-commit-retry                          ----              ----                        Number of times to retry a commit before failing
2026-01-22T18:23:11.059Z	INFO	main	io.trino.bootstrap.catalog.minio	iceberg.max-partitions-per-writer                 100               100                         Maximum number of partitions per writer
2026-01-22T18:23:11.059Z	INFO	main	io.trino.bootstrap.catalog.minio	iceberg.metadata-cache.enabled                    true              true                        Enables in-memory caching of metadata files on coordinator if fs.cache.enabled is not set to true
2026-01-22T18:23:11.059Z	INFO	main	io.trino.bootstrap.catalog.minio	iceberg.metadata.parallelism                      8                 8                           Limits metadata enumeration calls parallelism
2026-01-22T18:23:11.059Z	INFO	main	io.trino.bootstrap.catalog.minio	iceberg.minimum-assigned-split-weight             0.05              0.05                        Minimum weight that a split can be assigned
2026-01-22T18:23:11.059Z	INFO	main	io.trino.bootstrap.catalog.minio	iceberg.object-store-layout.enabled               false             false                       Enable the Iceberg object store file layout
2026-01-22T18:23:11.059Z	INFO	main	io.trino.bootstrap.catalog.minio	iceberg.planning-threads                          16                16                          Number of threads to use for metadata scans in planning
2026-01-22T18:23:11.059Z	INFO	main	io.trino.bootstrap.catalog.minio	iceberg.projection-pushdown-enabled               true              true                        Read only required fields from a row type
2026-01-22T18:23:11.059Z	INFO	main	io.trino.bootstrap.catalog.minio	iceberg.query-partition-filter-required           false             false                       Require a filter on at least one partition column
2026-01-22T18:23:11.059Z	INFO	main	io.trino.bootstrap.catalog.minio	iceberg.query-partition-filter-required-schemas   []                []                          List of schemas for which filter on partition column is enforced
2026-01-22T18:23:11.059Z	INFO	main	io.trino.bootstrap.catalog.minio	iceberg.register-table-procedure.enabled          false             false                       Allow users to call the register_table procedure
2026-01-22T18:23:11.059Z	INFO	main	io.trino.bootstrap.catalog.minio	iceberg.remove-orphan-files.min-retention         7.00d             7.00d                       Minimal retention period for remove_orphan_files procedure
2026-01-22T18:23:11.059Z	INFO	main	io.trino.bootstrap.catalog.minio	iceberg.sorted-writing-enabled                    true              true                        Enable sorted writing to tables with a specified sort order
2026-01-22T18:23:11.059Z	INFO	main	io.trino.bootstrap.catalog.minio	iceberg.sorted-writing.local-staging-path         ----              ----                        Use provided local directory for staging writes to sorted tables. Use ${USER} placeholder to use different location for each user
2026-01-22T18:23:11.059Z	INFO	main	io.trino.bootstrap.catalog.minio	iceberg.split-manager-threads                     32                32                          Number of threads to use for generating splits
2026-01-22T18:23:11.059Z	INFO	main	io.trino.bootstrap.catalog.minio	iceberg.table-statistics-enabled                  true              true                        Enable use of table statistics
2026-01-22T18:23:11.059Z	INFO	main	io.trino.bootstrap.catalog.minio	iceberg.target-max-file-size                      1GB               1GB                         Target maximum size of written files; the actual size may be larger
2026-01-22T18:23:11.059Z	INFO	main	io.trino.bootstrap.catalog.minio	iceberg.unique-table-location                     true              true                        Use randomized, unique table locations
2026-01-22T18:23:11.059Z	INFO	main	io.trino.bootstrap.catalog.minio	iceberg.use-file-size-from-metadata               true              true
2026-01-22T18:23:11.059Z	INFO	main	io.trino.bootstrap.catalog.minio	iceberg.security                                  ALLOW_ALL         ALLOW_ALL
2026-01-22T18:23:11.059Z	INFO	main	io.trino.bootstrap.catalog.minio	iceberg.nessie-catalog.authentication.token       [REDACTED]        [REDACTED]                  The token to use with BEARER authentication
2026-01-22T18:23:11.059Z	INFO	main	io.trino.bootstrap.catalog.minio	iceberg.nessie-catalog.client-api-version         ----              ----                        Client API version to use
2026-01-22T18:23:11.059Z	INFO	main	io.trino.bootstrap.catalog.minio	iceberg.nessie-catalog.enable-compression         true              true                        Configure whether compression should be enabled or not.
2026-01-22T18:23:11.059Z	INFO	main	io.trino.bootstrap.catalog.minio	iceberg.nessie-catalog.connection-timeout         5000.00ms         5000.00ms                   The connection timeout for the client.
2026-01-22T18:23:11.059Z	INFO	main	io.trino.bootstrap.catalog.minio	iceberg.nessie-catalog.ref                        main              main                        The default Nessie reference to work on
2026-01-22T18:23:11.059Z	INFO	main	io.trino.bootstrap.catalog.minio	iceberg.nessie-catalog.default-warehouse-dir      ----              s3://icebergwarehouse/      The default warehouse to use for Nessie
2026-01-22T18:23:11.059Z	INFO	main	io.trino.bootstrap.catalog.minio	iceberg.nessie-catalog.read-timeout               25000.00ms        25000.00ms                  The read timeout for the client.
2026-01-22T18:23:11.059Z	INFO	main	io.trino.bootstrap.catalog.minio	iceberg.nessie-catalog.authentication.type        ----              ----                        The authentication type to use
2026-01-22T18:23:11.059Z	INFO	main	io.trino.bootstrap.catalog.minio	iceberg.nessie-catalog.uri                        ----              http://nessie:19120/api/v1  The URI to connect to the Nessie server
2026-01-22T18:23:12.022Z	WARN	http-client-memory-manager-73	io.trino.memory.RemoteNodeMemory	Error fetching memory info from http://172.22.0.6:8080/v1/memory returned status 503
2026-01-22T18:23:13.035Z	WARN	http-client-memory-manager-78	io.trino.memory.RemoteNodeMemory	Error fetching memory info from http://172.22.0.6:8080/v1/memory returned status 503
2026-01-22T18:23:15.047Z	WARN	http-client-memory-manager-75	io.trino.memory.RemoteNodeMemory	Error fetching memory info from http://172.22.0.6:8080/v1/memory returned status 503
2026-01-22T18:23:17.047Z	WARN	http-client-memory-manager-77	io.trino.memory.RemoteNodeMemory	Error fetching memory info from http://172.22.0.6:8080/v1/memory returned status 503
2026-01-22T18:23:18.055Z	WARN	http-client-memory-manager-75	io.trino.memory.RemoteNodeMemory	Error fetching memory info from http://172.22.0.6:8080/v1/memory returned status 503
2026-01-22T18:23:20.068Z	WARN	http-client-memory-manager-77	io.trino.memory.RemoteNodeMemory	Error fetching memory info from http://172.22.0.6:8080/v1/memory returned status 503
2026-01-22T18:23:22.077Z	WARN	http-client-memory-manager-75	io.trino.memory.RemoteNodeMemory	Error fetching memory info from http://172.22.0.6:8080/v1/memory returned status 503
2026-01-22T18:23:24.078Z	WARN	http-client-memory-manager-77	io.trino.memory.RemoteNodeMemory	Error fetching memory info from http://172.22.0.6:8080/v1/memory returned status 503
2026-01-22T18:23:26.089Z	WARN	http-client-memory-manager-75	io.trino.memory.RemoteNodeMemory	Error fetching memory info from http://172.22.0.6:8080/v1/memory returned status 503
2026-01-22T18:23:28.091Z	WARN	http-client-memory-manager-77	io.trino.memory.RemoteNodeMemory	Error fetching memory info from http://172.22.0.6:8080/v1/memory returned status 503
2026-01-22T18:23:30.104Z	WARN	http-client-memory-manager-75	io.trino.memory.RemoteNodeMemory	Error fetching memory info from http://172.22.0.6:8080/v1/memory returned status 503
2026-01-22T18:23:32.109Z	WARN	http-client-memory-manager-77	io.trino.memory.RemoteNodeMemory	Error fetching memory info from http://172.22.0.6:8080/v1/memory returned status 503
2026-01-22T18:23:34.119Z	WARN	http-client-memory-manager-75	io.trino.memory.RemoteNodeMemory	Error fetching memory info from http://172.22.0.6:8080/v1/memory returned status 503
2026-01-22T18:23:36.129Z	WARN	http-client-memory-manager-77	io.trino.memory.RemoteNodeMemory	Error fetching memory info from http://172.22.0.6:8080/v1/memory returned status 503
2026-01-22T18:23:38.134Z	WARN	http-client-memory-manager-75	io.trino.memory.RemoteNodeMemory	Error fetching memory info from http://172.22.0.6:8080/v1/memory returned status 503
2026-01-22T18:23:38.370Z	INFO	main	io.trino.connector.StaticCatalogManager	-- Loading catalog mysql --
2026-01-22T18:23:38.422Z	INFO	main	org.hibernate.validator.internal.util.Version	HV000001: Hibernate Validator 9.1.0.Final
2026-01-22T18:23:38.563Z	INFO	main	io.trino.bootstrap.catalog.mysql	PROPERTY                                                       DEFAULT      RUNTIME               DESCRIPTION
2026-01-22T18:23:38.563Z	INFO	main	io.trino.bootstrap.catalog.mysql	case-insensitive-name-matching                                 false        false
2026-01-22T18:23:38.563Z	INFO	main	io.trino.bootstrap.catalog.mysql	case-insensitive-name-matching.cache-ttl                       1.00m        1.00m
2026-01-22T18:23:38.563Z	INFO	main	io.trino.bootstrap.catalog.mysql	case-insensitive-name-matching.config-file                     ----         ----
2026-01-22T18:23:38.563Z	INFO	main	io.trino.bootstrap.catalog.mysql	case-insensitive-name-matching.config-file.refresh-period      ----         ----
2026-01-22T18:23:38.563Z	INFO	main	io.trino.bootstrap.catalog.mysql	metadata.cache-maximum-size                                    10000        10000                 Maximum number of objects stored in the metadata cache
2026-01-22T18:23:38.563Z	INFO	main	io.trino.bootstrap.catalog.mysql	metadata.cache-missing                                         false        false                 Determines if missing information will be cached
2026-01-22T18:23:38.563Z	INFO	main	io.trino.bootstrap.catalog.mysql	connection-url                                                 ----         jdbc:mysql://db:3306
2026-01-22T18:23:38.563Z	INFO	main	io.trino.bootstrap.catalog.mysql	jdbc-types-mapped-to-varchar                                   []           []
2026-01-22T18:23:38.563Z	INFO	main	io.trino.bootstrap.catalog.mysql	metadata.cache-ttl                                             0.00s        0.00s                 Determines how long meta information will be cached
2026-01-22T18:23:38.563Z	INFO	main	io.trino.bootstrap.catalog.mysql	metadata.schemas.cache-ttl                                     0.00s        0.00s                 Determines how long schema names list information will be cached
2026-01-22T18:23:38.563Z	INFO	main	io.trino.bootstrap.catalog.mysql	metadata.statistics.cache-ttl                                  0.00s        0.00s                 Determines how long table statistics information will be cached
2026-01-22T18:23:38.563Z	INFO	main	io.trino.bootstrap.catalog.mysql	metadata.tables.cache-ttl                                      0.00s        0.00s                 Determines how long table names list information will be cached
2026-01-22T18:23:38.563Z	INFO	main	io.trino.bootstrap.catalog.mysql	decimal-default-scale                                          0            0                     Default decimal scale for mapping unspecified and exceeding precision decimals. Not used when decimal_mapping is set to STRICT
2026-01-22T18:23:38.563Z	INFO	main	io.trino.bootstrap.catalog.mysql	decimal-mapping                                                STRICT       STRICT                Decimal mapping for unspecified and exceeding precision decimals. STRICT skips them. ALLOW_OVERFLOW requires setting proper decimal scale and rounding mode
2026-01-22T18:23:38.563Z	INFO	main	io.trino.bootstrap.catalog.mysql	decimal-rounding-mode                                          UNNECESSARY  UNNECESSARY           Rounding mode for mapping unspecified and exceeding precision decimals. Not used whendecimal_mappingis set to STRICT
2026-01-22T18:23:38.563Z	INFO	main	io.trino.bootstrap.catalog.mysql	dynamic-filtering.enabled                                      true         true                  Wait for dynamic filters before starting JDBC query
2026-01-22T18:23:38.563Z	INFO	main	io.trino.bootstrap.catalog.mysql	dynamic-filtering.wait-timeout                                 20.00s       20.00s                Duration to wait for completion of dynamic filters
2026-01-22T18:23:38.563Z	INFO	main	io.trino.bootstrap.catalog.mysql	experimental.join-pushdown.automatic.max-join-to-tables-ratio  1.25         1.25                  If estimated join output size is greater than or equal to ratio * sum of table sizes, then join pushdown will not be performed
2026-01-22T18:23:38.563Z	INFO	main	io.trino.bootstrap.catalog.mysql	experimental.join-pushdown.automatic.max-table-size            ----         ----                  Maximum table size to be considered for join pushdown
2026-01-22T18:23:38.563Z	INFO	main	io.trino.bootstrap.catalog.mysql	join-pushdown.strategy                                         AUTOMATIC    AUTOMATIC
2026-01-22T18:23:38.563Z	INFO	main	io.trino.bootstrap.catalog.mysql	aggregation-pushdown.enabled                                   true         true                  Enable aggregation pushdown
2026-01-22T18:23:38.563Z	INFO	main	io.trino.bootstrap.catalog.mysql	complex-expression-pushdown.enabled                            true         true
2026-01-22T18:23:38.563Z	INFO	main	io.trino.bootstrap.catalog.mysql	deprecated.join-pushdown.with-expressions                      true         true                  Enable join pushdown with complex expressions
2026-01-22T18:23:38.563Z	INFO	main	io.trino.bootstrap.catalog.mysql	domain-compaction-threshold                                    256          256                   Maximum ranges to allow in a tuple domain without compacting it
2026-01-22T18:23:38.563Z	INFO	main	io.trino.bootstrap.catalog.mysql	join-pushdown.enabled                                          true         true                  Enable join pushdown
2026-01-22T18:23:38.563Z	INFO	main	io.trino.bootstrap.catalog.mysql	topn-pushdown.enabled                                          true         true                  Enable TopN pushdown
2026-01-22T18:23:38.563Z	INFO	main	io.trino.bootstrap.catalog.mysql	statistics.enabled                                             true         true
2026-01-22T18:23:38.563Z	INFO	main	io.trino.bootstrap.catalog.mysql	insert.non-transactional-insert.enabled                        false        false                 Enables support for non-transactional INSERT. This means that the write operation can fail and leave the table in an inconsistent state.
2026-01-22T18:23:38.563Z	INFO	main	io.trino.bootstrap.catalog.mysql	merge.non-transactional-merge.enabled                          false        false                 Enables support for non-transactional MERGE. This means that the write operation can fail and leave the table in an inconsistent state.
2026-01-22T18:23:38.563Z	INFO	main	io.trino.bootstrap.catalog.mysql	write.batch-size                                               1000         1000                  Maximum number of rows to write in a single batch
2026-01-22T18:23:38.563Z	INFO	main	io.trino.bootstrap.catalog.mysql	write.parallelism                                              8            8                     Maximum number of parallel write tasks
2026-01-22T18:23:38.563Z	INFO	main	io.trino.bootstrap.catalog.mysql	query.reuse-connection                                         true         true                  Enables reusing JDBC connection for metadata queries to data source within a single Trino query
2026-01-22T18:23:38.563Z	INFO	main	io.trino.bootstrap.catalog.mysql	unsupported-type-handling                                      IGNORE       IGNORE                Unsupported type handling strategy
2026-01-22T18:23:38.563Z	INFO	main	io.trino.bootstrap.catalog.mysql	connection-password                                            [REDACTED]   [REDACTED]            Password for JDBC client
2026-01-22T18:23:38.563Z	INFO	main	io.trino.bootstrap.catalog.mysql	connection-user                                                ----         root                  user name for JDBC client
2026-01-22T18:23:38.563Z	INFO	main	io.trino.bootstrap.catalog.mysql	credential-provider.type                                       INLINE       INLINE
2026-01-22T18:23:38.563Z	INFO	main	io.trino.bootstrap.catalog.mysql	password-credential-name                                       ----         ----
2026-01-22T18:23:38.563Z	INFO	main	io.trino.bootstrap.catalog.mysql	user-credential-name                                           ----         ----
2026-01-22T18:23:38.563Z	INFO	main	io.trino.bootstrap.catalog.mysql	query.comment-format                                                                              Format in which logs about query execution context should be added as comments sent through jdbc driver.
2026-01-22T18:23:38.563Z	INFO	main	io.trino.bootstrap.catalog.mysql	mysql.auto-reconnect                                           true         true
2026-01-22T18:23:38.563Z	INFO	main	io.trino.bootstrap.catalog.mysql	mysql.connection-timeout                                       10.00s       10.00s
2026-01-22T18:23:38.563Z	INFO	main	io.trino.bootstrap.catalog.mysql	mysql.jdbc.use-information-schema                              true         true                  Value of useInformationSchema MySQL JDBC driver connection property
2026-01-22T18:23:38.563Z	INFO	main	io.trino.bootstrap.catalog.mysql	mysql.max-reconnects                                           3            3
2026-01-22T18:23:38.776Z	INFO	main	io.trino.connector.StaticCatalogManager	-- Added catalog mysql using connector mysql --
2026-01-22T18:23:38.864Z	ERROR	main	io.trino.server.Server	Unable to create injector, see the following errors:

1) [Guice/ErrorInjectingConstructor]: SdkClientException: Unable to load region from any of the providers in the chain DefaultAwsRegionProviderChain@34a51ba5: [SystemSettingsRegionProvider@18315379: Unable to load region from system settings. Region must be specified either via environment variable (AWS_REGION) or  system property (aws.region)., AwsProfileRegionProvider@1058d778: No region provided in profile: default, InstanceProfileRegionProvider@69e22173: Unable to contact EC2 metadata service.]
  at S3FileSystemFactory.<init>(S3FileSystemFactory.java:38)
  while locating S3FileSystemFactory
  at java.base/DirectMethodHandleAccessor.invoke(DirectMethodHandleAccessor.java:104)
      \_ installed by: IcebergConnectorFactory$IcebergFileSystemModule -> FileSystemModule -> S3FileSystemModule
  while locating TrinoFileSystemFactory annotated with interface FileSystemS3
  while locating TrinoFileSystemFactory annotated with @Element(setName=,uniqueId=58, type=MAPBINDER, keyType=String)
  at FileSystemModule.createFileSystemFactory(FileSystemModule.java:155)
      \_ for 3rd parameter factories
  at FileSystemModule.createFileSystemFactory(FileSystemModule.java:155)
      \_ installed by: IcebergConnectorFactory$IcebergFileSystemModule -> FileSystemModule
  at TrinoNessieCatalogFactory.<init>(TrinoNessieCatalogFactory.java:52)
      \_ for 3rd parameter fileSystemFactory
  while locating TrinoNessieCatalogFactory
  at java.base/DirectMethodHandleAccessor.invoke(DirectMethodHandleAccessor.java:104)
      \_ installed by: IcebergCatalogModule -> ConditionalModule -> IcebergNessieCatalogModule
  at IcebergMetadataFactory.<init>(IcebergMetadataFactory.java:65)
      \_ for 3rd parameter catalogFactory
  at IcebergModule.configure(IcebergModule.java:104)
  at IcebergTransactionManager.<init>(IcebergTransactionManager.java:39)
      \_ for 1st parameter metadataFactory
  at IcebergModule.configure(IcebergModule.java:75)
  at IcebergSplitManager.<init>(IcebergSplitManager.java:71)
      \_ for 1st parameter transactionManager
  while locating IcebergSplitManager
  at IcebergModule.configure(IcebergModule.java:85)
  while locating ConnectorSplitManager annotated with interface ForClassLoaderSafe

Learn more:
  https://github.com/google/guice/wiki/ERROR_INJECTING_CONSTRUCTOR
Caused by: SdkClientException: Unable to load region from any of the providers in the chain DefaultAwsRegionProviderChain@34a51ba5: [SystemSettingsRegionProvider@18315379: Unable to load region from system settings. Region must be specified either via environment variable (AWS_REGION) or  system property (aws.region)., AwsProfileRegionProvider@1058d778: No region provided in profile: default, InstanceProfileRegionProvider@69e22173: Unable to contact EC2 metadata service.]
	at SdkClientException$BuilderImpl.build(SdkClientException.java:130)
	at AwsRegionProviderChain.getRegion(AwsRegionProviderChain.java:70)
	at AwsDefaultClientBuilder.resolveRegion(AwsDefaultClientBuilder.java:374)
	at AttributeMap$DerivedValue.primeCache(AttributeMap.java:604)
	at AttributeMap$DerivedValue.get(AttributeMap.java:593)
	at AttributeMap$Builder.resolveValue(AttributeMap.java:400)
	at AttributeMap$Builder.internalGet(AttributeMap.java:389)
	at AttributeMap$Builder.access$1300(AttributeMap.java:201)
	at AttributeMap$Builder$1.get(AttributeMap.java:403)
	at AwsDefaultClientBuilder.resolveSigningRegion(AwsDefaultClientBuilder.java:319)
	at AttributeMap$DerivedValue.primeCache(AttributeMap.java:604)
	at AttributeMap$DerivedValue.get(AttributeMap.java:593)
	at AttributeMap$Builder.resolveValue(AttributeMap.java:400)
	at java.base/ArrayList.forEach(ArrayList.java:1604)
	at AttributeMap$Builder.build(AttributeMap.java:362)
	at SdkClientConfiguration$Builder.build(SdkClientConfiguration.java:224)
	at AwsDefaultClientBuilder.finalizeAwsConfiguration(AwsDefaultClientBuilder.java:201)
	at AwsDefaultClientBuilder.finalizeChildConfiguration(AwsDefaultClientBuilder.java:172)
	at SdkDefaultClientBuilder.syncClientConfiguration(SdkDefaultClientBuilder.java:204)
	at DefaultS3ClientBuilder.buildClient(DefaultS3ClientBuilder.java:37)
	at DefaultS3ClientBuilder.buildClient(DefaultS3ClientBuilder.java:26)
	at SdkDefaultClientBuilder.build(SdkDefaultClientBuilder.java:171)
	at S3FileSystemLoader.lambda$s3ClientFactory$0(S3FileSystemLoader.java:211)
	at S3FileSystemLoader.s3PreSigner(S3FileSystemLoader.java:228)
	at S3FileSystemLoader.<init>(S3FileSystemLoader.java:92)
	at S3FileSystemLoader.<init>(S3FileSystemLoader.java:79)
	at S3FileSystemFactory.<init>(S3FileSystemFactory.java:39)
	at S3FileSystemFactory$$FastClassByGuice$$3577f71.GUICE$TRAMPOLINE(<generated>)
	at S3FileSystemFactory$$FastClassByGuice$$3577f71.apply(<generated>)
	at DefaultConstructionProxyFactory$FastClassProxy.newInstance(DefaultConstructionProxyFactory.java:82)
	at ConstructorInjector.provision(ConstructorInjector.java:114)
	at ConstructorInjector.access$000(ConstructorInjector.java:33)
	at ConstructorInjector$1.call(ConstructorInjector.java:98)
	at ProvisionListenerStackCallback$Provision.provision(ProvisionListenerStackCallback.java:109)
	at LifeCycleModule.provision(LifeCycleModule.java:70)
	at ProvisionListenerStackCallback$Provision.provision(ProvisionListenerStackCallback.java:117)
	at ProvisionListenerStackCallback.provision(ProvisionListenerStackCallback.java:66)
	at ConstructorInjector.construct(ConstructorInjector.java:93)
	at ConstructorBindingImpl$Factory.get(ConstructorBindingImpl.java:300)
	at FactoryProxy.get(FactoryProxy.java:60)
	at ProviderToInternalFactoryAdapter.get(ProviderToInternalFactoryAdapter.java:40)
	at SingletonScope$1.get(SingletonScope.java:169)
	at InternalFactoryToProviderAdapter.get(InternalFactoryToProviderAdapter.java:45)
	at FactoryProxy.get(FactoryProxy.java:60)
	at SingleParameterInjector.inject(SingleParameterInjector.java:40)
	at RealMapBinder$ExtensionRealMapProvider.doProvision(RealMapBinder.java:808)
	at RealMapBinder$ExtensionRealMapProvider.doProvision(RealMapBinder.java:743)
	at InternalProviderInstanceBindingImpl$Factory$1.call(InternalProviderInstanceBindingImpl.java:120)
	at ProvisionListenerStackCallback$Provision.provision(ProvisionListenerStackCallback.java:109)
	at LifeCycleModule.provision(LifeCycleModule.java:70)
	at ProvisionListenerStackCallback$Provision.provision(ProvisionListenerStackCallback.java:117)
	at ProvisionListenerStackCallback.provision(ProvisionListenerStackCallback.java:66)
	at InternalProviderInstanceBindingImpl$Factory.get(InternalProviderInstanceBindingImpl.java:115)
	at SingleParameterInjector.inject(SingleParameterInjector.java:40)
	at SingleParameterInjector.getAll(SingleParameterInjector.java:60)
	at ProviderMethod.doProvision(ProviderMethod.java:171)
	at InternalProviderInstanceBindingImpl$CyclicFactory.provision(InternalProviderInstanceBindingImpl.java:185)
	at InternalProviderInstanceBindingImpl$CyclicFactory.access$300(InternalProviderInstanceBindingImpl.java:139)
	at InternalProviderInstanceBindingImpl$CyclicFactory$1.call(InternalProviderInstanceBindingImpl.java:169)
	at ProvisionListenerStackCallback$Provision.provision(ProvisionListenerStackCallback.java:109)
	at LifeCycleModule.provision(LifeCycleModule.java:70)
	at ProvisionListenerStackCallback$Provision.provision(ProvisionListenerStackCallback.java:117)
	at ProvisionListenerStackCallback.provision(ProvisionListenerStackCallback.java:66)
	at InternalProviderInstanceBindingImpl$CyclicFactory.get(InternalProviderInstanceBindingImpl.java:164)
	at ProviderToInternalFactoryAdapter.get(ProviderToInternalFactoryAdapter.java:40)
	at SingletonScope$1.get(SingletonScope.java:169)
	at InternalFactoryToProviderAdapter.get(InternalFactoryToProviderAdapter.java:45)
	at SingleParameterInjector.inject(SingleParameterInjector.java:40)
	at SingleParameterInjector.getAll(SingleParameterInjector.java:60)
	at ConstructorInjector.provision(ConstructorInjector.java:113)
	at ConstructorInjector.access$000(ConstructorInjector.java:33)
	at ConstructorInjector$1.call(ConstructorInjector.java:98)
	at ProvisionListenerStackCallback$Provision.provision(ProvisionListenerStackCallback.java:109)
	at LifeCycleModule.provision(LifeCycleModule.java:70)
	at ProvisionListenerStackCallback$Provision.provision(ProvisionListenerStackCallback.java:117)
	at ProvisionListenerStackCallback.provision(ProvisionListenerStackCallback.java:66)
	at ConstructorInjector.construct(ConstructorInjector.java:93)
	at ConstructorBindingImpl$Factory.get(ConstructorBindingImpl.java:300)
	at FactoryProxy.get(FactoryProxy.java:60)
	at ProviderToInternalFactoryAdapter.get(ProviderToInternalFactoryAdapter.java:40)
	at SingletonScope$1.get(SingletonScope.java:169)
	at InternalFactoryToProviderAdapter.get(InternalFactoryToProviderAdapter.java:45)
	at SingleParameterInjector.inject(SingleParameterInjector.java:40)
	at SingleParameterInjector.getAll(SingleParameterInjector.java:60)
	at ConstructorInjector.provision(ConstructorInjector.java:113)
	at ConstructorInjector.access$000(ConstructorInjector.java:33)
	at ConstructorInjector$1.call(ConstructorInjector.java:98)
	at ProvisionListenerStackCallback$Provision.provision(ProvisionListenerStackCallback.java:109)
	at LifeCycleModule.provision(LifeCycleModule.java:70)
	at ProvisionListenerStackCallback$Provision.provision(ProvisionListenerStackCallback.java:117)
	at ProvisionListenerStackCallback.provision(ProvisionListenerStackCallback.java:66)
	at ConstructorInjector.construct(ConstructorInjector.java:93)
	at ConstructorBindingImpl$Factory.get(ConstructorBindingImpl.java:300)
	at ProviderToInternalFactoryAdapter.get(ProviderToInternalFactoryAdapter.java:40)
	at SingletonScope$1.get(SingletonScope.java:169)
	at InternalFactoryToProviderAdapter.get(InternalFactoryToProviderAdapter.java:45)
	at SingleParameterInjector.inject(SingleParameterInjector.java:40)
	at SingleParameterInjector.getAll(SingleParameterInjector.java:60)
	at ConstructorInjector.provision(ConstructorInjector.java:113)
	at ConstructorInjector.access$000(ConstructorInjector.java:33)
	at ConstructorInjector$1.call(ConstructorInjector.java:98)
	at ProvisionListenerStackCallback$Provision.provision(ProvisionListenerStackCallback.java:109)
	at LifeCycleModule.provision(LifeCycleModule.java:70)
	at ProvisionListenerStackCallback$Provision.provision(ProvisionListenerStackCallback.java:117)
	at ProvisionListenerStackCallback.provision(ProvisionListenerStackCallback.java:66)
	at ConstructorInjector.construct(ConstructorInjector.java:93)
	at ConstructorBindingImpl$Factory.get(ConstructorBindingImpl.java:300)
	at ProviderToInternalFactoryAdapter.get(ProviderToInternalFactoryAdapter.java:40)
	at SingletonScope$1.get(SingletonScope.java:169)
	at InternalFactoryToProviderAdapter.get(InternalFactoryToProviderAdapter.java:45)
	at SingleParameterInjector.inject(SingleParameterInjector.java:40)
	at SingleParameterInjector.getAll(SingleParameterInjector.java:60)
	at ConstructorInjector.provision(ConstructorInjector.java:113)
	at ConstructorInjector.access$000(ConstructorInjector.java:33)
	at ConstructorInjector$1.call(ConstructorInjector.java:98)
	at ProvisionListenerStackCallback$Provision.provision(ProvisionListenerStackCallback.java:109)
	at LifeCycleModule.provision(LifeCycleModule.java:70)
	at ProvisionListenerStackCallback$Provision.provision(ProvisionListenerStackCallback.java:117)
	at ProvisionListenerStackCallback.provision(ProvisionListenerStackCallback.java:66)
	at ConstructorInjector.construct(ConstructorInjector.java:93)
	at ConstructorBindingImpl$Factory.get(ConstructorBindingImpl.java:300)
	at FactoryProxy.get(FactoryProxy.java:60)
	at ProviderToInternalFactoryAdapter.get(ProviderToInternalFactoryAdapter.java:40)
	at SingletonScope$1.get(SingletonScope.java:169)
	at InternalFactoryToProviderAdapter.get(InternalFactoryToProviderAdapter.java:45)
	at InternalInjectorCreator.loadEagerSingletons(InternalInjectorCreator.java:213)
	at InternalInjectorCreator.injectDynamically(InternalInjectorCreator.java:186)
	at InternalInjectorCreator.build(InternalInjectorCreator.java:113)
	at Guice.createInjector(Guice.java:87)
	at Bootstrap.initialize(Bootstrap.java:366)
	at IcebergConnectorFactory.createConnector(IcebergConnectorFactory.java:88)
	at IcebergConnectorFactory.create(IcebergConnectorFactory.java:56)
	at DefaultCatalogFactory.createConnector(DefaultCatalogFactory.java:199)
	at DefaultCatalogFactory.createCatalog(DefaultCatalogFactory.java:124)
	at LazyCatalogFactory.createCatalog(LazyCatalogFactory.java:44)
	at StaticCatalogManager.lambda$loadInitialCatalogs$1(StaticCatalogManager.java:159)
	at java.base/FutureTask.run(FutureTask.java:328)
	at java.base/Executors$RunnableAdapter.call(Executors.java:545)
	at java.base/FutureTask.run(FutureTask.java:328)
	at DirectExecutor.execute(DirectExecutor.java:30)
	at java.base/ExecutorCompletionService.submit(ExecutorCompletionService.java:187)
	at Executors.executeUntilFailure(Executors.java:46)
	at StaticCatalogManager.loadInitialCatalogs(StaticCatalogManager.java:153)
	at Server.doStart(Server.java:140)
	at Server.lambda$start$0(Server.java:79)
	at io.trino.$gen.Trino_479____20260122_182306_1.run(Unknown Source)
	at Server.start(Server.java:79)
	at TrinoServer.main(TrinoServer.java:37)

2) [Guice/ErrorInjectingConstructor]: SdkClientException: Unable to load region from any of the providers in the chain DefaultAwsRegionProviderChain@3236f72a: [SystemSettingsRegionProvider@71f4b59c: Unable to load region from system settings. Region must be specified either via environment variable (AWS_REGION) or  system property (aws.region)., AwsProfileRegionProvider@6332b193: No region provided in profile: default, InstanceProfileRegionProvider@6013eeb0: Unable to contact EC2 metadata service.]
  at S3FileSystemFactory.<init>(S3FileSystemFactory.java:38)
  while locating S3FileSystemFactory
  at java.base/DirectMethodHandleAccessor.invoke(DirectMethodHandleAccessor.java:104)
      \_ installed by: IcebergConnectorFactory$IcebergFileSystemModule -> FileSystemModule -> S3FileSystemModule
  while locating TrinoFileSystemFactory annotated with interface FileSystemS3
  while locating TrinoFileSystemFactory annotated with @Element(setName=,uniqueId=58, type=MAPBINDER, keyType=String)
  at FileSystemModule.createFileSystemFactory(FileSystemModule.java:155)
      \_ for 3rd parameter factories
  at FileSystemModule.createFileSystemFactory(FileSystemModule.java:155)
      \_ installed by: IcebergConnectorFactory$IcebergFileSystemModule -> FileSystemModule
  at TrinoNessieCatalogFactory.<init>(TrinoNessieCatalogFactory.java:52)
      \_ for 3rd parameter fileSystemFactory
  while locating TrinoNessieCatalogFactory
  at java.base/DirectMethodHandleAccessor.invoke(DirectMethodHandleAccessor.java:104)
      \_ installed by: IcebergCatalogModule -> ConditionalModule -> IcebergNessieCatalogModule
  at IcebergMetadataFactory.<init>(IcebergMetadataFactory.java:65)
      \_ for 3rd parameter catalogFactory
  at IcebergModule.configure(IcebergModule.java:104)
  at IcebergTransactionManager.<init>(IcebergTransactionManager.java:39)
      \_ for 1st parameter metadataFactory
  at IcebergModule.configure(IcebergModule.java:75)
  at IcebergSplitManager.<init>(IcebergSplitManager.java:71)
      \_ for 1st parameter transactionManager
  while locating IcebergSplitManager
  at IcebergModule.configure(IcebergModule.java:85)
  at ClassLoaderSafeConnectorSplitManager.<init>(ClassLoaderSafeConnectorSplitManager.java:37)
      \_ for 1st parameter delegate
  while locating ClassLoaderSafeConnectorSplitManager
  at IcebergModule.configure(IcebergModule.java:86)
  while locating ConnectorSplitManager

Learn more:
  https://github.com/google/guice/wiki/ERROR_INJECTING_CONSTRUCTOR
Caused by: SdkClientException: Unable to load region from any of the providers in the chain DefaultAwsRegionProviderChain@3236f72a: [SystemSettingsRegionProvider@71f4b59c: Unable to load region from system settings. Region must be specified either via environment variable (AWS_REGION) or  system property (aws.region)., AwsProfileRegionProvider@6332b193: No region provided in profile: default, InstanceProfileRegionProvider@6013eeb0: Unable to contact EC2 metadata service.]
	at SdkClientException$BuilderImpl.build(SdkClientException.java:130)
	at AwsRegionProviderChain.getRegion(AwsRegionProviderChain.java:70)
	at AwsDefaultClientBuilder.resolveRegion(AwsDefaultClientBuilder.java:374)
	at AttributeMap$DerivedValue.primeCache(AttributeMap.java:604)
	at AttributeMap$DerivedValue.get(AttributeMap.java:593)
	at AttributeMap$Builder.resolveValue(AttributeMap.java:400)
	at AttributeMap$Builder.internalGet(AttributeMap.java:389)
	at AttributeMap$Builder.access$1300(AttributeMap.java:201)
	at AttributeMap$Builder$1.get(AttributeMap.java:403)
	at AwsDefaultClientBuilder.resolveSigningRegion(AwsDefaultClientBuilder.java:319)
	at AttributeMap$DerivedValue.primeCache(AttributeMap.java:604)
	at AttributeMap$DerivedValue.get(AttributeMap.java:593)
	at AttributeMap$Builder.resolveValue(AttributeMap.java:400)
	at java.base/ArrayList.forEach(ArrayList.java:1604)
	at AttributeMap$Builder.build(AttributeMap.java:362)
	at SdkClientConfiguration$Builder.build(SdkClientConfiguration.java:224)
	at AwsDefaultClientBuilder.finalizeAwsConfiguration(AwsDefaultClientBuilder.java:201)
	at AwsDefaultClientBuilder.finalizeChildConfiguration(AwsDefaultClientBuilder.java:172)
	at SdkDefaultClientBuilder.syncClientConfiguration(SdkDefaultClientBuilder.java:204)
	at DefaultS3ClientBuilder.buildClient(DefaultS3ClientBuilder.java:37)
	at DefaultS3ClientBuilder.buildClient(DefaultS3ClientBuilder.java:26)
	at SdkDefaultClientBuilder.build(SdkDefaultClientBuilder.java:171)
	at S3FileSystemLoader.lambda$s3ClientFactory$0(S3FileSystemLoader.java:211)
	at S3FileSystemLoader.s3PreSigner(S3FileSystemLoader.java:228)
	at S3FileSystemLoader.<init>(S3FileSystemLoader.java:92)
	at S3FileSystemLoader.<init>(S3FileSystemLoader.java:79)
	at S3FileSystemFactory.<init>(S3FileSystemFactory.java:39)
	at S3FileSystemFactory$$FastClassByGuice$$3577f71.GUICE$TRAMPOLINE(<generated>)
	at S3FileSystemFactory$$FastClassByGuice$$3577f71.apply(<generated>)
	at DefaultConstructionProxyFactory$FastClassProxy.newInstance(DefaultConstructionProxyFactory.java:82)
	at ConstructorInjector.provision(ConstructorInjector.java:114)
	at ConstructorInjector.access$000(ConstructorInjector.java:33)
	at ConstructorInjector$1.call(ConstructorInjector.java:98)
	at ProvisionListenerStackCallback$Provision.provision(ProvisionListenerStackCallback.java:109)
	at LifeCycleModule.provision(LifeCycleModule.java:70)
	at ProvisionListenerStackCallback$Provision.provision(ProvisionListenerStackCallback.java:117)
	at ProvisionListenerStackCallback.provision(ProvisionListenerStackCallback.java:66)
	at ConstructorInjector.construct(ConstructorInjector.java:93)
	at ConstructorBindingImpl$Factory.get(ConstructorBindingImpl.java:300)
	at FactoryProxy.get(FactoryProxy.java:60)
	at ProviderToInternalFactoryAdapter.get(ProviderToInternalFactoryAdapter.java:40)
	at SingletonScope$1.get(SingletonScope.java:169)
	at InternalFactoryToProviderAdapter.get(InternalFactoryToProviderAdapter.java:45)
	at FactoryProxy.get(FactoryProxy.java:60)
	at SingleParameterInjector.inject(SingleParameterInjector.java:40)
	at RealMapBinder$ExtensionRealMapProvider.doProvision(RealMapBinder.java:808)
	at RealMapBinder$ExtensionRealMapProvider.doProvision(RealMapBinder.java:743)
	at InternalProviderInstanceBindingImpl$Factory$1.call(InternalProviderInstanceBindingImpl.java:120)
	at ProvisionListenerStackCallback$Provision.provision(ProvisionListenerStackCallback.java:109)
	at LifeCycleModule.provision(LifeCycleModule.java:70)
	at ProvisionListenerStackCallback$Provision.provision(ProvisionListenerStackCallback.java:117)
	at ProvisionListenerStackCallback.provision(ProvisionListenerStackCallback.java:66)
	at InternalProviderInstanceBindingImpl$Factory.get(InternalProviderInstanceBindingImpl.java:115)
	at SingleParameterInjector.inject(SingleParameterInjector.java:40)
	at SingleParameterInjector.getAll(SingleParameterInjector.java:60)
	at ProviderMethod.doProvision(ProviderMethod.java:171)
	at InternalProviderInstanceBindingImpl$CyclicFactory.provision(InternalProviderInstanceBindingImpl.java:185)
	at InternalProviderInstanceBindingImpl$CyclicFactory.access$300(InternalProviderInstanceBindingImpl.java:139)
	at InternalProviderInstanceBindingImpl$CyclicFactory$1.call(InternalProviderInstanceBindingImpl.java:169)
	at ProvisionListenerStackCallback$Provision.provision(ProvisionListenerStackCallback.java:109)
	at LifeCycleModule.provision(LifeCycleModule.java:70)
	at ProvisionListenerStackCallback$Provision.provision(ProvisionListenerStackCallback.java:117)
	at ProvisionListenerStackCallback.provision(ProvisionListenerStackCallback.java:66)
	at InternalProviderInstanceBindingImpl$CyclicFactory.get(InternalProviderInstanceBindingImpl.java:164)
	at ProviderToInternalFactoryAdapter.get(ProviderToInternalFactoryAdapter.java:40)
	at SingletonScope$1.get(SingletonScope.java:169)
	at InternalFactoryToProviderAdapter.get(InternalFactoryToProviderAdapter.java:45)
	at SingleParameterInjector.inject(SingleParameterInjector.java:40)
	at SingleParameterInjector.getAll(SingleParameterInjector.java:60)
	at ConstructorInjector.provision(ConstructorInjector.java:113)
	at ConstructorInjector.access$000(ConstructorInjector.java:33)
	at ConstructorInjector$1.call(ConstructorInjector.java:98)
	at ProvisionListenerStackCallback$Provision.provision(ProvisionListenerStackCallback.java:109)
	at LifeCycleModule.provision(LifeCycleModule.java:70)
	at ProvisionListenerStackCallback$Provision.provision(ProvisionListenerStackCallback.java:117)
	at ProvisionListenerStackCallback.provision(ProvisionListenerStackCallback.java:66)
	at ConstructorInjector.construct(ConstructorInjector.java:93)
	at ConstructorBindingImpl$Factory.get(ConstructorBindingImpl.java:300)
	at FactoryProxy.get(FactoryProxy.java:60)
	at ProviderToInternalFactoryAdapter.get(ProviderToInternalFactoryAdapter.java:40)
	at SingletonScope$1.get(SingletonScope.java:169)
	at InternalFactoryToProviderAdapter.get(InternalFactoryToProviderAdapter.java:45)
	at SingleParameterInjector.inject(SingleParameterInjector.java:40)
	at SingleParameterInjector.getAll(SingleParameterInjector.java:60)
	at ConstructorInjector.provision(ConstructorInjector.java:113)
	at ConstructorInjector.access$000(ConstructorInjector.java:33)
	at ConstructorInjector$1.call(ConstructorInjector.java:98)
	at ProvisionListenerStackCallback$Provision.provision(ProvisionListenerStackCallback.java:109)
	at LifeCycleModule.provision(LifeCycleModule.java:70)
	at ProvisionListenerStackCallback$Provision.provision(ProvisionListenerStackCallback.java:117)
	at ProvisionListenerStackCallback.provision(ProvisionListenerStackCallback.java:66)
	at ConstructorInjector.construct(ConstructorInjector.java:93)
	at ConstructorBindingImpl$Factory.get(ConstructorBindingImpl.java:300)
	at ProviderToInternalFactoryAdapter.get(ProviderToInternalFactoryAdapter.java:40)
	at SingletonScope$1.get(SingletonScope.java:169)
	at InternalFactoryToProviderAdapter.get(InternalFactoryToProviderAdapter.java:45)
	at SingleParameterInjector.inject(SingleParameterInjector.java:40)
	at SingleParameterInjector.getAll(SingleParameterInjector.java:60)
	at ConstructorInjector.provision(ConstructorInjector.java:113)
	at ConstructorInjector.access$000(ConstructorInjector.java:33)
	at ConstructorInjector$1.call(ConstructorInjector.java:98)
	at ProvisionListenerStackCallback$Provision.provision(ProvisionListenerStackCallback.java:109)
	at LifeCycleModule.provision(LifeCycleModule.java:70)
	at ProvisionListenerStackCallback$Provision.provision(ProvisionListenerStackCallback.java:117)
	at ProvisionListenerStackCallback.provision(ProvisionListenerStackCallback.java:66)
	at ConstructorInjector.construct(ConstructorInjector.java:93)
	at ConstructorBindingImpl$Factory.get(ConstructorBindingImpl.java:300)
	at ProviderToInternalFactoryAdapter.get(ProviderToInternalFactoryAdapter.java:40)
	at SingletonScope$1.get(SingletonScope.java:169)
	at InternalFactoryToProviderAdapter.get(InternalFactoryToProviderAdapter.java:45)
	at SingleParameterInjector.inject(SingleParameterInjector.java:40)
	at SingleParameterInjector.getAll(SingleParameterInjector.java:60)
	at ConstructorInjector.provision(ConstructorInjector.java:113)
	at ConstructorInjector.access$000(ConstructorInjector.java:33)
	at ConstructorInjector$1.call(ConstructorInjector.java:98)
	at ProvisionListenerStackCallback$Provision.provision(ProvisionListenerStackCallback.java:109)
	at LifeCycleModule.provision(LifeCycleModule.java:70)
	at ProvisionListenerStackCallback$Provision.provision(ProvisionListenerStackCallback.java:117)
	at ProvisionListenerStackCallback.provision(ProvisionListenerStackCallback.java:66)
	at ConstructorInjector.construct(ConstructorInjector.java:93)
	at ConstructorBindingImpl$Factory.get(ConstructorBindingImpl.java:300)
	at FactoryProxy.get(FactoryProxy.java:60)
	at ProviderToInternalFactoryAdapter.get(ProviderToInternalFactoryAdapter.java:40)
	at SingletonScope$1.get(SingletonScope.java:169)
	at InternalFactoryToProviderAdapter.get(InternalFactoryToProviderAdapter.java:45)
	at SingleParameterInjector.inject(SingleParameterInjector.java:40)
	at SingleParameterInjector.getAll(SingleParameterInjector.java:60)
	at ConstructorInjector.provision(ConstructorInjector.java:113)
	at ConstructorInjector.access$000(ConstructorInjector.java:33)
	at ConstructorInjector$1.call(ConstructorInjector.java:98)
	at ProvisionListenerStackCallback$Provision.provision(ProvisionListenerStackCallback.java:109)
	at LifeCycleModule.provision(LifeCycleModule.java:70)
	at ProvisionListenerStackCallback$Provision.provision(ProvisionListenerStackCallback.java:117)
	at ProvisionListenerStackCallback.provision(ProvisionListenerStackCallback.java:66)
	at ConstructorInjector.construct(ConstructorInjector.java:93)
	at ConstructorBindingImpl$Factory.get(ConstructorBindingImpl.java:300)
	at FactoryProxy.get(FactoryProxy.java:60)
	at ProviderToInternalFactoryAdapter.get(ProviderToInternalFactoryAdapter.java:40)
	at SingletonScope$1.get(SingletonScope.java:169)
	at InternalFactoryToProviderAdapter.get(InternalFactoryToProviderAdapter.java:45)
	at InternalInjectorCreator.loadEagerSingletons(InternalInjectorCreator.java:213)
	at InternalInjectorCreator.injectDynamically(InternalInjectorCreator.java:186)
	at InternalInjectorCreator.build(InternalInjectorCreator.java:113)
	at Guice.createInjector(Guice.java:87)
	at Bootstrap.initialize(Bootstrap.java:366)
	at IcebergConnectorFactory.createConnector(IcebergConnectorFactory.java:88)
	at IcebergConnectorFactory.create(IcebergConnectorFactory.java:56)
	at DefaultCatalogFactory.createConnector(DefaultCatalogFactory.java:199)
	at DefaultCatalogFactory.createCatalog(DefaultCatalogFactory.java:124)
	at LazyCatalogFactory.createCatalog(LazyCatalogFactory.java:44)
	at StaticCatalogManager.lambda$loadInitialCatalogs$1(StaticCatalogManager.java:159)
	at java.base/FutureTask.run(FutureTask.java:328)
	at java.base/Executors$RunnableAdapter.call(Executors.java:545)
	at java.base/FutureTask.run(FutureTask.java:328)
	at DirectExecutor.execute(DirectExecutor.java:30)
	at java.base/ExecutorCompletionService.submit(ExecutorCompletionService.java:187)
	at Executors.executeUntilFailure(Executors.java:46)
	at StaticCatalogManager.loadInitialCatalogs(StaticCatalogManager.java:153)
	at Server.doStart(Server.java:140)
	at Server.lambda$start$0(Server.java:79)
	at io.trino.$gen.Trino_479____20260122_182306_1.run(Unknown Source)
	at Server.start(Server.java:79)
	at TrinoServer.main(TrinoServer.java:37)

3) [Guice/ErrorInjectingConstructor]: SdkClientException: Unable to load region from any of the providers in the chain DefaultAwsRegionProviderChain@763f8abc: [SystemSettingsRegionProvider@443f780: Unable to load region from system settings. Region must be specified either via environment variable (AWS_REGION) or  system property (aws.region)., AwsProfileRegionProvider@162e97af: No region provided in profile: default, InstanceProfileRegionProvider@31cb03fb: Unable to contact EC2 metadata service.]
  at S3FileSystemFactory.<init>(S3FileSystemFactory.java:38)
  while locating S3FileSystemFactory
  at java.base/DirectMethodHandleAccessor.invoke(DirectMethodHandleAccessor.java:104)
      \_ installed by: IcebergConnectorFactory$IcebergFileSystemModule -> FileSystemModule -> S3FileSystemModule
  while locating TrinoFileSystemFactory annotated with interface FileSystemS3
  while locating TrinoFileSystemFactory annotated with @Element(setName=,uniqueId=58, type=MAPBINDER, keyType=String)
  at FileSystemModule.createFileSystemFactory(FileSystemModule.java:155)
      \_ for 3rd parameter factories
  at FileSystemModule.createFileSystemFactory(FileSystemModule.java:155)
      \_ installed by: IcebergConnectorFactory$IcebergFileSystemModule -> FileSystemModule
  at DefaultIcebergFileSystemFactory.<init>(DefaultIcebergFileSystemFactory.java:32)
      \_ for 1st parameter fileSystemFactory
  while locating DefaultIcebergFileSystemFactory
  at IcebergModule.configure(IcebergModule.java:141)
  while locating IcebergFileSystemFactory annotated with @RealOptionalBinder$Default
  at IcebergPageSourceProviderFactory.<init>(IcebergPageSourceProviderFactory.java:47)
      \_ for 1st parameter fileSystemFactory
  at IcebergModule.configure(IcebergModule.java:88)
  while locating IcebergPageSourceProviderFactory
  at IcebergModule.configure(IcebergModule.java:87)
  while locating ConnectorPageSourceProviderFactory annotated with interface ForClassLoaderSafe

Learn more:
  https://github.com/google/guice/wiki/ERROR_INJECTING_CONSTRUCTOR
Caused by: SdkClientException: Unable to load region from any of the providers in the chain DefaultAwsRegionProviderChain@763f8abc: [SystemSettingsRegionProvider@443f780: Unable to load region from system settings. Region must be specified either via environment variable (AWS_REGION) or  system property (aws.region)., AwsProfileRegionProvider@162e97af: No region provided in profile: default, InstanceProfileRegionProvider@31cb03fb: Unable to contact EC2 metadata service.]
	at SdkClientException$BuilderImpl.build(SdkClientException.java:130)
	at AwsRegionProviderChain.getRegion(AwsRegionProviderChain.java:70)
	at AwsDefaultClientBuilder.resolveRegion(AwsDefaultClientBuilder.java:374)
	at AttributeMap$DerivedValue.primeCache(AttributeMap.java:604)
	at AttributeMap$DerivedValue.get(AttributeMap.java:593)
	at AttributeMap$Builder.resolveValue(AttributeMap.java:400)
	at AttributeMap$Builder.internalGet(AttributeMap.java:389)
	at AttributeMap$Builder.access$1300(AttributeMap.java:201)
	at AttributeMap$Builder$1.get(AttributeMap.java:403)
	at AwsDefaultClientBuilder.resolveSigningRegion(AwsDefaultClientBuilder.java:319)
	at AttributeMap$DerivedValue.primeCache(AttributeMap.java:604)
	at AttributeMap$DerivedValue.get(AttributeMap.java:593)
	at AttributeMap$Builder.resolveValue(AttributeMap.java:400)
	at java.base/ArrayList.forEach(ArrayList.java:1604)
	at AttributeMap$Builder.build(AttributeMap.java:362)
	at SdkClientConfiguration$Builder.build(SdkClientConfiguration.java:224)
	at AwsDefaultClientBuilder.finalizeAwsConfiguration(AwsDefaultClientBuilder.java:201)
	at AwsDefaultClientBuilder.finalizeChildConfiguration(AwsDefaultClientBuilder.java:172)
	at SdkDefaultClientBuilder.syncClientConfiguration(SdkDefaultClientBuilder.java:204)
	at DefaultS3ClientBuilder.buildClient(DefaultS3ClientBuilder.java:37)
	at DefaultS3ClientBuilder.buildClient(DefaultS3ClientBuilder.java:26)
	at SdkDefaultClientBuilder.build(SdkDefaultClientBuilder.java:171)
	at S3FileSystemLoader.lambda$s3ClientFactory$0(S3FileSystemLoader.java:211)
	at S3FileSystemLoader.s3PreSigner(S3FileSystemLoader.java:228)
	at S3FileSystemLoader.<init>(S3FileSystemLoader.java:92)
	at S3FileSystemLoader.<init>(S3FileSystemLoader.java:79)
	at S3FileSystemFactory.<init>(S3FileSystemFactory.java:39)
	at S3FileSystemFactory$$FastClassByGuice$$3577f71.GUICE$TRAMPOLINE(<generated>)
	at S3FileSystemFactory$$FastClassByGuice$$3577f71.apply(<generated>)
	at DefaultConstructionProxyFactory$FastClassProxy.newInstance(DefaultConstructionProxyFactory.java:82)
	at ConstructorInjector.provision(ConstructorInjector.java:114)
	at ConstructorInjector.access$000(ConstructorInjector.java:33)
	at ConstructorInjector$1.call(ConstructorInjector.java:98)
	at ProvisionListenerStackCallback$Provision.provision(ProvisionListenerStackCallback.java:109)
	at LifeCycleModule.provision(LifeCycleModule.java:70)
	at ProvisionListenerStackCallback$Provision.provision(ProvisionListenerStackCallback.java:117)
	at ProvisionListenerStackCallback.provision(ProvisionListenerStackCallback.java:66)
	at ConstructorInjector.construct(ConstructorInjector.java:93)
	at ConstructorBindingImpl$Factory.get(ConstructorBindingImpl.java:300)
	at FactoryProxy.get(FactoryProxy.java:60)
	at ProviderToInternalFactoryAdapter.get(ProviderToInternalFactoryAdapter.java:40)
	at SingletonScope$1.get(SingletonScope.java:169)
	at InternalFactoryToProviderAdapter.get(InternalFactoryToProviderAdapter.java:45)
	at FactoryProxy.get(FactoryProxy.java:60)
	at SingleParameterInjector.inject(SingleParameterInjector.java:40)
	at RealMapBinder$ExtensionRealMapProvider.doProvision(RealMapBinder.java:808)
	at RealMapBinder$ExtensionRealMapProvider.doProvision(RealMapBinder.java:743)
	at InternalProviderInstanceBindingImpl$Factory$1.call(InternalProviderInstanceBindingImpl.java:120)
	at ProvisionListenerStackCallback$Provision.provision(ProvisionListenerStackCallback.java:109)
	at LifeCycleModule.provision(LifeCycleModule.java:70)
	at ProvisionListenerStackCallback$Provision.provision(ProvisionListenerStackCallback.java:117)
	at ProvisionListenerStackCallback.provision(ProvisionListenerStackCallback.java:66)
	at InternalProviderInstanceBindingImpl$Factory.get(InternalProviderInstanceBindingImpl.java:115)
	at SingleParameterInjector.inject(SingleParameterInjector.java:40)
	at SingleParameterInjector.getAll(SingleParameterInjector.java:60)
	at ProviderMethod.doProvision(ProviderMethod.java:171)
	at InternalProviderInstanceBindingImpl$CyclicFactory.provision(InternalProviderInstanceBindingImpl.java:185)
	at InternalProviderInstanceBindingImpl$CyclicFactory.access$300(InternalProviderInstanceBindingImpl.java:139)
	at InternalProviderInstanceBindingImpl$CyclicFactory$1.call(InternalProviderInstanceBindingImpl.java:169)
	at ProvisionListenerStackCallback$Provision.provision(ProvisionListenerStackCallback.java:109)
	at LifeCycleModule.provision(LifeCycleModule.java:70)
	at ProvisionListenerStackCallback$Provision.provision(ProvisionListenerStackCallback.java:117)
	at ProvisionListenerStackCallback.provision(ProvisionListenerStackCallback.java:66)
	at InternalProviderInstanceBindingImpl$CyclicFactory.get(InternalProviderInstanceBindingImpl.java:164)
	at ProviderToInternalFactoryAdapter.get(ProviderToInternalFactoryAdapter.java:40)
	at SingletonScope$1.get(SingletonScope.java:169)
	at InternalFactoryToProviderAdapter.get(InternalFactoryToProviderAdapter.java:45)
	at SingleParameterInjector.inject(SingleParameterInjector.java:40)
	at SingleParameterInjector.getAll(SingleParameterInjector.java:60)
	at ConstructorInjector.provision(ConstructorInjector.java:113)
	at ConstructorInjector.access$000(ConstructorInjector.java:33)
	at ConstructorInjector$1.call(ConstructorInjector.java:98)
	at ProvisionListenerStackCallback$Provision.provision(ProvisionListenerStackCallback.java:109)
	at LifeCycleModule.provision(LifeCycleModule.java:70)
	at ProvisionListenerStackCallback$Provision.provision(ProvisionListenerStackCallback.java:117)
	at ProvisionListenerStackCallback.provision(ProvisionListenerStackCallback.java:66)
	at ConstructorInjector.construct(ConstructorInjector.java:93)
	at ConstructorBindingImpl$Factory.get(ConstructorBindingImpl.java:300)
	at FactoryProxy.get(FactoryProxy.java:60)
	at ProviderToInternalFactoryAdapter.get(ProviderToInternalFactoryAdapter.java:40)
	at SingletonScope$1.get(SingletonScope.java:169)
	at InternalFactoryToProviderAdapter.get(InternalFactoryToProviderAdapter.java:45)
	at RealOptionalBinder$RealDirectTypeProvider.doProvision(RealOptionalBinder.java:376)
	at InternalProviderInstanceBindingImpl$Factory$1.call(InternalProviderInstanceBindingImpl.java:120)
	at ProvisionListenerStackCallback$Provision.provision(ProvisionListenerStackCallback.java:109)
	at LifeCycleModule.provision(LifeCycleModule.java:70)
	at ProvisionListenerStackCallback$Provision.provision(ProvisionListenerStackCallback.java:117)
	at ProvisionListenerStackCallback.provision(ProvisionListenerStackCallback.java:66)
	at InternalProviderInstanceBindingImpl$Factory.get(InternalProviderInstanceBindingImpl.java:115)
	at SingleParameterInjector.inject(SingleParameterInjector.java:40)
	at SingleParameterInjector.getAll(SingleParameterInjector.java:60)
	at ConstructorInjector.provision(ConstructorInjector.java:113)
	at ConstructorInjector.access$000(ConstructorInjector.java:33)
	at ConstructorInjector$1.call(ConstructorInjector.java:98)
	at ProvisionListenerStackCallback$Provision.provision(ProvisionListenerStackCallback.java:109)
	at LifeCycleModule.provision(LifeCycleModule.java:70)
	at ProvisionListenerStackCallback$Provision.provision(ProvisionListenerStackCallback.java:117)
	at ProvisionListenerStackCallback.provision(ProvisionListenerStackCallback.java:66)
	at ConstructorInjector.construct(ConstructorInjector.java:93)
	at ConstructorBindingImpl$Factory.get(ConstructorBindingImpl.java:300)
	at ProviderToInternalFactoryAdapter.get(ProviderToInternalFactoryAdapter.java:40)
	at SingletonScope$1.get(SingletonScope.java:169)
	at InternalFactoryToProviderAdapter.get(InternalFactoryToProviderAdapter.java:45)
	at FactoryProxy.get(FactoryProxy.java:60)
	at ProviderToInternalFactoryAdapter.get(ProviderToInternalFactoryAdapter.java:40)
	at SingletonScope$1.get(SingletonScope.java:169)
	at InternalFactoryToProviderAdapter.get(InternalFactoryToProviderAdapter.java:45)
	at InternalInjectorCreator.loadEagerSingletons(InternalInjectorCreator.java:213)
	at InternalInjectorCreator.injectDynamically(InternalInjectorCreator.java:186)
	at InternalInjectorCreator.build(InternalInjectorCreator.java:113)
	at Guice.createInjector(Guice.java:87)
	at Bootstrap.initialize(Bootstrap.java:366)
	at IcebergConnectorFactory.createConnector(IcebergConnectorFactory.java:88)
	at IcebergConnectorFactory.create(IcebergConnectorFactory.java:56)
	at DefaultCatalogFactory.createConnector(DefaultCatalogFactory.java:199)
	at DefaultCatalogFactory.createCatalog(DefaultCatalogFactory.java:124)
	at LazyCatalogFactory.createCatalog(LazyCatalogFactory.java:44)
	at StaticCatalogManager.lambda$loadInitialCatalogs$1(StaticCatalogManager.java:159)
	at java.base/FutureTask.run(FutureTask.java:328)
	at java.base/Executors$RunnableAdapter.call(Executors.java:545)
	at java.base/FutureTask.run(FutureTask.java:328)
	at DirectExecutor.execute(DirectExecutor.java:30)
	at java.base/ExecutorCompletionService.submit(ExecutorCompletionService.java:187)
	at Executors.executeUntilFailure(Executors.java:46)
	at StaticCatalogManager.loadInitialCatalogs(StaticCatalogManager.java:153)
	at Server.doStart(Server.java:140)
	at Server.lambda$start$0(Server.java:79)
	at io.trino.$gen.Trino_479____20260122_182306_1.run(Unknown Source)
	at Server.start(Server.java:79)
	at TrinoServer.main(TrinoServer.java:37)

4) [Guice/ErrorInjectingConstructor]: SdkClientException: Unable to load region from any of the providers in the chain DefaultAwsRegionProviderChain@5d657a3a: [SystemSettingsRegionProvider@6b0f06b9: Unable to load region from system settings. Region must be specified either via environment variable (AWS_REGION) or  system property (aws.region)., AwsProfileRegionProvider@17d28608: No region provided in profile: default, InstanceProfileRegionProvider@38ea499c: Unable to contact EC2 metadata service.]
  at S3FileSystemFactory.<init>(S3FileSystemFactory.java:38)
  while locating S3FileSystemFactory
  at java.base/DirectMethodHandleAccessor.invoke(DirectMethodHandleAccessor.java:104)
      \_ installed by: IcebergConnectorFactory$IcebergFileSystemModule -> FileSystemModule -> S3FileSystemModule
  while locating TrinoFileSystemFactory annotated with interface FileSystemS3
  while locating TrinoFileSystemFactory annotated with @Element(setName=,uniqueId=58, type=MAPBINDER, keyType=String)
  at FileSystemModule.createFileSystemFactory(FileSystemModule.java:155)
      \_ for 3rd parameter factories
  at FileSystemModule.createFileSystemFactory(FileSystemModule.java:155)
      \_ installed by: IcebergConnectorFactory$IcebergFileSystemModule -> FileSystemModule
  at DefaultIcebergFileSystemFactory.<init>(DefaultIcebergFileSystemFactory.java:32)
      \_ for 1st parameter fileSystemFactory
  while locating DefaultIcebergFileSystemFactory
  at IcebergModule.configure(IcebergModule.java:141)
  while locating IcebergFileSystemFactory annotated with @RealOptionalBinder$Default
  at IcebergPageSourceProviderFactory.<init>(IcebergPageSourceProviderFactory.java:47)
      \_ for 1st parameter fileSystemFactory
  at IcebergModule.configure(IcebergModule.java:88)
  while locating IcebergPageSourceProviderFactory
  at IcebergModule.configure(IcebergModule.java:87)
  at ClassLoaderSafeConnectorPageSourceProviderFactory.<init>(ClassLoaderSafeConnectorPageSourceProviderFactory.java:31)
      \_ for 1st parameter delegate
  while locating ClassLoaderSafeConnectorPageSourceProviderFactory
  at IcebergModule.configure(IcebergModule.java:89)
  while locating ConnectorPageSourceProviderFactory

Learn more:
  https://github.com/google/guice/wiki/ERROR_INJECTING_CONSTRUCTOR
Caused by: SdkClientException: Unable to load region from any of the providers in the chain DefaultAwsRegionProviderChain@5d657a3a: [SystemSettingsRegionProvider@6b0f06b9: Unable to load region from system settings. Region must be specified either via environment variable (AWS_REGION) or  system property (aws.region)., AwsProfileRegionProvider@17d28608: No region provided in profile: default, InstanceProfileRegionProvider@38ea499c: Unable to contact EC2 metadata service.]
	at SdkClientException$BuilderImpl.build(SdkClientException.java:130)
	at AwsRegionProviderChain.getRegion(AwsRegionProviderChain.java:70)
	at AwsDefaultClientBuilder.resolveRegion(AwsDefaultClientBuilder.java:374)
	at AttributeMap$DerivedValue.primeCache(AttributeMap.java:604)
	at AttributeMap$DerivedValue.get(AttributeMap.java:593)
	at AttributeMap$Builder.resolveValue(AttributeMap.java:400)
	at AttributeMap$Builder.internalGet(AttributeMap.java:389)
	at AttributeMap$Builder.access$1300(AttributeMap.java:201)
	at AttributeMap$Builder$1.get(AttributeMap.java:403)
	at AwsDefaultClientBuilder.resolveSigningRegion(AwsDefaultClientBuilder.java:319)
	at AttributeMap$DerivedValue.primeCache(AttributeMap.java:604)
	at AttributeMap$DerivedValue.get(AttributeMap.java:593)
	at AttributeMap$Builder.resolveValue(AttributeMap.java:400)
	at java.base/ArrayList.forEach(ArrayList.java:1604)
	at AttributeMap$Builder.build(AttributeMap.java:362)
	at SdkClientConfiguration$Builder.build(SdkClientConfiguration.java:224)
	at AwsDefaultClientBuilder.finalizeAwsConfiguration(AwsDefaultClientBuilder.java:201)
	at AwsDefaultClientBuilder.finalizeChildConfiguration(AwsDefaultClientBuilder.java:172)
	at SdkDefaultClientBuilder.syncClientConfiguration(SdkDefaultClientBuilder.java:204)
	at DefaultS3ClientBuilder.buildClient(DefaultS3ClientBuilder.java:37)
	at DefaultS3ClientBuilder.buildClient(DefaultS3ClientBuilder.java:26)
	at SdkDefaultClientBuilder.build(SdkDefaultClientBuilder.java:171)
	at S3FileSystemLoader.lambda$s3ClientFactory$0(S3FileSystemLoader.java:211)
	at S3FileSystemLoader.s3PreSigner(S3FileSystemLoader.java:228)
	at S3FileSystemLoader.<init>(S3FileSystemLoader.java:92)
	at S3FileSystemLoader.<init>(S3FileSystemLoader.java:79)
	at S3FileSystemFactory.<init>(S3FileSystemFactory.java:39)
	at S3FileSystemFactory$$FastClassByGuice$$3577f71.GUICE$TRAMPOLINE(<generated>)
	at S3FileSystemFactory$$FastClassByGuice$$3577f71.apply(<generated>)
	at DefaultConstructionProxyFactory$FastClassProxy.newInstance(DefaultConstructionProxyFactory.java:82)
	at ConstructorInjector.provision(ConstructorInjector.java:114)
	at ConstructorInjector.access$000(ConstructorInjector.java:33)
	at ConstructorInjector$1.call(ConstructorInjector.java:98)
	at ProvisionListenerStackCallback$Provision.provision(ProvisionListenerStackCallback.java:109)
	at LifeCycleModule.provision(LifeCycleModule.java:70)
	at ProvisionListenerStackCallback$Provision.provision(ProvisionListenerStackCallback.java:117)
	at ProvisionListenerStackCallback.provision(ProvisionListenerStackCallback.java:66)
	at ConstructorInjector.construct(ConstructorInjector.java:93)
	at ConstructorBindingImpl$Factory.get(ConstructorBindingImpl.java:300)
	at FactoryProxy.get(FactoryProxy.java:60)
	at ProviderToInternalFactoryAdapter.get(ProviderToInternalFactoryAdapter.java:40)
	at SingletonScope$1.get(SingletonScope.java:169)
	at InternalFactoryToProviderAdapter.get(InternalFactoryToProviderAdapter.java:45)
	at FactoryProxy.get(FactoryProxy.java:60)
	at SingleParameterInjector.inject(SingleParameterInjector.java:40)
	at RealMapBinder$ExtensionRealMapProvider.doProvision(RealMapBinder.java:808)
	at RealMapBinder$ExtensionRealMapProvider.doProvision(RealMapBinder.java:743)
	at InternalProviderInstanceBindingImpl$Factory$1.call(InternalProviderInstanceBindingImpl.java:120)
	at ProvisionListenerStackCallback$Provision.provision(ProvisionListenerStackCallback.java:109)
	at LifeCycleModule.provision(LifeCycleModule.java:70)
	at ProvisionListenerStackCallback$Provision.provision(ProvisionListenerStackCallback.java:117)
	at ProvisionListenerStackCallback.provision(ProvisionListenerStackCallback.java:66)
	at InternalProviderInstanceBindingImpl$Factory.get(InternalProviderInstanceBindingImpl.java:115)
	at SingleParameterInjector.inject(SingleParameterInjector.java:40)
	at SingleParameterInjector.getAll(SingleParameterInjector.java:60)
	at ProviderMethod.doProvision(ProviderMethod.java:171)
	at InternalProviderInstanceBindingImpl$CyclicFactory.provision(InternalProviderInstanceBindingImpl.java:185)
	at InternalProviderInstanceBindingImpl$CyclicFactory.access$300(InternalProviderInstanceBindingImpl.java:139)
	at InternalProviderInstanceBindingImpl$CyclicFactory$1.call(InternalProviderInstanceBindingImpl.java:169)
	at ProvisionListenerStackCallback$Provision.provision(ProvisionListenerStackCallback.java:109)
	at LifeCycleModule.provision(LifeCycleModule.java:70)
	at ProvisionListenerStackCallback$Provision.provision(ProvisionListenerStackCallback.java:117)
	at ProvisionListenerStackCallback.provision(ProvisionListenerStackCallback.java:66)
	at InternalProviderInstanceBindingImpl$CyclicFactory.get(InternalProviderInstanceBindingImpl.java:164)
	at ProviderToInternalFactoryAdapter.get(ProviderToInternalFactoryAdapter.java:40)
	at SingletonScope$1.get(SingletonScope.java:169)
	at InternalFactoryToProviderAdapter.get(InternalFactoryToProviderAdapter.java:45)
	at SingleParameterInjector.inject(SingleParameterInjector.java:40)
	at SingleParameterInjector.getAll(SingleParameterInjector.java:60)
	at ConstructorInjector.provision(ConstructorInjector.java:113)
	at ConstructorInjector.access$000(ConstructorInjector.java:33)
	at ConstructorInjector$1.call(ConstructorInjector.java:98)
	at ProvisionListenerStackCallback$Provision.provision(ProvisionListenerStackCallback.java:109)
	at LifeCycleModule.provision(LifeCycleModule.java:70)
	at ProvisionListenerStackCallback$Provision.provision(ProvisionListenerStackCallback.java:117)
	at ProvisionListenerStackCallback.provision(ProvisionListenerStackCallback.java:66)
	at ConstructorInjector.construct(ConstructorInjector.java:93)
	at ConstructorBindingImpl$Factory.get(ConstructorBindingImpl.java:300)
	at FactoryProxy.get(FactoryProxy.java:60)
	at ProviderToInternalFactoryAdapter.get(ProviderToInternalFactoryAdapter.java:40)
	at SingletonScope$1.get(SingletonScope.java:169)
	at InternalFactoryToProviderAdapter.get(InternalFactoryToProviderAdapter.java:45)
	at RealOptionalBinder$RealDirectTypeProvider.doProvision(RealOptionalBinder.java:376)
	at InternalProviderInstanceBindingImpl$Factory$1.call(InternalProviderInstanceBindingImpl.java:120)
	at ProvisionListenerStackCallback$Provision.provision(ProvisionListenerStackCallback.java:109)
	at LifeCycleModule.provision(LifeCycleModule.java:70)
	at ProvisionListenerStackCallback$Provision.provision(ProvisionListenerStackCallback.java:117)
	at ProvisionListenerStackCallback.provision(ProvisionListenerStackCallback.java:66)
	at InternalProviderInstanceBindingImpl$Factory.get(InternalProviderInstanceBindingImpl.java:115)
	at SingleParameterInjector.inject(SingleParameterInjector.java:40)
	at SingleParameterInjector.getAll(SingleParameterInjector.java:60)
	at ConstructorInjector.provision(ConstructorInjector.java:113)
	at ConstructorInjector.access$000(ConstructorInjector.java:33)
	at ConstructorInjector$1.call(ConstructorInjector.java:98)
	at ProvisionListenerStackCallback$Provision.provision(ProvisionListenerStackCallback.java:109)
	at LifeCycleModule.provision(LifeCycleModule.java:70)
	at ProvisionListenerStackCallback$Provision.provision(ProvisionListenerStackCallback.java:117)
	at ProvisionListenerStackCallback.provision(ProvisionListenerStackCallback.java:66)
	at ConstructorInjector.construct(ConstructorInjector.java:93)
	at ConstructorBindingImpl$Factory.get(ConstructorBindingImpl.java:300)
	at ProviderToInternalFactoryAdapter.get(ProviderToInternalFactoryAdapter.java:40)
	at SingletonScope$1.get(SingletonScope.java:169)
	at InternalFactoryToProviderAdapter.get(InternalFactoryToProviderAdapter.java:45)
	at FactoryProxy.get(FactoryProxy.java:60)
	at ProviderToInternalFactoryAdapter.get(ProviderToInternalFactoryAdapter.java:40)
	at SingletonScope$1.get(SingletonScope.java:169)
	at InternalFactoryToProviderAdapter.get(InternalFactoryToProviderAdapter.java:45)
	at SingleParameterInjector.inject(SingleParameterInjector.java:40)
	at SingleParameterInjector.getAll(SingleParameterInjector.java:60)
	at ConstructorInjector.provision(ConstructorInjector.java:113)
	at ConstructorInjector.access$000(ConstructorInjector.java:33)
	at ConstructorInjector$1.call(ConstructorInjector.java:98)
	at ProvisionListenerStackCallback$Provision.provision(ProvisionListenerStackCallback.java:109)
	at LifeCycleModule.provision(LifeCycleModule.java:70)
	at ProvisionListenerStackCallback$Provision.provision(ProvisionListenerStackCallback.java:117)
	at ProvisionListenerStackCallback.provision(ProvisionListenerStackCallback.java:66)
	at ConstructorInjector.construct(ConstructorInjector.java:93)
	at ConstructorBindingImpl$Factory.get(ConstructorBindingImpl.java:300)
	at FactoryProxy.get(FactoryProxy.java:60)
	at ProviderToInternalFactoryAdapter.get(ProviderToInternalFactoryAdapter.java:40)
	at SingletonScope$1.get(SingletonScope.java:169)
	at InternalFactoryToProviderAdapter.get(InternalFactoryToProviderAdapter.java:45)
	at InternalInjectorCreator.loadEagerSingletons(InternalInjectorCreator.java:213)
	at InternalInjectorCreator.injectDynamically(InternalInjectorCreator.java:186)
	at InternalInjectorCreator.build(InternalInjectorCreator.java:113)
	at Guice.createInjector(Guice.java:87)
	at Bootstrap.initialize(Bootstrap.java:366)
	at IcebergConnectorFactory.createConnector(IcebergConnectorFactory.java:88)
	at IcebergConnectorFactory.create(IcebergConnectorFactory.java:56)
	at DefaultCatalogFactory.createConnector(DefaultCatalogFactory.java:199)
	at DefaultCatalogFactory.createCatalog(DefaultCatalogFactory.java:124)
	at LazyCatalogFactory.createCatalog(LazyCatalogFactory.java:44)
	at StaticCatalogManager.lambda$loadInitialCatalogs$1(StaticCatalogManager.java:159)
	at java.base/FutureTask.run(FutureTask.java:328)
	at java.base/Executors$RunnableAdapter.call(Executors.java:545)
	at java.base/FutureTask.run(FutureTask.java:328)
	at DirectExecutor.execute(DirectExecutor.java:30)
	at java.base/ExecutorCompletionService.submit(ExecutorCompletionService.java:187)
	at Executors.executeUntilFailure(Executors.java:46)
	at StaticCatalogManager.loadInitialCatalogs(StaticCatalogManager.java:153)
	at Server.doStart(Server.java:140)
	at Server.lambda$start$0(Server.java:79)
	at io.trino.$gen.Trino_479____20260122_182306_1.run(Unknown Source)
	at Server.start(Server.java:79)
	at TrinoServer.main(TrinoServer.java:37)

5) [Guice/ErrorInjectingConstructor]: SdkClientException: Unable to load region from any of the providers in the chain DefaultAwsRegionProviderChain@290505f8: [SystemSettingsRegionProvider@5d6eb90d: Unable to load region from system settings. Region must be specified either via environment variable (AWS_REGION) or  system property (aws.region)., AwsProfileRegionProvider@1ffb6ee8: No region provided in profile: default, InstanceProfileRegionProvider@3f8d1391: Unable to contact EC2 metadata service.]
  at S3FileSystemFactory.<init>(S3FileSystemFactory.java:38)
  while locating S3FileSystemFactory
  at java.base/DirectMethodHandleAccessor.invoke(DirectMethodHandleAccessor.java:104)
      \_ installed by: IcebergConnectorFactory$IcebergFileSystemModule -> FileSystemModule -> S3FileSystemModule
  while locating TrinoFileSystemFactory annotated with interface FileSystemS3
  while locating TrinoFileSystemFactory annotated with @Element(setName=,uniqueId=58, type=MAPBINDER, keyType=String)
  at FileSystemModule.createFileSystemFactory(FileSystemModule.java:155)
      \_ for 3rd parameter factories
  at FileSystemModule.createFileSystemFactory(FileSystemModule.java:155)
      \_ installed by: IcebergConnectorFactory$IcebergFileSystemModule -> FileSystemModule
  at DefaultIcebergFileSystemFactory.<init>(DefaultIcebergFileSystemFactory.java:32)
      \_ for 1st parameter fileSystemFactory
  while locating DefaultIcebergFileSystemFactory
  at IcebergModule.configure(IcebergModule.java:141)
  while locating IcebergFileSystemFactory annotated with @RealOptionalBinder$Default
  at IcebergPageSinkProvider.<init>(IcebergPageSinkProvider.java:72)
      \_ for 1st parameter fileSystemFactory
  while locating IcebergPageSinkProvider
  at IcebergModule.configure(IcebergModule.java:90)
  while locating ConnectorPageSinkProvider annotated with interface ForClassLoaderSafe

Learn more:
  https://github.com/google/guice/wiki/ERROR_INJECTING_CONSTRUCTOR
Caused by: SdkClientException: Unable to load region from any of the providers in the chain DefaultAwsRegionProviderChain@290505f8: [SystemSettingsRegionProvider@5d6eb90d: Unable to load region from system settings. Region must be specified either via environment variable (AWS_REGION) or  system property (aws.region)., AwsProfileRegionProvider@1ffb6ee8: No region provided in profile: default, InstanceProfileRegionProvider@3f8d1391: Unable to contact EC2 metadata service.]
	at SdkClientException$BuilderImpl.build(SdkClientException.java:130)
	at AwsRegionProviderChain.getRegion(AwsRegionProviderChain.java:70)
	at AwsDefaultClientBuilder.resolveRegion(AwsDefaultClientBuilder.java:374)
	at AttributeMap$DerivedValue.primeCache(AttributeMap.java:604)
	at AttributeMap$DerivedValue.get(AttributeMap.java:593)
	at AttributeMap$Builder.resolveValue(AttributeMap.java:400)
	at AttributeMap$Builder.internalGet(AttributeMap.java:389)
	at AttributeMap$Builder.access$1300(AttributeMap.java:201)
	at AttributeMap$Builder$1.get(AttributeMap.java:403)
	at AwsDefaultClientBuilder.resolveSigningRegion(AwsDefaultClientBuilder.java:319)
	at AttributeMap$DerivedValue.primeCache(AttributeMap.java:604)
	at AttributeMap$DerivedValue.get(AttributeMap.java:593)
	at AttributeMap$Builder.resolveValue(AttributeMap.java:400)
	at java.base/ArrayList.forEach(ArrayList.java:1604)
	at AttributeMap$Builder.build(AttributeMap.java:362)
	at SdkClientConfiguration$Builder.build(SdkClientConfiguration.java:224)
	at AwsDefaultClientBuilder.finalizeAwsConfiguration(AwsDefaultClientBuilder.java:201)
	at AwsDefaultClientBuilder.finalizeChildConfiguration(AwsDefaultClientBuilder.java:172)
	at SdkDefaultClientBuilder.syncClientConfiguration(SdkDefaultClientBuilder.java:204)
	at DefaultS3ClientBuilder.buildClient(DefaultS3ClientBuilder.java:37)
	at DefaultS3ClientBuilder.buildClient(DefaultS3ClientBuilder.java:26)
	at SdkDefaultClientBuilder.build(SdkDefaultClientBuilder.java:171)
	at S3FileSystemLoader.lambda$s3ClientFactory$0(S3FileSystemLoader.java:211)
	at S3FileSystemLoader.s3PreSigner(S3FileSystemLoader.java:228)
	at S3FileSystemLoader.<init>(S3FileSystemLoader.java:92)
	at S3FileSystemLoader.<init>(S3FileSystemLoader.java:79)
	at S3FileSystemFactory.<init>(S3FileSystemFactory.java:39)
	at S3FileSystemFactory$$FastClassByGuice$$3577f71.GUICE$TRAMPOLINE(<generated>)
	at S3FileSystemFactory$$FastClassByGuice$$3577f71.apply(<generated>)
	at DefaultConstructionProxyFactory$FastClassProxy.newInstance(DefaultConstructionProxyFactory.java:82)
	at ConstructorInjector.provision(ConstructorInjector.java:114)
	at ConstructorInjector.access$000(ConstructorInjector.java:33)
	at ConstructorInjector$1.call(ConstructorInjector.java:98)
	at ProvisionListenerStackCallback$Provision.provision(ProvisionListenerStackCallback.java:109)
	at LifeCycleModule.provision(LifeCycleModule.java:70)
	at ProvisionListenerStackCallback$Provision.provision(ProvisionListenerStackCallback.java:117)
	at ProvisionListenerStackCallback.provision(ProvisionListenerStackCallback.java:66)
	at ConstructorInjector.construct(ConstructorInjector.java:93)
	at ConstructorBindingImpl$Factory.get(ConstructorBindingImpl.java:300)
	at FactoryProxy.get(FactoryProxy.java:60)
	at ProviderToInternalFactoryAdapter.get(ProviderToInternalFactoryAdapter.java:40)
	at SingletonScope$1.get(SingletonScope.java:169)
	at InternalFactoryToProviderAdapter.get(InternalFactoryToProviderAdapter.java:45)
	at FactoryProxy.get(FactoryProxy.java:60)
	at SingleParameterInjector.inject(SingleParameterInjector.java:40)
	at RealMapBinder$ExtensionRealMapProvider.doProvision(RealMapBinder.java:808)
	at RealMapBinder$ExtensionRealMapProvider.doProvision(RealMapBinder.java:743)
	at InternalProviderInstanceBindingImpl$Factory$1.call(InternalProviderInstanceBindingImpl.java:120)
	at ProvisionListenerStackCallback$Provision.provision(ProvisionListenerStackCallback.java:109)
	at LifeCycleModule.provision(LifeCycleModule.java:70)
	at ProvisionListenerStackCallback$Provision.provision(ProvisionListenerStackCallback.java:117)
	at ProvisionListenerStackCallback.provision(ProvisionListenerStackCallback.java:66)
	at InternalProviderInstanceBindingImpl$Factory.get(InternalProviderInstanceBindingImpl.java:115)
	at SingleParameterInjector.inject(SingleParameterInjector.java:40)
	at SingleParameterInjector.getAll(SingleParameterInjector.java:60)
	at ProviderMethod.doProvision(ProviderMethod.java:171)
	at InternalProviderInstanceBindingImpl$CyclicFactory.provision(InternalProviderInstanceBindingImpl.java:185)
	at InternalProviderInstanceBindingImpl$CyclicFactory.access$300(InternalProviderInstanceBindingImpl.java:139)
	at InternalProviderInstanceBindingImpl$CyclicFactory$1.call(InternalProviderInstanceBindingImpl.java:169)
	at ProvisionListenerStackCallback$Provision.provision(ProvisionListenerStackCallback.java:109)
	at LifeCycleModule.provision(LifeCycleModule.java:70)
	at ProvisionListenerStackCallback$Provision.provision(ProvisionListenerStackCallback.java:117)
	at ProvisionListenerStackCallback.provision(ProvisionListenerStackCallback.java:66)
	at InternalProviderInstanceBindingImpl$CyclicFactory.get(InternalProviderInstanceBindingImpl.java:164)
	at ProviderToInternalFactoryAdapter.get(ProviderToInternalFactoryAdapter.java:40)
	at SingletonScope$1.get(SingletonScope.java:169)
	at InternalFactoryToProviderAdapter.get(InternalFactoryToProviderAdapter.java:45)
	at SingleParameterInjector.inject(SingleParameterInjector.java:40)
	at SingleParameterInjector.getAll(SingleParameterInjector.java:60)
	at ConstructorInjector.provision(ConstructorInjector.java:113)
	at ConstructorInjector.access$000(ConstructorInjector.java:33)
	at ConstructorInjector$1.call(ConstructorInjector.java:98)
	at ProvisionListenerStackCallback$Provision.provision(ProvisionListenerStackCallback.java:109)
	at LifeCycleModule.provision(LifeCycleModule.java:70)
	at ProvisionListenerStackCallback$Provision.provision(ProvisionListenerStackCallback.java:117)
	at ProvisionListenerStackCallback.provision(ProvisionListenerStackCallback.java:66)
	at ConstructorInjector.construct(ConstructorInjector.java:93)
	at ConstructorBindingImpl$Factory.get(ConstructorBindingImpl.java:300)
	at FactoryProxy.get(FactoryProxy.java:60)
	at ProviderToInternalFactoryAdapter.get(ProviderToInternalFactoryAdapter.java:40)
	at SingletonScope$1.get(SingletonScope.java:169)
	at InternalFactoryToProviderAdapter.get(InternalFactoryToProviderAdapter.java:45)
	at RealOptionalBinder$RealDirectTypeProvider.doProvision(RealOptionalBinder.java:376)
	at InternalProviderInstanceBindingImpl$Factory$1.call(InternalProviderInstanceBindingImpl.java:120)
	at ProvisionListenerStackCallback$Provision.provision(ProvisionListenerStackCallback.java:109)
	at LifeCycleModule.provision(LifeCycleModule.java:70)
	at ProvisionListenerStackCallback$Provision.provision(ProvisionListenerStackCallback.java:117)
	at ProvisionListenerStackCallback.provision(ProvisionListenerStackCallback.java:66)
	at InternalProviderInstanceBindingImpl$Factory.get(InternalProviderInstanceBindingImpl.java:115)
	at SingleParameterInjector.inject(SingleParameterInjector.java:40)
	at SingleParameterInjector.getAll(SingleParameterInjector.java:60)
	at ConstructorInjector.provision(ConstructorInjector.java:113)
	at ConstructorInjector.access$000(ConstructorInjector.java:33)
	at ConstructorInjector$1.call(ConstructorInjector.java:98)
	at ProvisionListenerStackCallback$Provision.provision(ProvisionListenerStackCallback.java:109)
	at LifeCycleModule.provision(LifeCycleModule.java:70)
	at ProvisionListenerStackCallback$Provision.provision(ProvisionListenerStackCallback.java:117)
	at ProvisionListenerStackCallback.provision(ProvisionListenerStackCallback.java:66)
	at ConstructorInjector.construct(ConstructorInjector.java:93)
	at ConstructorBindingImpl$Factory.get(ConstructorBindingImpl.java:300)
	at FactoryProxy.get(FactoryProxy.java:60)
	at ProviderToInternalFactoryAdapter.get(ProviderToInternalFactoryAdapter.java:40)
	at SingletonScope$1.get(SingletonScope.java:169)
	at InternalFactoryToProviderAdapter.get(InternalFactoryToProviderAdapter.java:45)
	at InternalInjectorCreator.loadEagerSingletons(InternalInjectorCreator.java:213)
	at InternalInjectorCreator.injectDynamically(InternalInjectorCreator.java:186)
	at InternalInjectorCreator.build(InternalInjectorCreator.java:113)
	at Guice.createInjector(Guice.java:87)
	at Bootstrap.initialize(Bootstrap.java:366)
	at IcebergConnectorFactory.createConnector(IcebergConnectorFactory.java:88)
	at IcebergConnectorFactory.create(IcebergConnectorFactory.java:56)
	at DefaultCatalogFactory.createConnector(DefaultCatalogFactory.java:199)
	at DefaultCatalogFactory.createCatalog(DefaultCatalogFactory.java:124)
	at LazyCatalogFactory.createCatalog(LazyCatalogFactory.java:44)
	at StaticCatalogManager.lambda$loadInitialCatalogs$1(StaticCatalogManager.java:159)
	at java.base/FutureTask.run(FutureTask.java:328)
	at java.base/Executors$RunnableAdapter.call(Executors.java:545)
	at java.base/FutureTask.run(FutureTask.java:328)
	at DirectExecutor.execute(DirectExecutor.java:30)
	at java.base/ExecutorCompletionService.submit(ExecutorCompletionService.java:187)
	at Executors.executeUntilFailure(Executors.java:46)
	at StaticCatalogManager.loadInitialCatalogs(StaticCatalogManager.java:153)
	at Server.doStart(Server.java:140)
	at Server.lambda$start$0(Server.java:79)
	at io.trino.$gen.Trino_479____20260122_182306_1.run(Unknown Source)
	at Server.start(Server.java:79)
	at TrinoServer.main(TrinoServer.java:37)

6) [Guice/ErrorInjectingConstructor]: SdkClientException: Unable to load region from any of the providers in the chain DefaultAwsRegionProviderChain@4d17097b: [SystemSettingsRegionProvider@45c1455: Unable to load region from system settings. Region must be specified either via environment variable (AWS_REGION) or  system property (aws.region)., AwsProfileRegionProvider@2152797: No region provided in profile: default, InstanceProfileRegionProvider@6047fd63: Unable to contact EC2 metadata service.]
  at S3FileSystemFactory.<init>(S3FileSystemFactory.java:38)
  while locating S3FileSystemFactory
  at java.base/DirectMethodHandleAccessor.invoke(DirectMethodHandleAccessor.java:104)
      \_ installed by: IcebergConnectorFactory$IcebergFileSystemModule -> FileSystemModule -> S3FileSystemModule
  while locating TrinoFileSystemFactory annotated with interface FileSystemS3
  while locating TrinoFileSystemFactory annotated with @Element(setName=,uniqueId=58, type=MAPBINDER, keyType=String)
  at FileSystemModule.createFileSystemFactory(FileSystemModule.java:155)
      \_ for 3rd parameter factories
  at FileSystemModule.createFileSystemFactory(FileSystemModule.java:155)
      \_ installed by: IcebergConnectorFactory$IcebergFileSystemModule -> FileSystemModule
  at DefaultIcebergFileSystemFactory.<init>(DefaultIcebergFileSystemFactory.java:32)
      \_ for 1st parameter fileSystemFactory
  while locating DefaultIcebergFileSystemFactory
  at IcebergModule.configure(IcebergModule.java:141)
  while locating IcebergFileSystemFactory annotated with @RealOptionalBinder$Default
  at IcebergPageSinkProvider.<init>(IcebergPageSinkProvider.java:72)
      \_ for 1st parameter fileSystemFactory
  while locating IcebergPageSinkProvider
  at IcebergModule.configure(IcebergModule.java:90)
  at ClassLoaderSafeConnectorPageSinkProvider.<init>(ClassLoaderSafeConnectorPageSinkProvider.java:39)
      \_ for 1st parameter delegate
  while locating ClassLoaderSafeConnectorPageSinkProvider
  at IcebergModule.configure(IcebergModule.java:91)
  while locating ConnectorPageSinkProvider

Learn more:
  https://github.com/google/guice/wiki/ERROR_INJECTING_CONSTRUCTOR
Caused by: SdkClientException: Unable to load region from any of the providers in the chain DefaultAwsRegionProviderChain@4d17097b: [SystemSettingsRegionProvider@45c1455: Unable to load region from system settings. Region must be specified either via environment variable (AWS_REGION) or  system property (aws.region)., AwsProfileRegionProvider@2152797: No region provided in profile: default, InstanceProfileRegionProvider@6047fd63: Unable to contact EC2 metadata service.]
	at SdkClientException$BuilderImpl.build(SdkClientException.java:130)
	at AwsRegionProviderChain.getRegion(AwsRegionProviderChain.java:70)
	at AwsDefaultClientBuilder.resolveRegion(AwsDefaultClientBuilder.java:374)
	at AttributeMap$DerivedValue.primeCache(AttributeMap.java:604)
	at AttributeMap$DerivedValue.get(AttributeMap.java:593)
	at AttributeMap$Builder.resolveValue(AttributeMap.java:400)
	at AttributeMap$Builder.internalGet(AttributeMap.java:389)
	at AttributeMap$Builder.access$1300(AttributeMap.java:201)
	at AttributeMap$Builder$1.get(AttributeMap.java:403)
	at AwsDefaultClientBuilder.resolveSigningRegion(AwsDefaultClientBuilder.java:319)
	at AttributeMap$DerivedValue.primeCache(AttributeMap.java:604)
	at AttributeMap$DerivedValue.get(AttributeMap.java:593)
	at AttributeMap$Builder.resolveValue(AttributeMap.java:400)
	at java.base/ArrayList.forEach(ArrayList.java:1604)
	at AttributeMap$Builder.build(AttributeMap.java:362)
	at SdkClientConfiguration$Builder.build(SdkClientConfiguration.java:224)
	at AwsDefaultClientBuilder.finalizeAwsConfiguration(AwsDefaultClientBuilder.java:201)
	at AwsDefaultClientBuilder.finalizeChildConfiguration(AwsDefaultClientBuilder.java:172)
	at SdkDefaultClientBuilder.syncClientConfiguration(SdkDefaultClientBuilder.java:204)
	at DefaultS3ClientBuilder.buildClient(DefaultS3ClientBuilder.java:37)
	at DefaultS3ClientBuilder.buildClient(DefaultS3ClientBuilder.java:26)
	at SdkDefaultClientBuilder.build(SdkDefaultClientBuilder.java:171)
	at S3FileSystemLoader.lambda$s3ClientFactory$0(S3FileSystemLoader.java:211)
	at S3FileSystemLoader.s3PreSigner(S3FileSystemLoader.java:228)
	at S3FileSystemLoader.<init>(S3FileSystemLoader.java:92)
	at S3FileSystemLoader.<init>(S3FileSystemLoader.java:79)
	at S3FileSystemFactory.<init>(S3FileSystemFactory.java:39)
	at S3FileSystemFactory$$FastClassByGuice$$3577f71.GUICE$TRAMPOLINE(<generated>)
	at S3FileSystemFactory$$FastClassByGuice$$3577f71.apply(<generated>)
	at DefaultConstructionProxyFactory$FastClassProxy.newInstance(DefaultConstructionProxyFactory.java:82)
	at ConstructorInjector.provision(ConstructorInjector.java:114)
	at ConstructorInjector.access$000(ConstructorInjector.java:33)
	at ConstructorInjector$1.call(ConstructorInjector.java:98)
	at ProvisionListenerStackCallback$Provision.provision(ProvisionListenerStackCallback.java:109)
	at LifeCycleModule.provision(LifeCycleModule.java:70)
	at ProvisionListenerStackCallback$Provision.provision(ProvisionListenerStackCallback.java:117)
	at ProvisionListenerStackCallback.provision(ProvisionListenerStackCallback.java:66)
	at ConstructorInjector.construct(ConstructorInjector.java:93)
	at ConstructorBindingImpl$Factory.get(ConstructorBindingImpl.java:300)
	at FactoryProxy.get(FactoryProxy.java:60)
	at ProviderToInternalFactoryAdapter.get(ProviderToInternalFactoryAdapter.java:40)
	at SingletonScope$1.get(SingletonScope.java:169)
	at InternalFactoryToProviderAdapter.get(InternalFactoryToProviderAdapter.java:45)
	at FactoryProxy.get(FactoryProxy.java:60)
	at SingleParameterInjector.inject(SingleParameterInjector.java:40)
	at RealMapBinder$ExtensionRealMapProvider.doProvision(RealMapBinder.java:808)
	at RealMapBinder$ExtensionRealMapProvider.doProvision(RealMapBinder.java:743)
	at InternalProviderInstanceBindingImpl$Factory$1.call(InternalProviderInstanceBindingImpl.java:120)
	at ProvisionListenerStackCallback$Provision.provision(ProvisionListenerStackCallback.java:109)
	at LifeCycleModule.provision(LifeCycleModule.java:70)
	at ProvisionListenerStackCallback$Provision.provision(ProvisionListenerStackCallback.java:117)
	at ProvisionListenerStackCallback.provision(ProvisionListenerStackCallback.java:66)
	at InternalProviderInstanceBindingImpl$Factory.get(InternalProviderInstanceBindingImpl.java:115)
	at SingleParameterInjector.inject(SingleParameterInjector.java:40)
	at SingleParameterInjector.getAll(SingleParameterInjector.java:60)
	at ProviderMethod.doProvision(ProviderMethod.java:171)
	at InternalProviderInstanceBindingImpl$CyclicFactory.provision(InternalProviderInstanceBindingImpl.java:185)
	at InternalProviderInstanceBindingImpl$CyclicFactory.access$300(InternalProviderInstanceBindingImpl.java:139)
	at InternalProviderInstanceBindingImpl$CyclicFactory$1.call(InternalProviderInstanceBindingImpl.java:169)
	at ProvisionListenerStackCallback$Provision.provision(ProvisionListenerStackCallback.java:109)
	at LifeCycleModule.provision(LifeCycleModule.java:70)
	at ProvisionListenerStackCallback$Provision.provision(ProvisionListenerStackCallback.java:117)
	at ProvisionListenerStackCallback.provision(ProvisionListenerStackCallback.java:66)
	at InternalProviderInstanceBindingImpl$CyclicFactory.get(InternalProviderInstanceBindingImpl.java:164)
	at ProviderToInternalFactoryAdapter.get(ProviderToInternalFactoryAdapter.java:40)
	at SingletonScope$1.get(SingletonScope.java:169)
	at InternalFactoryToProviderAdapter.get(InternalFactoryToProviderAdapter.java:45)
	at SingleParameterInjector.inject(SingleParameterInjector.java:40)
	at SingleParameterInjector.getAll(SingleParameterInjector.java:60)
	at ConstructorInjector.provision(ConstructorInjector.java:113)
	at ConstructorInjector.access$000(ConstructorInjector.java:33)
	at ConstructorInjector$1.call(ConstructorInjector.java:98)
	at ProvisionListenerStackCallback$Provision.provision(ProvisionListenerStackCallback.java:109)
	at LifeCycleModule.provision(LifeCycleModule.java:70)
	at ProvisionListenerStackCallback$Provision.provision(ProvisionListenerStackCallback.java:117)
	at ProvisionListenerStackCallback.provision(ProvisionListenerStackCallback.java:66)
	at ConstructorInjector.construct(ConstructorInjector.java:93)
	at ConstructorBindingImpl$Factory.get(ConstructorBindingImpl.java:300)
	at FactoryProxy.get(FactoryProxy.java:60)
	at ProviderToInternalFactoryAdapter.get(ProviderToInternalFactoryAdapter.java:40)
	at SingletonScope$1.get(SingletonScope.java:169)
	at InternalFactoryToProviderAdapter.get(InternalFactoryToProviderAdapter.java:45)
	at RealOptionalBinder$RealDirectTypeProvider.doProvision(RealOptionalBinder.java:376)
	at InternalProviderInstanceBindingImpl$Factory$1.call(InternalProviderInstanceBindingImpl.java:120)
	at ProvisionListenerStackCallback$Provision.provision(ProvisionListenerStackCallback.java:109)
	at LifeCycleModule.provision(LifeCycleModule.java:70)
	at ProvisionListenerStackCallback$Provision.provision(ProvisionListenerStackCallback.java:117)
	at ProvisionListenerStackCallback.provision(ProvisionListenerStackCallback.java:66)
	at InternalProviderInstanceBindingImpl$Factory.get(InternalProviderInstanceBindingImpl.java:115)
	at SingleParameterInjector.inject(SingleParameterInjector.java:40)
	at SingleParameterInjector.getAll(SingleParameterInjector.java:60)
	at ConstructorInjector.provision(ConstructorInjector.java:113)
	at ConstructorInjector.access$000(ConstructorInjector.java:33)
	at ConstructorInjector$1.call(ConstructorInjector.java:98)
	at ProvisionListenerStackCallback$Provision.provision(ProvisionListenerStackCallback.java:109)
	at LifeCycleModule.provision(LifeCycleModule.java:70)
	at ProvisionListenerStackCallback$Provision.provision(ProvisionListenerStackCallback.java:117)
	at ProvisionListenerStackCallback.provision(ProvisionListenerStackCallback.java:66)
	at ConstructorInjector.construct(ConstructorInjector.java:93)
	at ConstructorBindingImpl$Factory.get(ConstructorBindingImpl.java:300)
	at FactoryProxy.get(FactoryProxy.java:60)
	at ProviderToInternalFactoryAdapter.get(ProviderToInternalFactoryAdapter.java:40)
	at SingletonScope$1.get(SingletonScope.java:169)
	at InternalFactoryToProviderAdapter.get(InternalFactoryToProviderAdapter.java:45)
	at SingleParameterInjector.inject(SingleParameterInjector.java:40)
	at SingleParameterInjector.getAll(SingleParameterInjector.java:60)
	at ConstructorInjector.provision(ConstructorInjector.java:113)
	at ConstructorInjector.access$000(ConstructorInjector.java:33)
	at ConstructorInjector$1.call(ConstructorInjector.java:98)
	at ProvisionListenerStackCallback$Provision.provision(ProvisionListenerStackCallback.java:109)
	at LifeCycleModule.provision(LifeCycleModule.java:70)
	at ProvisionListenerStackCallback$Provision.provision(ProvisionListenerStackCallback.java:117)
	at ProvisionListenerStackCallback.provision(ProvisionListenerStackCallback.java:66)
	at ConstructorInjector.construct(ConstructorInjector.java:93)
	at ConstructorBindingImpl$Factory.get(ConstructorBindingImpl.java:300)
	at FactoryProxy.get(FactoryProxy.java:60)
	at ProviderToInternalFactoryAdapter.get(ProviderToInternalFactoryAdapter.java:40)
	at SingletonScope$1.get(SingletonScope.java:169)
	at InternalFactoryToProviderAdapter.get(InternalFactoryToProviderAdapter.java:45)
	at InternalInjectorCreator.loadEagerSingletons(InternalInjectorCreator.java:213)
	at InternalInjectorCreator.injectDynamically(InternalInjectorCreator.java:186)
	at InternalInjectorCreator.build(InternalInjectorCreator.java:113)
	at Guice.createInjector(Guice.java:87)
	at Bootstrap.initialize(Bootstrap.java:366)
	at IcebergConnectorFactory.createConnector(IcebergConnectorFactory.java:88)
	at IcebergConnectorFactory.create(IcebergConnectorFactory.java:56)
	at DefaultCatalogFactory.createConnector(DefaultCatalogFactory.java:199)
	at DefaultCatalogFactory.createCatalog(DefaultCatalogFactory.java:124)
	at LazyCatalogFactory.createCatalog(LazyCatalogFactory.java:44)
	at StaticCatalogManager.lambda$loadInitialCatalogs$1(StaticCatalogManager.java:159)
	at java.base/FutureTask.run(FutureTask.java:328)
	at java.base/Executors$RunnableAdapter.call(Executors.java:545)
	at java.base/FutureTask.run(FutureTask.java:328)
	at DirectExecutor.execute(DirectExecutor.java:30)
	at java.base/ExecutorCompletionService.submit(ExecutorCompletionService.java:187)
	at Executors.executeUntilFailure(Executors.java:46)
	at StaticCatalogManager.loadInitialCatalogs(StaticCatalogManager.java:153)
	at Server.doStart(Server.java:140)
	at Server.lambda$start$0(Server.java:79)
	at io.trino.$gen.Trino_479____20260122_182306_1.run(Unknown Source)
	at Server.start(Server.java:79)
	at TrinoServer.main(TrinoServer.java:37)

7) [Guice/ErrorInjectingConstructor]: SdkClientException: Unable to load region from any of the providers in the chain DefaultAwsRegionProviderChain@16cb3161: [SystemSettingsRegionProvider@7de621f: Unable to load region from system settings. Region must be specified either via environment variable (AWS_REGION) or  system property (aws.region)., AwsProfileRegionProvider@447e49c: No region provided in profile: default, InstanceProfileRegionProvider@22651b3a: Unable to contact EC2 metadata service.]
  at S3FileSystemFactory.<init>(S3FileSystemFactory.java:38)
  while locating S3FileSystemFactory
  at java.base/DirectMethodHandleAccessor.invoke(DirectMethodHandleAccessor.java:104)
      \_ installed by: IcebergConnectorFactory$IcebergFileSystemModule -> FileSystemModule -> S3FileSystemModule
  while locating TrinoFileSystemFactory annotated with interface FileSystemS3
  while locating TrinoFileSystemFactory annotated with @Element(setName=,uniqueId=58, type=MAPBINDER, keyType=String)
  at FileSystemModule.createFileSystemFactory(FileSystemModule.java:155)
      \_ for 3rd parameter factories
  at FileSystemModule.createFileSystemFactory(FileSystemModule.java:155)
      \_ installed by: IcebergConnectorFactory$IcebergFileSystemModule -> FileSystemModule
  at TrinoNessieCatalogFactory.<init>(TrinoNessieCatalogFactory.java:52)
      \_ for 3rd parameter fileSystemFactory
  while locating TrinoNessieCatalogFactory
  at java.base/DirectMethodHandleAccessor.invoke(DirectMethodHandleAccessor.java:104)
      \_ installed by: IcebergCatalogModule -> ConditionalModule -> IcebergNessieCatalogModule
  at RollbackToSnapshotProcedure.<init>(RollbackToSnapshotProcedure.java:53)
      \_ for 1st parameter catalogFactory
  while locating RollbackToSnapshotProcedure
  at IcebergModule.configure(IcebergModule.java:118)
  while locating Procedure annotated with @Element(setName=,uniqueId=37, type=MULTIBINDER, keyType=)

Learn more:
  https://github.com/google/guice/wiki/ERROR_INJECTING_CONSTRUCTOR
Caused by: SdkClientException: Unable to load region from any of the providers in the chain DefaultAwsRegionProviderChain@16cb3161: [SystemSettingsRegionProvider@7de621f: Unable to load region from system settings. Region must be specified either via environment variable (AWS_REGION) or  system property (aws.region)., AwsProfileRegionProvider@447e49c: No region provided in profile: default, InstanceProfileRegionProvider@22651b3a: Unable to contact EC2 metadata service.]
	at SdkClientException$BuilderImpl.build(SdkClientException.java:130)
	at AwsRegionProviderChain.getRegion(AwsRegionProviderChain.java:70)
	at AwsDefaultClientBuilder.resolveRegion(AwsDefaultClientBuilder.java:374)
	at AttributeMap$DerivedValue.primeCache(AttributeMap.java:604)
	at AttributeMap$DerivedValue.get(AttributeMap.java:593)
	at AttributeMap$Builder.resolveValue(AttributeMap.java:400)
	at AttributeMap$Builder.internalGet(AttributeMap.java:389)
	at AttributeMap$Builder.access$1300(AttributeMap.java:201)
	at AttributeMap$Builder$1.get(AttributeMap.java:403)
	at AwsDefaultClientBuilder.resolveSigningRegion(AwsDefaultClientBuilder.java:319)
	at AttributeMap$DerivedValue.primeCache(AttributeMap.java:604)
	at AttributeMap$DerivedValue.get(AttributeMap.java:593)
	at AttributeMap$Builder.resolveValue(AttributeMap.java:400)
	at java.base/ArrayList.forEach(ArrayList.java:1604)
	at AttributeMap$Builder.build(AttributeMap.java:362)
	at SdkClientConfiguration$Builder.build(SdkClientConfiguration.java:224)
	at AwsDefaultClientBuilder.finalizeAwsConfiguration(AwsDefaultClientBuilder.java:201)
	at AwsDefaultClientBuilder.finalizeChildConfiguration(AwsDefaultClientBuilder.java:172)
	at SdkDefaultClientBuilder.syncClientConfiguration(SdkDefaultClientBuilder.java:204)
	at DefaultS3ClientBuilder.buildClient(DefaultS3ClientBuilder.java:37)
	at DefaultS3ClientBuilder.buildClient(DefaultS3ClientBuilder.java:26)
	at SdkDefaultClientBuilder.build(SdkDefaultClientBuilder.java:171)
	at S3FileSystemLoader.lambda$s3ClientFactory$0(S3FileSystemLoader.java:211)
	at S3FileSystemLoader.s3PreSigner(S3FileSystemLoader.java:228)
	at S3FileSystemLoader.<init>(S3FileSystemLoader.java:92)
	at S3FileSystemLoader.<init>(S3FileSystemLoader.java:79)
	at S3FileSystemFactory.<init>(S3FileSystemFactory.java:39)
	at S3FileSystemFactory$$FastClassByGuice$$3577f71.GUICE$TRAMPOLINE(<generated>)
	at S3FileSystemFactory$$FastClassByGuice$$3577f71.apply(<generated>)
	at DefaultConstructionProxyFactory$FastClassProxy.newInstance(DefaultConstructionProxyFactory.java:82)
	at ConstructorInjector.provision(ConstructorInjector.java:114)
	at ConstructorInjector.access$000(ConstructorInjector.java:33)
	at ConstructorInjector$1.call(ConstructorInjector.java:98)
	at ProvisionListenerStackCallback$Provision.provision(ProvisionListenerStackCallback.java:109)
	at LifeCycleModule.provision(LifeCycleModule.java:70)
	at ProvisionListenerStackCallback$Provision.provision(ProvisionListenerStackCallback.java:117)
	at ProvisionListenerStackCallback.provision(ProvisionListenerStackCallback.java:66)
	at ConstructorInjector.construct(ConstructorInjector.java:93)
	at ConstructorBindingImpl$Factory.get(ConstructorBindingImpl.java:300)
	at FactoryProxy.get(FactoryProxy.java:60)
	at ProviderToInternalFactoryAdapter.get(ProviderToInternalFactoryAdapter.java:40)
	at SingletonScope$1.get(SingletonScope.java:169)
	at InternalFactoryToProviderAdapter.get(InternalFactoryToProviderAdapter.java:45)
	at FactoryProxy.get(FactoryProxy.java:60)
	at SingleParameterInjector.inject(SingleParameterInjector.java:40)
	at RealMapBinder$ExtensionRealMapProvider.doProvision(RealMapBinder.java:808)
	at RealMapBinder$ExtensionRealMapProvider.doProvision(RealMapBinder.java:743)
	at InternalProviderInstanceBindingImpl$Factory$1.call(InternalProviderInstanceBindingImpl.java:120)
	at ProvisionListenerStackCallback$Provision.provision(ProvisionListenerStackCallback.java:109)
	at LifeCycleModule.provision(LifeCycleModule.java:70)
	at ProvisionListenerStackCallback$Provision.provision(ProvisionListenerStackCallback.java:117)
	at ProvisionListenerStackCallback.provision(ProvisionListenerStackCallback.java:66)
	at InternalProviderInstanceBindingImpl$Factory.get(InternalProviderInstanceBindingImpl.java:115)
	at SingleParameterInjector.inject(SingleParameterInjector.java:40)
	at SingleParameterInjector.getAll(SingleParameterInjector.java:60)
	at ProviderMethod.doProvision(ProviderMethod.java:171)
	at InternalProviderInstanceBindingImpl$CyclicFactory.provision(InternalProviderInstanceBindingImpl.java:185)
	at InternalProviderInstanceBindingImpl$CyclicFactory.access$300(InternalProviderInstanceBindingImpl.java:139)
	at InternalProviderInstanceBindingImpl$CyclicFactory$1.call(InternalProviderInstanceBindingImpl.java:169)
	at ProvisionListenerStackCallback$Provision.provision(ProvisionListenerStackCallback.java:109)
	at LifeCycleModule.provision(LifeCycleModule.java:70)
	at ProvisionListenerStackCallback$Provision.provision(ProvisionListenerStackCallback.java:117)
	at ProvisionListenerStackCallback.provision(ProvisionListenerStackCallback.java:66)
	at InternalProviderInstanceBindingImpl$CyclicFactory.get(InternalProviderInstanceBindingImpl.java:164)
	at ProviderToInternalFactoryAdapter.get(ProviderToInternalFactoryAdapter.java:40)
	at SingletonScope$1.get(SingletonScope.java:169)
	at InternalFactoryToProviderAdapter.get(InternalFactoryToProviderAdapter.java:45)
	at SingleParameterInjector.inject(SingleParameterInjector.java:40)
	at SingleParameterInjector.getAll(SingleParameterInjector.java:60)
	at ConstructorInjector.provision(ConstructorInjector.java:113)
	at ConstructorInjector.access$000(ConstructorInjector.java:33)
	at ConstructorInjector$1.call(ConstructorInjector.java:98)
	at ProvisionListenerStackCallback$Provision.provision(ProvisionListenerStackCallback.java:109)
	at LifeCycleModule.provision(LifeCycleModule.java:70)
	at ProvisionListenerStackCallback$Provision.provision(ProvisionListenerStackCallback.java:117)
	at ProvisionListenerStackCallback.provision(ProvisionListenerStackCallback.java:66)
	at ConstructorInjector.construct(ConstructorInjector.java:93)
	at ConstructorBindingImpl$Factory.get(ConstructorBindingImpl.java:300)
	at FactoryProxy.get(FactoryProxy.java:60)
	at ProviderToInternalFactoryAdapter.get(ProviderToInternalFactoryAdapter.java:40)
	at SingletonScope$1.get(SingletonScope.java:169)
	at InternalFactoryToProviderAdapter.get(InternalFactoryToProviderAdapter.java:45)
	at SingleParameterInjector.inject(SingleParameterInjector.java:40)
	at SingleParameterInjector.getAll(SingleParameterInjector.java:60)
	at ConstructorInjector.provision(ConstructorInjector.java:113)
	at ConstructorInjector.access$000(ConstructorInjector.java:33)
	at ConstructorInjector$1.call(ConstructorInjector.java:98)
	at ProvisionListenerStackCallback$Provision.provision(ProvisionListenerStackCallback.java:109)
	at LifeCycleModule.provision(LifeCycleModule.java:70)
	at ProvisionListenerStackCallback$Provision.provision(ProvisionListenerStackCallback.java:117)
	at ProvisionListenerStackCallback.provision(ProvisionListenerStackCallback.java:66)
	at ConstructorInjector.construct(ConstructorInjector.java:93)
	at ConstructorBindingImpl$Factory.get(ConstructorBindingImpl.java:300)
	at BoundProviderFactory.get(BoundProviderFactory.java:58)
	at ProviderToInternalFactoryAdapter.get(ProviderToInternalFactoryAdapter.java:40)
	at SingletonScope$1.get(SingletonScope.java:169)
	at InternalFactoryToProviderAdapter.get(InternalFactoryToProviderAdapter.java:45)
	at InternalInjectorCreator.loadEagerSingletons(InternalInjectorCreator.java:213)
	at InternalInjectorCreator.injectDynamically(InternalInjectorCreator.java:186)
	at InternalInjectorCreator.build(InternalInjectorCreator.java:113)
	at Guice.createInjector(Guice.java:87)
	at Bootstrap.initialize(Bootstrap.java:366)
	at IcebergConnectorFactory.createConnector(IcebergConnectorFactory.java:88)
	at IcebergConnectorFactory.create(IcebergConnectorFactory.java:56)
	at DefaultCatalogFactory.createConnector(DefaultCatalogFactory.java:199)
	at DefaultCatalogFactory.createCatalog(DefaultCatalogFactory.java:124)
	at LazyCatalogFactory.createCatalog(LazyCatalogFactory.java:44)
	at StaticCatalogManager.lambda$loadInitialCatalogs$1(StaticCatalogManager.java:159)
	at java.base/FutureTask.run(FutureTask.java:328)
	at java.base/Executors$RunnableAdapter.call(Executors.java:545)
	at java.base/FutureTask.run(FutureTask.java:328)
	at DirectExecutor.execute(DirectExecutor.java:30)
	at java.base/ExecutorCompletionService.submit(ExecutorCompletionService.java:187)
	at Executors.executeUntilFailure(Executors.java:46)
	at StaticCatalogManager.loadInitialCatalogs(StaticCatalogManager.java:153)
	at Server.doStart(Server.java:140)
	at Server.lambda$start$0(Server.java:79)
	at io.trino.$gen.Trino_479____20260122_182306_1.run(Unknown Source)
	at Server.start(Server.java:79)
	at TrinoServer.main(TrinoServer.java:37)

8) [Guice/ErrorInjectingConstructor]: SdkClientException: Unable to load region from any of the providers in the chain DefaultAwsRegionProviderChain@103109d3: [SystemSettingsRegionProvider@41ad05d0: Unable to load region from system settings. Region must be specified either via environment variable (AWS_REGION) or  system property (aws.region)., AwsProfileRegionProvider@720aa646: No region provided in profile: default, InstanceProfileRegionProvider@46628728: Unable to contact EC2 metadata service.]
  at S3FileSystemFactory.<init>(S3FileSystemFactory.java:38)
  while locating S3FileSystemFactory
  at java.base/DirectMethodHandleAccessor.invoke(DirectMethodHandleAccessor.java:104)
      \_ installed by: IcebergConnectorFactory$IcebergFileSystemModule -> FileSystemModule -> S3FileSystemModule
  while locating TrinoFileSystemFactory annotated with interface FileSystemS3
  while locating TrinoFileSystemFactory annotated with @Element(setName=,uniqueId=58, type=MAPBINDER, keyType=String)
  at FileSystemModule.createFileSystemFactory(FileSystemModule.java:155)
      \_ for 3rd parameter factories
  at FileSystemModule.createFileSystemFactory(FileSystemModule.java:155)
      \_ installed by: IcebergConnectorFactory$IcebergFileSystemModule -> FileSystemModule
  at TrinoNessieCatalogFactory.<init>(TrinoNessieCatalogFactory.java:52)
      \_ for 3rd parameter fileSystemFactory
  while locating TrinoNessieCatalogFactory
  at java.base/DirectMethodHandleAccessor.invoke(DirectMethodHandleAccessor.java:104)
      \_ installed by: IcebergCatalogModule -> ConditionalModule -> IcebergNessieCatalogModule
  at RegisterTableProcedure.<init>(RegisterTableProcedure.java:89)
      \_ for 1st parameter catalogFactory
  while locating RegisterTableProcedure
  at IcebergModule.configure(IcebergModule.java:119)
  while locating Procedure annotated with @Element(setName=,uniqueId=38, type=MULTIBINDER, keyType=)

Learn more:
  https://github.com/google/guice/wiki/ERROR_INJECTING_CONSTRUCTOR
Caused by: SdkClientException: Unable to load region from any of the providers in the chain DefaultAwsRegionProviderChain@103109d3: [SystemSettingsRegionProvider@41ad05d0: Unable to load region from system settings. Region must be specified either via environment variable (AWS_REGION) or  system property (aws.region)., AwsProfileRegionProvider@720aa646: No region provided in profile: default, InstanceProfileRegionProvider@46628728: Unable to contact EC2 metadata service.]
	at SdkClientException$BuilderImpl.build(SdkClientException.java:130)
	at AwsRegionProviderChain.getRegion(AwsRegionProviderChain.java:70)
	at AwsDefaultClientBuilder.resolveRegion(AwsDefaultClientBuilder.java:374)
	at AttributeMap$DerivedValue.primeCache(AttributeMap.java:604)
	at AttributeMap$DerivedValue.get(AttributeMap.java:593)
	at AttributeMap$Builder.resolveValue(AttributeMap.java:400)
	at AttributeMap$Builder.internalGet(AttributeMap.java:389)
	at AttributeMap$Builder.access$1300(AttributeMap.java:201)
	at AttributeMap$Builder$1.get(AttributeMap.java:403)
	at AwsDefaultClientBuilder.resolveSigningRegion(AwsDefaultClientBuilder.java:319)
	at AttributeMap$DerivedValue.primeCache(AttributeMap.java:604)
	at AttributeMap$DerivedValue.get(AttributeMap.java:593)
	at AttributeMap$Builder.resolveValue(AttributeMap.java:400)
	at java.base/ArrayList.forEach(ArrayList.java:1604)
	at AttributeMap$Builder.build(AttributeMap.java:362)
	at SdkClientConfiguration$Builder.build(SdkClientConfiguration.java:224)
	at AwsDefaultClientBuilder.finalizeAwsConfiguration(AwsDefaultClientBuilder.java:201)
	at AwsDefaultClientBuilder.finalizeChildConfiguration(AwsDefaultClientBuilder.java:172)
	at SdkDefaultClientBuilder.syncClientConfiguration(SdkDefaultClientBuilder.java:204)
	at DefaultS3ClientBuilder.buildClient(DefaultS3ClientBuilder.java:37)
	at DefaultS3ClientBuilder.buildClient(DefaultS3ClientBuilder.java:26)
	at SdkDefaultClientBuilder.build(SdkDefaultClientBuilder.java:171)
	at S3FileSystemLoader.lambda$s3ClientFactory$0(S3FileSystemLoader.java:211)
	at S3FileSystemLoader.s3PreSigner(S3FileSystemLoader.java:228)
	at S3FileSystemLoader.<init>(S3FileSystemLoader.java:92)
	at S3FileSystemLoader.<init>(S3FileSystemLoader.java:79)
	at S3FileSystemFactory.<init>(S3FileSystemFactory.java:39)
	at S3FileSystemFactory$$FastClassByGuice$$3577f71.GUICE$TRAMPOLINE(<generated>)
	at S3FileSystemFactory$$FastClassByGuice$$3577f71.apply(<generated>)
	at DefaultConstructionProxyFactory$FastClassProxy.newInstance(DefaultConstructionProxyFactory.java:82)
	at ConstructorInjector.provision(ConstructorInjector.java:114)
	at ConstructorInjector.access$000(ConstructorInjector.java:33)
	at ConstructorInjector$1.call(ConstructorInjector.java:98)
	at ProvisionListenerStackCallback$Provision.provision(ProvisionListenerStackCallback.java:109)
	at LifeCycleModule.provision(LifeCycleModule.java:70)
	at ProvisionListenerStackCallback$Provision.provision(ProvisionListenerStackCallback.java:117)
	at ProvisionListenerStackCallback.provision(ProvisionListenerStackCallback.java:66)
	at ConstructorInjector.construct(ConstructorInjector.java:93)
	at ConstructorBindingImpl$Factory.get(ConstructorBindingImpl.java:300)
	at FactoryProxy.get(FactoryProxy.java:60)
	at ProviderToInternalFactoryAdapter.get(ProviderToInternalFactoryAdapter.java:40)
	at SingletonScope$1.get(SingletonScope.java:169)
	at InternalFactoryToProviderAdapter.get(InternalFactoryToProviderAdapter.java:45)
	at FactoryProxy.get(FactoryProxy.java:60)
	at SingleParameterInjector.inject(SingleParameterInjector.java:40)
	at RealMapBinder$ExtensionRealMapProvider.doProvision(RealMapBinder.java:808)
	at RealMapBinder$ExtensionRealMapProvider.doProvision(RealMapBinder.java:743)
	at InternalProviderInstanceBindingImpl$Factory$1.call(InternalProviderInstanceBindingImpl.java:120)
	at ProvisionListenerStackCallback$Provision.provision(ProvisionListenerStackCallback.java:109)
	at LifeCycleModule.provision(LifeCycleModule.java:70)
	at ProvisionListenerStackCallback$Provision.provision(ProvisionListenerStackCallback.java:117)
	at ProvisionListenerStackCallback.provision(ProvisionListenerStackCallback.java:66)
	at InternalProviderInstanceBindingImpl$Factory.get(InternalProviderInstanceBindingImpl.java:115)
	at SingleParameterInjector.inject(SingleParameterInjector.java:40)
	at SingleParameterInjector.getAll(SingleParameterInjector.java:60)
	at ProviderMethod.doProvision(ProviderMethod.java:171)
	at InternalProviderInstanceBindingImpl$CyclicFactory.provision(InternalProviderInstanceBindingImpl.java:185)
	at InternalProviderInstanceBindingImpl$CyclicFactory.access$300(InternalProviderInstanceBindingImpl.java:139)
	at InternalProviderInstanceBindingImpl$CyclicFactory$1.call(InternalProviderInstanceBindingImpl.java:169)
	at ProvisionListenerStackCallback$Provision.provision(ProvisionListenerStackCallback.java:109)
	at LifeCycleModule.provision(LifeCycleModule.java:70)
	at ProvisionListenerStackCallback$Provision.provision(ProvisionListenerStackCallback.java:117)
	at ProvisionListenerStackCallback.provision(ProvisionListenerStackCallback.java:66)
	at InternalProviderInstanceBindingImpl$CyclicFactory.get(InternalProviderInstanceBindingImpl.java:164)
	at ProviderToInternalFactoryAdapter.get(ProviderToInternalFactoryAdapter.java:40)
	at SingletonScope$1.get(SingletonScope.java:169)
	at InternalFactoryToProviderAdapter.get(InternalFactoryToProviderAdapter.java:45)
	at SingleParameterInjector.inject(SingleParameterInjector.java:40)
	at SingleParameterInjector.getAll(SingleParameterInjector.java:60)
	at ConstructorInjector.provision(ConstructorInjector.java:113)
	at ConstructorInjector.access$000(ConstructorInjector.java:33)
	at ConstructorInjector$1.call(ConstructorInjector.java:98)
	at ProvisionListenerStackCallback$Provision.provision(ProvisionListenerStackCallback.java:109)
	at LifeCycleModule.provision(LifeCycleModule.java:70)
	at ProvisionListenerStackCallback$Provision.provision(ProvisionListenerStackCallback.java:117)
	at ProvisionListenerStackCallback.provision(ProvisionListenerStackCallback.java:66)
	at ConstructorInjector.construct(ConstructorInjector.java:93)
	at ConstructorBindingImpl$Factory.get(ConstructorBindingImpl.java:300)
	at FactoryProxy.get(FactoryProxy.java:60)
	at ProviderToInternalFactoryAdapter.get(ProviderToInternalFactoryAdapter.java:40)
	at SingletonScope$1.get(SingletonScope.java:169)
	at InternalFactoryToProviderAdapter.get(InternalFactoryToProviderAdapter.java:45)
	at SingleParameterInjector.inject(SingleParameterInjector.java:40)
	at SingleParameterInjector.getAll(SingleParameterInjector.java:60)
	at ConstructorInjector.provision(ConstructorInjector.java:113)
	at ConstructorInjector.access$000(ConstructorInjector.java:33)
	at ConstructorInjector$1.call(ConstructorInjector.java:98)
	at ProvisionListenerStackCallback$Provision.provision(ProvisionListenerStackCallback.java:109)
	at LifeCycleModule.provision(LifeCycleModule.java:70)
	at ProvisionListenerStackCallback$Provision.provision(ProvisionListenerStackCallback.java:117)
	at ProvisionListenerStackCallback.provision(ProvisionListenerStackCallback.java:66)
	at ConstructorInjector.construct(ConstructorInjector.java:93)
	at ConstructorBindingImpl$Factory.get(ConstructorBindingImpl.java:300)
	at BoundProviderFactory.get(BoundProviderFactory.java:58)
	at ProviderToInternalFactoryAdapter.get(ProviderToInternalFactoryAdapter.java:40)
	at SingletonScope$1.get(SingletonScope.java:169)
	at InternalFactoryToProviderAdapter.get(InternalFactoryToProviderAdapter.java:45)
	at InternalInjectorCreator.loadEagerSingletons(InternalInjectorCreator.java:213)
	at InternalInjectorCreator.injectDynamically(InternalInjectorCreator.java:186)
	at InternalInjectorCreator.build(InternalInjectorCreator.java:113)
	at Guice.createInjector(Guice.java:87)
	at Bootstrap.initialize(Bootstrap.java:366)
	at IcebergConnectorFactory.createConnector(IcebergConnectorFactory.java:88)
	at IcebergConnectorFactory.create(IcebergConnectorFactory.java:56)
	at DefaultCatalogFactory.createConnector(DefaultCatalogFactory.java:199)
	at DefaultCatalogFactory.createCatalog(DefaultCatalogFactory.java:124)
	at LazyCatalogFactory.createCatalog(LazyCatalogFactory.java:44)
	at StaticCatalogManager.lambda$loadInitialCatalogs$1(StaticCatalogManager.java:159)
	at java.base/FutureTask.run(FutureTask.java:328)
	at java.base/Executors$RunnableAdapter.call(Executors.java:545)
	at java.base/FutureTask.run(FutureTask.java:328)
	at DirectExecutor.execute(DirectExecutor.java:30)
	at java.base/ExecutorCompletionService.submit(ExecutorCompletionService.java:187)
	at Executors.executeUntilFailure(Executors.java:46)
	at StaticCatalogManager.loadInitialCatalogs(StaticCatalogManager.java:153)
	at Server.doStart(Server.java:140)
	at Server.lambda$start$0(Server.java:79)
	at io.trino.$gen.Trino_479____20260122_182306_1.run(Unknown Source)
	at Server.start(Server.java:79)
	at TrinoServer.main(TrinoServer.java:37)

9) [Guice/ErrorInjectingConstructor]: SdkClientException: Unable to load region from any of the providers in the chain DefaultAwsRegionProviderChain@131c8412: [SystemSettingsRegionProvider@27cd355a: Unable to load region from system settings. Region must be specified either via environment variable (AWS_REGION) or  system property (aws.region)., AwsProfileRegionProvider@7369aeec: No region provided in profile: default, InstanceProfileRegionProvider@6da5a213: Unable to contact EC2 metadata service.]
  at S3FileSystemFactory.<init>(S3FileSystemFactory.java:38)
  while locating S3FileSystemFactory
  at java.base/DirectMethodHandleAccessor.invoke(DirectMethodHandleAccessor.java:104)
      \_ installed by: IcebergConnectorFactory$IcebergFileSystemModule -> FileSystemModule -> S3FileSystemModule
  while locating TrinoFileSystemFactory annotated with interface FileSystemS3
  while locating TrinoFileSystemFactory annotated with @Element(setName=,uniqueId=58, type=MAPBINDER, keyType=String)
  at FileSystemModule.createFileSystemFactory(FileSystemModule.java:155)
      \_ for 3rd parameter factories
  at FileSystemModule.createFileSystemFactory(FileSystemModule.java:155)
      \_ installed by: IcebergConnectorFactory$IcebergFileSystemModule -> FileSystemModule
  at TrinoNessieCatalogFactory.<init>(TrinoNessieCatalogFactory.java:52)
      \_ for 3rd parameter fileSystemFactory
  while locating TrinoNessieCatalogFactory
  at java.base/DirectMethodHandleAccessor.invoke(DirectMethodHandleAccessor.java:104)
      \_ installed by: IcebergCatalogModule -> ConditionalModule -> IcebergNessieCatalogModule
  at UnregisterTableProcedure.<init>(UnregisterTableProcedure.java:60)
      \_ for 1st parameter catalogFactory
  while locating UnregisterTableProcedure
  at IcebergModule.configure(IcebergModule.java:120)
  while locating Procedure annotated with @Element(setName=,uniqueId=39, type=MULTIBINDER, keyType=)

Learn more:
  https://github.com/google/guice/wiki/ERROR_INJECTING_CONSTRUCTOR
Caused by: SdkClientException: Unable to load region from any of the providers in the chain DefaultAwsRegionProviderChain@131c8412: [SystemSettingsRegionProvider@27cd355a: Unable to load region from system settings. Region must be specified either via environment variable (AWS_REGION) or  system property (aws.region)., AwsProfileRegionProvider@7369aeec: No region provided in profile: default, InstanceProfileRegionProvider@6da5a213: Unable to contact EC2 metadata service.]
	at SdkClientException$BuilderImpl.build(SdkClientException.java:130)
	at AwsRegionProviderChain.getRegion(AwsRegionProviderChain.java:70)
	at AwsDefaultClientBuilder.resolveRegion(AwsDefaultClientBuilder.java:374)
	at AttributeMap$DerivedValue.primeCache(AttributeMap.java:604)
	at AttributeMap$DerivedValue.get(AttributeMap.java:593)
	at AttributeMap$Builder.resolveValue(AttributeMap.java:400)
	at AttributeMap$Builder.internalGet(AttributeMap.java:389)
	at AttributeMap$Builder.access$1300(AttributeMap.java:201)
	at AttributeMap$Builder$1.get(AttributeMap.java:403)
	at AwsDefaultClientBuilder.resolveSigningRegion(AwsDefaultClientBuilder.java:319)
	at AttributeMap$DerivedValue.primeCache(AttributeMap.java:604)
	at AttributeMap$DerivedValue.get(AttributeMap.java:593)
	at AttributeMap$Builder.resolveValue(AttributeMap.java:400)
	at java.base/ArrayList.forEach(ArrayList.java:1604)
	at AttributeMap$Builder.build(AttributeMap.java:362)
	at SdkClientConfiguration$Builder.build(SdkClientConfiguration.java:224)
	at AwsDefaultClientBuilder.finalizeAwsConfiguration(AwsDefaultClientBuilder.java:201)
	at AwsDefaultClientBuilder.finalizeChildConfiguration(AwsDefaultClientBuilder.java:172)
	at SdkDefaultClientBuilder.syncClientConfiguration(SdkDefaultClientBuilder.java:204)
	at DefaultS3ClientBuilder.buildClient(DefaultS3ClientBuilder.java:37)
	at DefaultS3ClientBuilder.buildClient(DefaultS3ClientBuilder.java:26)
	at SdkDefaultClientBuilder.build(SdkDefaultClientBuilder.java:171)
	at S3FileSystemLoader.lambda$s3ClientFactory$0(S3FileSystemLoader.java:211)
	at S3FileSystemLoader.s3PreSigner(S3FileSystemLoader.java:228)
	at S3FileSystemLoader.<init>(S3FileSystemLoader.java:92)
	at S3FileSystemLoader.<init>(S3FileSystemLoader.java:79)
	at S3FileSystemFactory.<init>(S3FileSystemFactory.java:39)
	at S3FileSystemFactory$$FastClassByGuice$$3577f71.GUICE$TRAMPOLINE(<generated>)
	at S3FileSystemFactory$$FastClassByGuice$$3577f71.apply(<generated>)
	at DefaultConstructionProxyFactory$FastClassProxy.newInstance(DefaultConstructionProxyFactory.java:82)
	at ConstructorInjector.provision(ConstructorInjector.java:114)
	at ConstructorInjector.access$000(ConstructorInjector.java:33)
	at ConstructorInjector$1.call(ConstructorInjector.java:98)
	at ProvisionListenerStackCallback$Provision.provision(ProvisionListenerStackCallback.java:109)
	at LifeCycleModule.provision(LifeCycleModule.java:70)
	at ProvisionListenerStackCallback$Provision.provision(ProvisionListenerStackCallback.java:117)
	at ProvisionListenerStackCallback.provision(ProvisionListenerStackCallback.java:66)
	at ConstructorInjector.construct(ConstructorInjector.java:93)
	at ConstructorBindingImpl$Factory.get(ConstructorBindingImpl.java:300)
	at FactoryProxy.get(FactoryProxy.java:60)
	at ProviderToInternalFactoryAdapter.get(ProviderToInternalFactoryAdapter.java:40)
	at SingletonScope$1.get(SingletonScope.java:169)
	at InternalFactoryToProviderAdapter.get(InternalFactoryToProviderAdapter.java:45)
	at FactoryProxy.get(FactoryProxy.java:60)
	at SingleParameterInjector.inject(SingleParameterInjector.java:40)
	at RealMapBinder$ExtensionRealMapProvider.doProvision(RealMapBinder.java:808)
	at RealMapBinder$ExtensionRealMapProvider.doProvision(RealMapBinder.java:743)
	at InternalProviderInstanceBindingImpl$Factory$1.call(InternalProviderInstanceBindingImpl.java:120)
	at ProvisionListenerStackCallback$Provision.provision(ProvisionListenerStackCallback.java:109)
	at LifeCycleModule.provision(LifeCycleModule.java:70)
	at ProvisionListenerStackCallback$Provision.provision(ProvisionListenerStackCallback.java:117)
	at ProvisionListenerStackCallback.provision(ProvisionListenerStackCallback.java:66)
	at InternalProviderInstanceBindingImpl$Factory.get(InternalProviderInstanceBindingImpl.java:115)
	at SingleParameterInjector.inject(SingleParameterInjector.java:40)
	at SingleParameterInjector.getAll(SingleParameterInjector.java:60)
	at ProviderMethod.doProvision(ProviderMethod.java:171)
	at InternalProviderInstanceBindingImpl$CyclicFactory.provision(InternalProviderInstanceBindingImpl.java:185)
	at InternalProviderInstanceBindingImpl$CyclicFactory.access$300(InternalProviderInstanceBindingImpl.java:139)
	at InternalProviderInstanceBindingImpl$CyclicFactory$1.call(InternalProviderInstanceBindingImpl.java:169)
	at ProvisionListenerStackCallback$Provision.provision(ProvisionListenerStackCallback.java:109)
	at LifeCycleModule.provision(LifeCycleModule.java:70)
	at ProvisionListenerStackCallback$Provision.provision(ProvisionListenerStackCallback.java:117)
	at ProvisionListenerStackCallback.provision(ProvisionListenerStackCallback.java:66)
	at InternalProviderInstanceBindingImpl$CyclicFactory.get(InternalProviderInstanceBindingImpl.java:164)
	at ProviderToInternalFactoryAdapter.get(ProviderToInternalFactoryAdapter.java:40)
	at SingletonScope$1.get(SingletonScope.java:169)
	at InternalFactoryToProviderAdapter.get(InternalFactoryToProviderAdapter.java:45)
	at SingleParameterInjector.inject(SingleParameterInjector.java:40)
	at SingleParameterInjector.getAll(SingleParameterInjector.java:60)
	at ConstructorInjector.provision(ConstructorInjector.java:113)
	at ConstructorInjector.access$000(ConstructorInjector.java:33)
	at ConstructorInjector$1.call(ConstructorInjector.java:98)
	at ProvisionListenerStackCallback$Provision.provision(ProvisionListenerStackCallback.java:109)
	at LifeCycleModule.provision(LifeCycleModule.java:70)
	at ProvisionListenerStackCallback$Provision.provision(ProvisionListenerStackCallback.java:117)
	at ProvisionListenerStackCallback.provision(ProvisionListenerStackCallback.java:66)
	at ConstructorInjector.construct(ConstructorInjector.java:93)
	at ConstructorBindingImpl$Factory.get(ConstructorBindingImpl.java:300)
	at FactoryProxy.get(FactoryProxy.java:60)
	at ProviderToInternalFactoryAdapter.get(ProviderToInternalFactoryAdapter.java:40)
	at SingletonScope$1.get(SingletonScope.java:169)
	at InternalFactoryToProviderAdapter.get(InternalFactoryToProviderAdapter.java:45)
	at SingleParameterInjector.inject(SingleParameterInjector.java:40)
	at SingleParameterInjector.getAll(SingleParameterInjector.java:60)
	at ConstructorInjector.provision(ConstructorInjector.java:113)
	at ConstructorInjector.access$000(ConstructorInjector.java:33)
	at ConstructorInjector$1.call(ConstructorInjector.java:98)
	at ProvisionListenerStackCallback$Provision.provision(ProvisionListenerStackCallback.java:109)
	at LifeCycleModule.provision(LifeCycleModule.java:70)
	at ProvisionListenerStackCallback$Provision.provision(ProvisionListenerStackCallback.java:117)
	at ProvisionListenerStackCallback.provision(ProvisionListenerStackCallback.java:66)
	at ConstructorInjector.construct(ConstructorInjector.java:93)
	at ConstructorBindingImpl$Factory.get(ConstructorBindingImpl.java:300)
	at BoundProviderFactory.get(BoundProviderFactory.java:58)
	at ProviderToInternalFactoryAdapter.get(ProviderToInternalFactoryAdapter.java:40)
	at SingletonScope$1.get(SingletonScope.java:169)
	at InternalFactoryToProviderAdapter.get(InternalFactoryToProviderAdapter.java:45)
	at InternalInjectorCreator.loadEagerSingletons(InternalInjectorCreator.java:213)
	at InternalInjectorCreator.injectDynamically(InternalInjectorCreator.java:186)
	at InternalInjectorCreator.build(InternalInjectorCreator.java:113)
	at Guice.createInjector(Guice.java:87)
	at Bootstrap.initialize(Bootstrap.java:366)
	at IcebergConnectorFactory.createConnector(IcebergConnectorFactory.java:88)
	at IcebergConnectorFactory.create(IcebergConnectorFactory.java:56)
	at DefaultCatalogFactory.createConnector(DefaultCatalogFactory.java:199)
	at DefaultCatalogFactory.createCatalog(DefaultCatalogFactory.java:124)
	at LazyCatalogFactory.createCatalog(LazyCatalogFactory.java:44)
	at StaticCatalogManager.lambda$loadInitialCatalogs$1(StaticCatalogManager.java:159)
	at java.base/FutureTask.run(FutureTask.java:328)
	at java.base/Executors$RunnableAdapter.call(Executors.java:545)
	at java.base/FutureTask.run(FutureTask.java:328)
	at DirectExecutor.execute(DirectExecutor.java:30)
	at java.base/ExecutorCompletionService.submit(ExecutorCompletionService.java:187)
	at Executors.executeUntilFailure(Executors.java:46)
	at StaticCatalogManager.loadInitialCatalogs(StaticCatalogManager.java:153)
	at Server.doStart(Server.java:140)
	at Server.lambda$start$0(Server.java:79)
	at io.trino.$gen.Trino_479____20260122_182306_1.run(Unknown Source)
	at Server.start(Server.java:79)
	at TrinoServer.main(TrinoServer.java:37)

10) [Guice/ErrorInjectingConstructor]: SdkClientException: Unable to load region from any of the providers in the chain DefaultAwsRegionProviderChain@8ad99cd: [SystemSettingsRegionProvider@5048b102: Unable to load region from system settings. Region must be specified either via environment variable (AWS_REGION) or  system property (aws.region)., AwsProfileRegionProvider@4642534a: No region provided in profile: default, InstanceProfileRegionProvider@848f6dd: Unable to contact EC2 metadata service.]
  at S3FileSystemFactory.<init>(S3FileSystemFactory.java:38)
  while locating S3FileSystemFactory
  at java.base/DirectMethodHandleAccessor.invoke(DirectMethodHandleAccessor.java:104)
      \_ installed by: IcebergConnectorFactory$IcebergFileSystemModule -> FileSystemModule -> S3FileSystemModule
  while locating TrinoFileSystemFactory annotated with interface FileSystemS3
  while locating TrinoFileSystemFactory annotated with @Element(setName=,uniqueId=58, type=MAPBINDER, keyType=String)
  at FileSystemModule.createFileSystemFactory(FileSystemModule.java:155)
      \_ for 3rd parameter factories
  at FileSystemModule.createFileSystemFactory(FileSystemModule.java:155)
      \_ installed by: IcebergConnectorFactory$IcebergFileSystemModule -> FileSystemModule
  at TrinoNessieCatalogFactory.<init>(TrinoNessieCatalogFactory.java:52)
      \_ for 3rd parameter fileSystemFactory
  while locating TrinoNessieCatalogFactory
  at java.base/DirectMethodHandleAccessor.invoke(DirectMethodHandleAccessor.java:104)
      \_ installed by: IcebergCatalogModule -> ConditionalModule -> IcebergNessieCatalogModule
  at TableChangesFunctionProvider.<init>(TableChangesFunctionProvider.java:33)
      \_ for 1st parameter trinoCatalogFactory
  while locating TableChangesFunctionProvider
  at IcebergModule.configure(IcebergModule.java:132)
  while locating ConnectorTableFunction annotated with @Element(setName=,uniqueId=48, type=MULTIBINDER, keyType=)

Learn more:
  https://github.com/google/guice/wiki/ERROR_INJECTING_CONSTRUCTOR
Caused by: SdkClientException: Unable to load region from any of the providers in the chain DefaultAwsRegionProviderChain@8ad99cd: [SystemSettingsRegionProvider@5048b102: Unable to load region from system settings. Region must be specified either via environment variable (AWS_REGION) or  system property (aws.region)., AwsProfileRegionProvider@4642534a: No region provided in profile: default, InstanceProfileRegionProvider@848f6dd: Unable to contact EC2 metadata service.]
	at SdkClientException$BuilderImpl.build(SdkClientException.java:130)
	at AwsRegionProviderChain.getRegion(AwsRegionProviderChain.java:70)
	at AwsDefaultClientBuilder.resolveRegion(AwsDefaultClientBuilder.java:374)
	at AttributeMap$DerivedValue.primeCache(AttributeMap.java:604)
	at AttributeMap$DerivedValue.get(AttributeMap.java:593)
	at AttributeMap$Builder.resolveValue(AttributeMap.java:400)
	at AttributeMap$Builder.internalGet(AttributeMap.java:389)
	at AttributeMap$Builder.access$1300(AttributeMap.java:201)
	at AttributeMap$Builder$1.get(AttributeMap.java:403)
	at AwsDefaultClientBuilder.resolveSigningRegion(AwsDefaultClientBuilder.java:319)
	at AttributeMap$DerivedValue.primeCache(AttributeMap.java:604)
	at AttributeMap$DerivedValue.get(AttributeMap.java:593)
	at AttributeMap$Builder.resolveValue(AttributeMap.java:400)
	at java.base/ArrayList.forEach(ArrayList.java:1604)
	at AttributeMap$Builder.build(AttributeMap.java:362)
	at SdkClientConfiguration$Builder.build(SdkClientConfiguration.java:224)
	at AwsDefaultClientBuilder.finalizeAwsConfiguration(AwsDefaultClientBuilder.java:201)
	at AwsDefaultClientBuilder.finalizeChildConfiguration(AwsDefaultClientBuilder.java:172)
	at SdkDefaultClientBuilder.syncClientConfiguration(SdkDefaultClientBuilder.java:204)
	at DefaultS3ClientBuilder.buildClient(DefaultS3ClientBuilder.java:37)
	at DefaultS3ClientBuilder.buildClient(DefaultS3ClientBuilder.java:26)
	at SdkDefaultClientBuilder.build(SdkDefaultClientBuilder.java:171)
	at S3FileSystemLoader.lambda$s3ClientFactory$0(S3FileSystemLoader.java:211)
	at S3FileSystemLoader.s3PreSigner(S3FileSystemLoader.java:228)
	at S3FileSystemLoader.<init>(S3FileSystemLoader.java:92)
	at S3FileSystemLoader.<init>(S3FileSystemLoader.java:79)
	at S3FileSystemFactory.<init>(S3FileSystemFactory.java:39)
	at S3FileSystemFactory$$FastClassByGuice$$3577f71.GUICE$TRAMPOLINE(<generated>)
	at S3FileSystemFactory$$FastClassByGuice$$3577f71.apply(<generated>)
	at DefaultConstructionProxyFactory$FastClassProxy.newInstance(DefaultConstructionProxyFactory.java:82)
	at ConstructorInjector.provision(ConstructorInjector.java:114)
	at ConstructorInjector.access$000(ConstructorInjector.java:33)
	at ConstructorInjector$1.call(ConstructorInjector.java:98)
	at ProvisionListenerStackCallback$Provision.provision(ProvisionListenerStackCallback.java:109)
	at LifeCycleModule.provision(LifeCycleModule.java:70)
	at ProvisionListenerStackCallback$Provision.provision(ProvisionListenerStackCallback.java:117)
	at ProvisionListenerStackCallback.provision(ProvisionListenerStackCallback.java:66)
	at ConstructorInjector.construct(ConstructorInjector.java:93)
	at ConstructorBindingImpl$Factory.get(ConstructorBindingImpl.java:300)
	at FactoryProxy.get(FactoryProxy.java:60)
	at ProviderToInternalFactoryAdapter.get(ProviderToInternalFactoryAdapter.java:40)
	at SingletonScope$1.get(SingletonScope.java:169)
	at InternalFactoryToProviderAdapter.get(InternalFactoryToProviderAdapter.java:45)
	at FactoryProxy.get(FactoryProxy.java:60)
	at SingleParameterInjector.inject(SingleParameterInjector.java:40)
	at RealMapBinder$ExtensionRealMapProvider.doProvision(RealMapBinder.java:808)
	at RealMapBinder$ExtensionRealMapProvider.doProvision(RealMapBinder.java:743)
	at InternalProviderInstanceBindingImpl$Factory$1.call(InternalProviderInstanceBindingImpl.java:120)
	at ProvisionListenerStackCallback$Provision.provision(ProvisionListenerStackCallback.java:109)
	at LifeCycleModule.provision(LifeCycleModule.java:70)
	at ProvisionListenerStackCallback$Provision.provision(ProvisionListenerStackCallback.java:117)
	at ProvisionListenerStackCallback.provision(ProvisionListenerStackCallback.java:66)
	at InternalProviderInstanceBindingImpl$Factory.get(InternalProviderInstanceBindingImpl.java:115)
	at SingleParameterInjector.inject(SingleParameterInjector.java:40)
	at SingleParameterInjector.getAll(SingleParameterInjector.java:60)
	at ProviderMethod.doProvision(ProviderMethod.java:171)
	at InternalProviderInstanceBindingImpl$CyclicFactory.provision(InternalProviderInstanceBindingImpl.java:185)
	at InternalProviderInstanceBindingImpl$CyclicFactory.access$300(InternalProviderInstanceBindingImpl.java:139)
	at InternalProviderInstanceBindingImpl$CyclicFactory$1.call(InternalProviderInstanceBindingImpl.java:169)
	at ProvisionListenerStackCallback$Provision.provision(ProvisionListenerStackCallback.java:109)
	at LifeCycleModule.provision(LifeCycleModule.java:70)
	at ProvisionListenerStackCallback$Provision.provision(ProvisionListenerStackCallback.java:117)
	at ProvisionListenerStackCallback.provision(ProvisionListenerStackCallback.java:66)
	at InternalProviderInstanceBindingImpl$CyclicFactory.get(InternalProviderInstanceBindingImpl.java:164)
	at ProviderToInternalFactoryAdapter.get(ProviderToInternalFactoryAdapter.java:40)
	at SingletonScope$1.get(SingletonScope.java:169)
	at InternalFactoryToProviderAdapter.get(InternalFactoryToProviderAdapter.java:45)
	at SingleParameterInjector.inject(SingleParameterInjector.java:40)
	at SingleParameterInjector.getAll(SingleParameterInjector.java:60)
	at ConstructorInjector.provision(ConstructorInjector.java:113)
	at ConstructorInjector.access$000(ConstructorInjector.java:33)
	at ConstructorInjector$1.call(ConstructorInjector.java:98)
	at ProvisionListenerStackCallback$Provision.provision(ProvisionListenerStackCallback.java:109)
	at LifeCycleModule.provision(LifeCycleModule.java:70)
	at ProvisionListenerStackCallback$Provision.provision(ProvisionListenerStackCallback.java:117)
	at ProvisionListenerStackCallback.provision(ProvisionListenerStackCallback.java:66)
	at ConstructorInjector.construct(ConstructorInjector.java:93)
	at ConstructorBindingImpl$Factory.get(ConstructorBindingImpl.java:300)
	at FactoryProxy.get(FactoryProxy.java:60)
	at ProviderToInternalFactoryAdapter.get(ProviderToInternalFactoryAdapter.java:40)
	at SingletonScope$1.get(SingletonScope.java:169)
	at InternalFactoryToProviderAdapter.get(InternalFactoryToProviderAdapter.java:45)
	at SingleParameterInjector.inject(SingleParameterInjector.java:40)
	at SingleParameterInjector.getAll(SingleParameterInjector.java:60)
	at ConstructorInjector.provision(ConstructorInjector.java:113)
	at ConstructorInjector.access$000(ConstructorInjector.java:33)
	at ConstructorInjector$1.call(ConstructorInjector.java:98)
	at ProvisionListenerStackCallback$Provision.provision(ProvisionListenerStackCallback.java:109)
	at LifeCycleModule.provision(LifeCycleModule.java:70)
	at ProvisionListenerStackCallback$Provision.provision(ProvisionListenerStackCallback.java:117)
	at ProvisionListenerStackCallback.provision(ProvisionListenerStackCallback.java:66)
	at ConstructorInjector.construct(ConstructorInjector.java:93)
	at ConstructorBindingImpl$Factory.get(ConstructorBindingImpl.java:300)
	at BoundProviderFactory.get(BoundProviderFactory.java:58)
	at ProviderToInternalFactoryAdapter.get(ProviderToInternalFactoryAdapter.java:40)
	at SingletonScope$1.get(SingletonScope.java:169)
	at InternalFactoryToProviderAdapter.get(InternalFactoryToProviderAdapter.java:45)
	at InternalInjectorCreator.loadEagerSingletons(InternalInjectorCreator.java:213)
	at InternalInjectorCreator.injectDynamically(InternalInjectorCreator.java:186)
	at InternalInjectorCreator.build(InternalInjectorCreator.java:113)
	at Guice.createInjector(Guice.java:87)
	at Bootstrap.initialize(Bootstrap.java:366)
	at IcebergConnectorFactory.createConnector(IcebergConnectorFactory.java:88)
	at IcebergConnectorFactory.create(IcebergConnectorFactory.java:56)
	at DefaultCatalogFactory.createConnector(DefaultCatalogFactory.java:199)
	at DefaultCatalogFactory.createCatalog(DefaultCatalogFactory.java:124)
	at LazyCatalogFactory.createCatalog(LazyCatalogFactory.java:44)
	at StaticCatalogManager.lambda$loadInitialCatalogs$1(StaticCatalogManager.java:159)
	at java.base/FutureTask.run(FutureTask.java:328)
	at java.base/Executors$RunnableAdapter.call(Executors.java:545)
	at java.base/FutureTask.run(FutureTask.java:328)
	at DirectExecutor.execute(DirectExecutor.java:30)
	at java.base/ExecutorCompletionService.submit(ExecutorCompletionService.java:187)
	at Executors.executeUntilFailure(Executors.java:46)
	at StaticCatalogManager.loadInitialCatalogs(StaticCatalogManager.java:153)
	at Server.doStart(Server.java:140)
	at Server.lambda$start$0(Server.java:79)
	at io.trino.$gen.Trino_479____20260122_182306_1.run(Unknown Source)
	at Server.start(Server.java:79)
	at TrinoServer.main(TrinoServer.java:37)

11) [Guice/ErrorInjectingConstructor]: SdkClientException: Unable to load region from any of the providers in the chain DefaultAwsRegionProviderChain@2d296418: [SystemSettingsRegionProvider@79fa2af2: Unable to load region from system settings. Region must be specified either via environment variable (AWS_REGION) or  system property (aws.region)., AwsProfileRegionProvider@2acd6251: No region provided in profile: default, InstanceProfileRegionProvider@6b94db6a: Unable to contact EC2 metadata service.]
  at S3FileSystemFactory.<init>(S3FileSystemFactory.java:38)
  while locating S3FileSystemFactory
  at java.base/DirectMethodHandleAccessor.invoke(DirectMethodHandleAccessor.java:104)
      \_ installed by: IcebergConnectorFactory$IcebergFileSystemModule -> FileSystemModule -> S3FileSystemModule
  while locating TrinoFileSystemFactory annotated with interface FileSystemS3
  while locating TrinoFileSystemFactory annotated with @Element(setName=,uniqueId=58, type=MAPBINDER, keyType=String)
  at FileSystemModule.createFileSystemFactory(FileSystemModule.java:155)
      \_ for 3rd parameter factories
  at FileSystemModule.createFileSystemFactory(FileSystemModule.java:155)
      \_ installed by: IcebergConnectorFactory$IcebergFileSystemModule -> FileSystemModule
  at DefaultIcebergFileSystemFactory.<init>(DefaultIcebergFileSystemFactory.java:32)
      \_ for 1st parameter fileSystemFactory
  while locating DefaultIcebergFileSystemFactory
  at IcebergModule.configure(IcebergModule.java:141)
  while locating IcebergFileSystemFactory annotated with @RealOptionalBinder$Default
  at IcebergPageSourceProviderFactory.<init>(IcebergPageSourceProviderFactory.java:47)
      \_ for 1st parameter fileSystemFactory
  at IcebergModule.configure(IcebergModule.java:88)
  at TableChangesFunctionProcessorProviderFactory.<init>(TableChangesFunctionProcessorProviderFactory.java:36)
      \_ for 1st parameter icebergPageSourceProviderFactory
  at IcebergModule.configure(IcebergModule.java:134)
  at IcebergFunctionProvider.<init>(IcebergFunctionProvider.java:118)
      \_ for 1st parameter tableChangesFunctionProcessorProviderFactory
  while locating IcebergFunctionProvider
  at IcebergModule.configure(IcebergModule.java:133)
  while locating FunctionProvider

Learn more:
  https://github.com/google/guice/wiki/ERROR_INJECTING_CONSTRUCTOR
Caused by: SdkClientException: Unable to load region from any of the providers in the chain DefaultAwsRegionProviderChain@2d296418: [SystemSettingsRegionProvider@79fa2af2: Unable to load region from system settings. Region must be specified either via environment variable (AWS_REGION) or  system property (aws.region)., AwsProfileRegionProvider@2acd6251: No region provided in profile: default, InstanceProfileRegionProvider@6b94db6a: Unable to contact EC2 metadata service.]
	at SdkClientException$BuilderImpl.build(SdkClientException.java:130)
	at AwsRegionProviderChain.getRegion(AwsRegionProviderChain.java:70)
	at AwsDefaultClientBuilder.resolveRegion(AwsDefaultClientBuilder.java:374)
	at AttributeMap$DerivedValue.primeCache(AttributeMap.java:604)
	at AttributeMap$DerivedValue.get(AttributeMap.java:593)
	at AttributeMap$Builder.resolveValue(AttributeMap.java:400)
	at AttributeMap$Builder.internalGet(AttributeMap.java:389)
	at AttributeMap$Builder.access$1300(AttributeMap.java:201)
	at AttributeMap$Builder$1.get(AttributeMap.java:403)
	at AwsDefaultClientBuilder.resolveSigningRegion(AwsDefaultClientBuilder.java:319)
	at AttributeMap$DerivedValue.primeCache(AttributeMap.java:604)
	at AttributeMap$DerivedValue.get(AttributeMap.java:593)
	at AttributeMap$Builder.resolveValue(AttributeMap.java:400)
	at java.base/ArrayList.forEach(ArrayList.java:1604)
	at AttributeMap$Builder.build(AttributeMap.java:362)
	at SdkClientConfiguration$Builder.build(SdkClientConfiguration.java:224)
	at AwsDefaultClientBuilder.finalizeAwsConfiguration(AwsDefaultClientBuilder.java:201)
	at AwsDefaultClientBuilder.finalizeChildConfiguration(AwsDefaultClientBuilder.java:172)
	at SdkDefaultClientBuilder.syncClientConfiguration(SdkDefaultClientBuilder.java:204)
	at DefaultS3ClientBuilder.buildClient(DefaultS3ClientBuilder.java:37)
	at DefaultS3ClientBuilder.buildClient(DefaultS3ClientBuilder.java:26)
	at SdkDefaultClientBuilder.build(SdkDefaultClientBuilder.java:171)
	at S3FileSystemLoader.lambda$s3ClientFactory$0(S3FileSystemLoader.java:211)
	at S3FileSystemLoader.s3PreSigner(S3FileSystemLoader.java:228)
	at S3FileSystemLoader.<init>(S3FileSystemLoader.java:92)
	at S3FileSystemLoader.<init>(S3FileSystemLoader.java:79)
	at S3FileSystemFactory.<init>(S3FileSystemFactory.java:39)
	at S3FileSystemFactory$$FastClassByGuice$$3577f71.GUICE$TRAMPOLINE(<generated>)
	at S3FileSystemFactory$$FastClassByGuice$$3577f71.apply(<generated>)
	at DefaultConstructionProxyFactory$FastClassProxy.newInstance(DefaultConstructionProxyFactory.java:82)
	at ConstructorInjector.provision(ConstructorInjector.java:114)
	at ConstructorInjector.access$000(ConstructorInjector.java:33)
	at ConstructorInjector$1.call(ConstructorInjector.java:98)
	at ProvisionListenerStackCallback$Provision.provision(ProvisionListenerStackCallback.java:109)
	at LifeCycleModule.provision(LifeCycleModule.java:70)
	at ProvisionListenerStackCallback$Provision.provision(ProvisionListenerStackCallback.java:117)
	at ProvisionListenerStackCallback.provision(ProvisionListenerStackCallback.java:66)
	at ConstructorInjector.construct(ConstructorInjector.java:93)
	at ConstructorBindingImpl$Factory.get(ConstructorBindingImpl.java:300)
	at FactoryProxy.get(FactoryProxy.java:60)
	at ProviderToInternalFactoryAdapter.get(ProviderToInternalFactoryAdapter.java:40)
	at SingletonScope$1.get(SingletonScope.java:169)
	at InternalFactoryToProviderAdapter.get(InternalFactoryToProviderAdapter.java:45)
	at FactoryProxy.get(FactoryProxy.java:60)
	at SingleParameterInjector.inject(SingleParameterInjector.java:40)
	at RealMapBinder$ExtensionRealMapProvider.doProvision(RealMapBinder.java:808)
	at RealMapBinder$ExtensionRealMapProvider.doProvision(RealMapBinder.java:743)
	at InternalProviderInstanceBindingImpl$Factory$1.call(InternalProviderInstanceBindingImpl.java:120)
	at ProvisionListenerStackCallback$Provision.provision(ProvisionListenerStackCallback.java:109)
	at LifeCycleModule.provision(LifeCycleModule.java:70)
	at ProvisionListenerStackCallback$Provision.provision(ProvisionListenerStackCallback.java:117)
	at ProvisionListenerStackCallback.provision(ProvisionListenerStackCallback.java:66)
	at InternalProviderInstanceBindingImpl$Factory.get(InternalProviderInstanceBindingImpl.java:115)
	at SingleParameterInjector.inject(SingleParameterInjector.java:40)
	at SingleParameterInjector.getAll(SingleParameterInjector.java:60)
	at ProviderMethod.doProvision(ProviderMethod.java:171)
	at InternalProviderInstanceBindingImpl$CyclicFactory.provision(InternalProviderInstanceBindingImpl.java:185)
	at InternalProviderInstanceBindingImpl$CyclicFactory.access$300(InternalProviderInstanceBindingImpl.java:139)
	at InternalProviderInstanceBindingImpl$CyclicFactory$1.call(InternalProviderInstanceBindingImpl.java:169)
	at ProvisionListenerStackCallback$Provision.provision(ProvisionListenerStackCallback.java:109)
	at LifeCycleModule.provision(LifeCycleModule.java:70)
	at ProvisionListenerStackCallback$Provision.provision(ProvisionListenerStackCallback.java:117)
	at ProvisionListenerStackCallback.provision(ProvisionListenerStackCallback.java:66)
	at InternalProviderInstanceBindingImpl$CyclicFactory.get(InternalProviderInstanceBindingImpl.java:164)
	at ProviderToInternalFactoryAdapter.get(ProviderToInternalFactoryAdapter.java:40)
	at SingletonScope$1.get(SingletonScope.java:169)
	at InternalFactoryToProviderAdapter.get(InternalFactoryToProviderAdapter.java:45)
	at SingleParameterInjector.inject(SingleParameterInjector.java:40)
	at SingleParameterInjector.getAll(SingleParameterInjector.java:60)
	at ConstructorInjector.provision(ConstructorInjector.java:113)
	at ConstructorInjector.access$000(ConstructorInjector.java:33)
	at ConstructorInjector$1.call(ConstructorInjector.java:98)
	at ProvisionListenerStackCallback$Provision.provision(ProvisionListenerStackCallback.java:109)
	at LifeCycleModule.provision(LifeCycleModule.java:70)
	at ProvisionListenerStackCallback$Provision.provision(ProvisionListenerStackCallback.java:117)
	at ProvisionListenerStackCallback.provision(ProvisionListenerStackCallback.java:66)
	at ConstructorInjector.construct(ConstructorInjector.java:93)
	at ConstructorBindingImpl$Factory.get(ConstructorBindingImpl.java:300)
	at FactoryProxy.get(FactoryProxy.java:60)
	at ProviderToInternalFactoryAdapter.get(ProviderToInternalFactoryAdapter.java:40)
	at SingletonScope$1.get(SingletonScope.java:169)
	at InternalFactoryToProviderAdapter.get(InternalFactoryToProviderAdapter.java:45)
	at RealOptionalBinder$RealDirectTypeProvider.doProvision(RealOptionalBinder.java:376)
	at InternalProviderInstanceBindingImpl$Factory$1.call(InternalProviderInstanceBindingImpl.java:120)
	at ProvisionListenerStackCallback$Provision.provision(ProvisionListenerStackCallback.java:109)
	at LifeCycleModule.provision(LifeCycleModule.java:70)
	at ProvisionListenerStackCallback$Provision.provision(ProvisionListenerStackCallback.java:117)
	at ProvisionListenerStackCallback.provision(ProvisionListenerStackCallback.java:66)
	at InternalProviderInstanceBindingImpl$Factory.get(InternalProviderInstanceBindingImpl.java:115)
	at SingleParameterInjector.inject(SingleParameterInjector.java:40)
	at SingleParameterInjector.getAll(SingleParameterInjector.java:60)
	at ConstructorInjector.provision(ConstructorInjector.java:113)
	at ConstructorInjector.access$000(ConstructorInjector.java:33)
	at ConstructorInjector$1.call(ConstructorInjector.java:98)
	at ProvisionListenerStackCallback$Provision.provision(ProvisionListenerStackCallback.java:109)
	at LifeCycleModule.provision(LifeCycleModule.java:70)
	at ProvisionListenerStackCallback$Provision.provision(ProvisionListenerStackCallback.java:117)
	at ProvisionListenerStackCallback.provision(ProvisionListenerStackCallback.java:66)
	at ConstructorInjector.construct(ConstructorInjector.java:93)
	at ConstructorBindingImpl$Factory.get(ConstructorBindingImpl.java:300)
	at ProviderToInternalFactoryAdapter.get(ProviderToInternalFactoryAdapter.java:40)
	at SingletonScope$1.get(SingletonScope.java:169)
	at InternalFactoryToProviderAdapter.get(InternalFactoryToProviderAdapter.java:45)
	at SingleParameterInjector.inject(SingleParameterInjector.java:40)
	at SingleParameterInjector.getAll(SingleParameterInjector.java:60)
	at ConstructorInjector.provision(ConstructorInjector.java:113)
	at ConstructorInjector.access$000(ConstructorInjector.java:33)
	at ConstructorInjector$1.call(ConstructorInjector.java:98)
	at ProvisionListenerStackCallback$Provision.provision(ProvisionListenerStackCallback.java:109)
	at LifeCycleModule.provision(LifeCycleModule.java:70)
	at ProvisionListenerStackCallback$Provision.provision(ProvisionListenerStackCallback.java:117)
	at ProvisionListenerStackCallback.provision(ProvisionListenerStackCallback.java:66)
	at ConstructorInjector.construct(ConstructorInjector.java:93)
	at ConstructorBindingImpl$Factory.get(ConstructorBindingImpl.java:300)
	at ProviderToInternalFactoryAdapter.get(ProviderToInternalFactoryAdapter.java:40)
	at SingletonScope$1.get(SingletonScope.java:169)
	at InternalFactoryToProviderAdapter.get(InternalFactoryToProviderAdapter.java:45)
	at SingleParameterInjector.inject(SingleParameterInjector.java:40)
	at SingleParameterInjector.getAll(SingleParameterInjector.java:60)
	at ConstructorInjector.provision(ConstructorInjector.java:113)
	at ConstructorInjector.access$000(ConstructorInjector.java:33)
	at ConstructorInjector$1.call(ConstructorInjector.java:98)
	at ProvisionListenerStackCallback$Provision.provision(ProvisionListenerStackCallback.java:109)
	at LifeCycleModule.provision(LifeCycleModule.java:70)
	at ProvisionListenerStackCallback$Provision.provision(ProvisionListenerStackCallback.java:117)
	at ProvisionListenerStackCallback.provision(ProvisionListenerStackCallback.java:66)
	at ConstructorInjector.construct(ConstructorInjector.java:93)
	at ConstructorBindingImpl$Factory.get(ConstructorBindingImpl.java:300)
	at FactoryProxy.get(FactoryProxy.java:60)
	at ProviderToInternalFactoryAdapter.get(ProviderToInternalFactoryAdapter.java:40)
	at SingletonScope$1.get(SingletonScope.java:169)
	at InternalFactoryToProviderAdapter.get(InternalFactoryToProviderAdapter.java:45)
	at InternalInjectorCreator.loadEagerSingletons(InternalInjectorCreator.java:213)
	at InternalInjectorCreator.injectDynamically(InternalInjectorCreator.java:186)
	at InternalInjectorCreator.build(InternalInjectorCreator.java:113)
	at Guice.createInjector(Guice.java:87)
	at Bootstrap.initialize(Bootstrap.java:366)
	at IcebergConnectorFactory.createConnector(IcebergConnectorFactory.java:88)
	at IcebergConnectorFactory.create(IcebergConnectorFactory.java:56)
	at DefaultCatalogFactory.createConnector(DefaultCatalogFactory.java:199)
	at DefaultCatalogFactory.createCatalog(DefaultCatalogFactory.java:124)
	at LazyCatalogFactory.createCatalog(LazyCatalogFactory.java:44)
	at StaticCatalogManager.lambda$loadInitialCatalogs$1(StaticCatalogManager.java:159)
	at java.base/FutureTask.run(FutureTask.java:328)
	at java.base/Executors$RunnableAdapter.call(Executors.java:545)
	at java.base/FutureTask.run(FutureTask.java:328)
	at DirectExecutor.execute(DirectExecutor.java:30)
	at java.base/ExecutorCompletionService.submit(ExecutorCompletionService.java:187)
	at Executors.executeUntilFailure(Executors.java:46)
	at StaticCatalogManager.loadInitialCatalogs(StaticCatalogManager.java:153)
	at Server.doStart(Server.java:140)
	at Server.lambda$start$0(Server.java:79)
	at io.trino.$gen.Trino_479____20260122_182306_1.run(Unknown Source)
	at Server.start(Server.java:79)
	at TrinoServer.main(TrinoServer.java:37)

12) [Guice/ErrorInjectingConstructor]: SdkClientException: Unable to load region from any of the providers in the chain DefaultAwsRegionProviderChain@2f2a8ce2: [SystemSettingsRegionProvider@55c13347: Unable to load region from system settings. Region must be specified either via environment variable (AWS_REGION) or  system property (aws.region)., AwsProfileRegionProvider@684e436b: No region provided in profile: default, InstanceProfileRegionProvider@277c87e5: Unable to contact EC2 metadata service.]
  at S3FileSystemFactory.<init>(S3FileSystemFactory.java:38)
  while locating S3FileSystemFactory
  at java.base/DirectMethodHandleAccessor.invoke(DirectMethodHandleAccessor.java:104)
      \_ installed by: IcebergConnectorFactory$IcebergFileSystemModule -> FileSystemModule -> S3FileSystemModule
  while locating TrinoFileSystemFactory annotated with interface FileSystemS3
  while locating TrinoFileSystemFactory annotated with @Element(setName=,uniqueId=58, type=MAPBINDER, keyType=String)
  at FileSystemModule.createFileSystemFactory(FileSystemModule.java:155)
      \_ for 3rd parameter factories
  at FileSystemModule.createFileSystemFactory(FileSystemModule.java:155)
      \_ installed by: IcebergConnectorFactory$IcebergFileSystemModule -> FileSystemModule
  at TrinoNessieCatalogFactory.<init>(TrinoNessieCatalogFactory.java:52)
      \_ for 3rd parameter fileSystemFactory
  while locating TrinoNessieCatalogFactory
  at java.base/DirectMethodHandleAccessor.invoke(DirectMethodHandleAccessor.java:104)
      \_ installed by: IcebergCatalogModule -> ConditionalModule -> IcebergNessieCatalogModule
  at IcebergTablesSystemTable.<init>(IcebergTablesSystemTable.java:60)
      \_ for 1st parameter catalogFactory
  while locating IcebergTablesSystemTable
  at IcebergModule.configure(IcebergModule.java:137)
  while locating SystemTable annotated with @Element(setName=,uniqueId=49, type=MULTIBINDER, keyType=)

Learn more:
  https://github.com/google/guice/wiki/ERROR_INJECTING_CONSTRUCTOR
Caused by: SdkClientException: Unable to load region from any of the providers in the chain DefaultAwsRegionProviderChain@2f2a8ce2: [SystemSettingsRegionProvider@55c13347: Unable to load region from system settings. Region must be specified either via environment variable (AWS_REGION) or  system property (aws.region)., AwsProfileRegionProvider@684e436b: No region provided in profile: default, InstanceProfileRegionProvider@277c87e5: Unable to contact EC2 metadata service.]
	at SdkClientException$BuilderImpl.build(SdkClientException.java:130)
	at AwsRegionProviderChain.getRegion(AwsRegionProviderChain.java:70)
	at AwsDefaultClientBuilder.resolveRegion(AwsDefaultClientBuilder.java:374)
	at AttributeMap$DerivedValue.primeCache(AttributeMap.java:604)
	at AttributeMap$DerivedValue.get(AttributeMap.java:593)
	at AttributeMap$Builder.resolveValue(AttributeMap.java:400)
	at AttributeMap$Builder.internalGet(AttributeMap.java:389)
	at AttributeMap$Builder.access$1300(AttributeMap.java:201)
	at AttributeMap$Builder$1.get(AttributeMap.java:403)
	at AwsDefaultClientBuilder.resolveSigningRegion(AwsDefaultClientBuilder.java:319)
	at AttributeMap$DerivedValue.primeCache(AttributeMap.java:604)
	at AttributeMap$DerivedValue.get(AttributeMap.java:593)
	at AttributeMap$Builder.resolveValue(AttributeMap.java:400)
	at java.base/ArrayList.forEach(ArrayList.java:1604)
	at AttributeMap$Builder.build(AttributeMap.java:362)
	at SdkClientConfiguration$Builder.build(SdkClientConfiguration.java:224)
	at AwsDefaultClientBuilder.finalizeAwsConfiguration(AwsDefaultClientBuilder.java:201)
	at AwsDefaultClientBuilder.finalizeChildConfiguration(AwsDefaultClientBuilder.java:172)
	at SdkDefaultClientBuilder.syncClientConfiguration(SdkDefaultClientBuilder.java:204)
	at DefaultS3ClientBuilder.buildClient(DefaultS3ClientBuilder.java:37)
	at DefaultS3ClientBuilder.buildClient(DefaultS3ClientBuilder.java:26)
	at SdkDefaultClientBuilder.build(SdkDefaultClientBuilder.java:171)
	at S3FileSystemLoader.lambda$s3ClientFactory$0(S3FileSystemLoader.java:211)
	at S3FileSystemLoader.s3PreSigner(S3FileSystemLoader.java:228)
	at S3FileSystemLoader.<init>(S3FileSystemLoader.java:92)
	at S3FileSystemLoader.<init>(S3FileSystemLoader.java:79)
	at S3FileSystemFactory.<init>(S3FileSystemFactory.java:39)
	at S3FileSystemFactory$$FastClassByGuice$$3577f71.GUICE$TRAMPOLINE(<generated>)
	at S3FileSystemFactory$$FastClassByGuice$$3577f71.apply(<generated>)
	at DefaultConstructionProxyFactory$FastClassProxy.newInstance(DefaultConstructionProxyFactory.java:82)
	at ConstructorInjector.provision(ConstructorInjector.java:114)
	at ConstructorInjector.access$000(ConstructorInjector.java:33)
	at ConstructorInjector$1.call(ConstructorInjector.java:98)
	at ProvisionListenerStackCallback$Provision.provision(ProvisionListenerStackCallback.java:109)
	at LifeCycleModule.provision(LifeCycleModule.java:70)
	at ProvisionListenerStackCallback$Provision.provision(ProvisionListenerStackCallback.java:117)
	at ProvisionListenerStackCallback.provision(ProvisionListenerStackCallback.java:66)
	at ConstructorInjector.construct(ConstructorInjector.java:93)
	at ConstructorBindingImpl$Factory.get(ConstructorBindingImpl.java:300)
	at FactoryProxy.get(FactoryProxy.java:60)
	at ProviderToInternalFactoryAdapter.get(ProviderToInternalFactoryAdapter.java:40)
	at SingletonScope$1.get(SingletonScope.java:169)
	at InternalFactoryToProviderAdapter.get(InternalFactoryToProviderAdapter.java:45)
	at FactoryProxy.get(FactoryProxy.java:60)
	at SingleParameterInjector.inject(SingleParameterInjector.java:40)
	at RealMapBinder$ExtensionRealMapProvider.doProvision(RealMapBinder.java:808)
	at RealMapBinder$ExtensionRealMapProvider.doProvision(RealMapBinder.java:743)
	at InternalProviderInstanceBindingImpl$Factory$1.call(InternalProviderInstanceBindingImpl.java:120)
	at ProvisionListenerStackCallback$Provision.provision(ProvisionListenerStackCallback.java:109)
	at LifeCycleModule.provision(LifeCycleModule.java:70)
	at ProvisionListenerStackCallback$Provision.provision(ProvisionListenerStackCallback.java:117)
	at ProvisionListenerStackCallback.provision(ProvisionListenerStackCallback.java:66)
	at InternalProviderInstanceBindingImpl$Factory.get(InternalProviderInstanceBindingImpl.java:115)
	at SingleParameterInjector.inject(SingleParameterInjector.java:40)
	at SingleParameterInjector.getAll(SingleParameterInjector.java:60)
	at ProviderMethod.doProvision(ProviderMethod.java:171)
	at InternalProviderInstanceBindingImpl$CyclicFactory.provision(InternalProviderInstanceBindingImpl.java:185)
	at InternalProviderInstanceBindingImpl$CyclicFactory.access$300(InternalProviderInstanceBindingImpl.java:139)
	at InternalProviderInstanceBindingImpl$CyclicFactory$1.call(InternalProviderInstanceBindingImpl.java:169)
	at ProvisionListenerStackCallback$Provision.provision(ProvisionListenerStackCallback.java:109)
	at LifeCycleModule.provision(LifeCycleModule.java:70)
	at ProvisionListenerStackCallback$Provision.provision(ProvisionListenerStackCallback.java:117)
	at ProvisionListenerStackCallback.provision(ProvisionListenerStackCallback.java:66)
	at InternalProviderInstanceBindingImpl$CyclicFactory.get(InternalProviderInstanceBindingImpl.java:164)
	at ProviderToInternalFactoryAdapter.get(ProviderToInternalFactoryAdapter.java:40)
	at SingletonScope$1.get(SingletonScope.java:169)
	at InternalFactoryToProviderAdapter.get(InternalFactoryToProviderAdapter.java:45)
	at SingleParameterInjector.inject(SingleParameterInjector.java:40)
	at SingleParameterInjector.getAll(SingleParameterInjector.java:60)
	at ConstructorInjector.provision(ConstructorInjector.java:113)
	at ConstructorInjector.access$000(ConstructorInjector.java:33)
	at ConstructorInjector$1.call(ConstructorInjector.java:98)
	at ProvisionListenerStackCallback$Provision.provision(ProvisionListenerStackCallback.java:109)
	at LifeCycleModule.provision(LifeCycleModule.java:70)
	at ProvisionListenerStackCallback$Provision.provision(ProvisionListenerStackCallback.java:117)
	at ProvisionListenerStackCallback.provision(ProvisionListenerStackCallback.java:66)
	at ConstructorInjector.construct(ConstructorInjector.java:93)
	at ConstructorBindingImpl$Factory.get(ConstructorBindingImpl.java:300)
	at FactoryProxy.get(FactoryProxy.java:60)
	at ProviderToInternalFactoryAdapter.get(ProviderToInternalFactoryAdapter.java:40)
	at SingletonScope$1.get(SingletonScope.java:169)
	at InternalFactoryToProviderAdapter.get(InternalFactoryToProviderAdapter.java:45)
	at SingleParameterInjector.inject(SingleParameterInjector.java:40)
	at SingleParameterInjector.getAll(SingleParameterInjector.java:60)
	at ConstructorInjector.provision(ConstructorInjector.java:113)
	at ConstructorInjector.access$000(ConstructorInjector.java:33)
	at ConstructorInjector$1.call(ConstructorInjector.java:98)
	at ProvisionListenerStackCallback$Provision.provision(ProvisionListenerStackCallback.java:109)
	at LifeCycleModule.provision(LifeCycleModule.java:70)
	at ProvisionListenerStackCallback$Provision.provision(ProvisionListenerStackCallback.java:117)
	at ProvisionListenerStackCallback.provision(ProvisionListenerStackCallback.java:66)
	at ConstructorInjector.construct(ConstructorInjector.java:93)
	at ConstructorBindingImpl$Factory.get(ConstructorBindingImpl.java:300)
	at FactoryProxy.get(FactoryProxy.java:60)
	at ProviderToInternalFactoryAdapter.get(ProviderToInternalFactoryAdapter.java:40)
	at SingletonScope$1.get(SingletonScope.java:169)
	at InternalFactoryToProviderAdapter.get(InternalFactoryToProviderAdapter.java:45)
	at InternalInjectorCreator.loadEagerSingletons(InternalInjectorCreator.java:213)
	at InternalInjectorCreator.injectDynamically(InternalInjectorCreator.java:186)
	at InternalInjectorCreator.build(InternalInjectorCreator.java:113)
	at Guice.createInjector(Guice.java:87)
	at Bootstrap.initialize(Bootstrap.java:366)
	at IcebergConnectorFactory.createConnector(IcebergConnectorFactory.java:88)
	at IcebergConnectorFactory.create(IcebergConnectorFactory.java:56)
	at DefaultCatalogFactory.createConnector(DefaultCatalogFactory.java:199)
	at DefaultCatalogFactory.createCatalog(DefaultCatalogFactory.java:124)
	at LazyCatalogFactory.createCatalog(LazyCatalogFactory.java:44)
	at StaticCatalogManager.lambda$loadInitialCatalogs$1(StaticCatalogManager.java:159)
	at java.base/FutureTask.run(FutureTask.java:328)
	at java.base/Executors$RunnableAdapter.call(Executors.java:545)
	at java.base/FutureTask.run(FutureTask.java:328)
	at DirectExecutor.execute(DirectExecutor.java:30)
	at java.base/ExecutorCompletionService.submit(ExecutorCompletionService.java:187)
	at Executors.executeUntilFailure(Executors.java:46)
	at StaticCatalogManager.loadInitialCatalogs(StaticCatalogManager.java:153)
	at Server.doStart(Server.java:140)
	at Server.lambda$start$0(Server.java:79)
	at io.trino.$gen.Trino_479____20260122_182306_1.run(Unknown Source)
	at Server.start(Server.java:79)
	at TrinoServer.main(TrinoServer.java:37)

13) [Guice/ErrorInjectingConstructor]: SdkClientException: Unable to load region from any of the providers in the chain DefaultAwsRegionProviderChain@7e51b8d5: [SystemSettingsRegionProvider@2f59ea2e: Unable to load region from system settings. Region must be specified either via environment variable (AWS_REGION) or  system property (aws.region)., AwsProfileRegionProvider@799c0b48: No region provided in profile: default, InstanceProfileRegionProvider@4f840404: Unable to contact EC2 metadata service.]
  at S3FileSystemFactory.<init>(S3FileSystemFactory.java:38)
  while locating S3FileSystemFactory
  at java.base/DirectMethodHandleAccessor.invoke(DirectMethodHandleAccessor.java:104)
      \_ installed by: IcebergConnectorFactory$IcebergFileSystemModule -> FileSystemModule -> S3FileSystemModule
  while locating TrinoFileSystemFactory annotated with interface FileSystemS3
  while locating TrinoFileSystemFactory annotated with @Element(setName=,uniqueId=58, type=MAPBINDER, keyType=String)
  at FileSystemModule.createFileSystemFactory(FileSystemModule.java:155)
      \_ for 3rd parameter factories
  at FileSystemModule.createFileSystemFactory(FileSystemModule.java:155)
      \_ installed by: IcebergConnectorFactory$IcebergFileSystemModule -> FileSystemModule
  at DefaultIcebergFileSystemFactory.<init>(DefaultIcebergFileSystemFactory.java:32)
      \_ for 1st parameter fileSystemFactory
  while locating DefaultIcebergFileSystemFactory
  at IcebergModule.configure(IcebergModule.java:141)
  while locating IcebergFileSystemFactory annotated with @RealOptionalBinder$Default

Learn more:
  https://github.com/google/guice/wiki/ERROR_INJECTING_CONSTRUCTOR
Caused by: SdkClientException: Unable to load region from any of the providers in the chain DefaultAwsRegionProviderChain@7e51b8d5: [SystemSettingsRegionProvider@2f59ea2e: Unable to load region from system settings. Region must be specified either via environment variable (AWS_REGION) or  system property (aws.region)., AwsProfileRegionProvider@799c0b48: No region provided in profile: default, InstanceProfileRegionProvider@4f840404: Unable to contact EC2 metadata service.]
	at SdkClientException$BuilderImpl.build(SdkClientException.java:130)
	at AwsRegionProviderChain.getRegion(AwsRegionProviderChain.java:70)
	at AwsDefaultClientBuilder.resolveRegion(AwsDefaultClientBuilder.java:374)
	at AttributeMap$DerivedValue.primeCache(AttributeMap.java:604)
	at AttributeMap$DerivedValue.get(AttributeMap.java:593)
	at AttributeMap$Builder.resolveValue(AttributeMap.java:400)
	at AttributeMap$Builder.internalGet(AttributeMap.java:389)
	at AttributeMap$Builder.access$1300(AttributeMap.java:201)
	at AttributeMap$Builder$1.get(AttributeMap.java:403)
	at AwsDefaultClientBuilder.resolveSigningRegion(AwsDefaultClientBuilder.java:319)
	at AttributeMap$DerivedValue.primeCache(AttributeMap.java:604)
	at AttributeMap$DerivedValue.get(AttributeMap.java:593)
	at AttributeMap$Builder.resolveValue(AttributeMap.java:400)
	at java.base/ArrayList.forEach(ArrayList.java:1604)
	at AttributeMap$Builder.build(AttributeMap.java:362)
	at SdkClientConfiguration$Builder.build(SdkClientConfiguration.java:224)
	at AwsDefaultClientBuilder.finalizeAwsConfiguration(AwsDefaultClientBuilder.java:201)
	at AwsDefaultClientBuilder.finalizeChildConfiguration(AwsDefaultClientBuilder.java:172)
	at SdkDefaultClientBuilder.syncClientConfiguration(SdkDefaultClientBuilder.java:204)
	at DefaultS3ClientBuilder.buildClient(DefaultS3ClientBuilder.java:37)
	at DefaultS3ClientBuilder.buildClient(DefaultS3ClientBuilder.java:26)
	at SdkDefaultClientBuilder.build(SdkDefaultClientBuilder.java:171)
	at S3FileSystemLoader.lambda$s3ClientFactory$0(S3FileSystemLoader.java:211)
	at S3FileSystemLoader.s3PreSigner(S3FileSystemLoader.java:228)
	at S3FileSystemLoader.<init>(S3FileSystemLoader.java:92)
	at S3FileSystemLoader.<init>(S3FileSystemLoader.java:79)
	at S3FileSystemFactory.<init>(S3FileSystemFactory.java:39)
	at S3FileSystemFactory$$FastClassByGuice$$3577f71.GUICE$TRAMPOLINE(<generated>)
	at S3FileSystemFactory$$FastClassByGuice$$3577f71.apply(<generated>)
	at DefaultConstructionProxyFactory$FastClassProxy.newInstance(DefaultConstructionProxyFactory.java:82)
	at ConstructorInjector.provision(ConstructorInjector.java:114)
	at ConstructorInjector.access$000(ConstructorInjector.java:33)
	at ConstructorInjector$1.call(ConstructorInjector.java:98)
	at ProvisionListenerStackCallback$Provision.provision(ProvisionListenerStackCallback.java:109)
	at LifeCycleModule.provision(LifeCycleModule.java:70)
	at ProvisionListenerStackCallback$Provision.provision(ProvisionListenerStackCallback.java:117)
	at ProvisionListenerStackCallback.provision(ProvisionListenerStackCallback.java:66)
	at ConstructorInjector.construct(ConstructorInjector.java:93)
	at ConstructorBindingImpl$Factory.get(ConstructorBindingImpl.java:300)
	at FactoryProxy.get(FactoryProxy.java:60)
	at ProviderToInternalFactoryAdapter.get(ProviderToInternalFactoryAdapter.java:40)
	at SingletonScope$1.get(SingletonScope.java:169)
	at InternalFactoryToProviderAdapter.get(InternalFactoryToProviderAdapter.java:45)
	at FactoryProxy.get(FactoryProxy.java:60)
	at SingleParameterInjector.inject(SingleParameterInjector.java:40)
	at RealMapBinder$ExtensionRealMapProvider.doProvision(RealMapBinder.java:808)
	at RealMapBinder$ExtensionRealMapProvider.doProvision(RealMapBinder.java:743)
	at InternalProviderInstanceBindingImpl$Factory$1.call(InternalProviderInstanceBindingImpl.java:120)
	at ProvisionListenerStackCallback$Provision.provision(ProvisionListenerStackCallback.java:109)
	at LifeCycleModule.provision(LifeCycleModule.java:70)
	at ProvisionListenerStackCallback$Provision.provision(ProvisionListenerStackCallback.java:117)
	at ProvisionListenerStackCallback.provision(ProvisionListenerStackCallback.java:66)
	at InternalProviderInstanceBindingImpl$Factory.get(InternalProviderInstanceBindingImpl.java:115)
	at SingleParameterInjector.inject(SingleParameterInjector.java:40)
	at SingleParameterInjector.getAll(SingleParameterInjector.java:60)
	at ProviderMethod.doProvision(ProviderMethod.java:171)
	at InternalProviderInstanceBindingImpl$CyclicFactory.provision(InternalProviderInstanceBindingImpl.java:185)
	at InternalProviderInstanceBindingImpl$CyclicFactory.access$300(InternalProviderInstanceBindingImpl.java:139)
	at InternalProviderInstanceBindingImpl$CyclicFactory$1.call(InternalProviderInstanceBindingImpl.java:169)
	at ProvisionListenerStackCallback$Provision.provision(ProvisionListenerStackCallback.java:109)
	at LifeCycleModule.provision(LifeCycleModule.java:70)
	at ProvisionListenerStackCallback$Provision.provision(ProvisionListenerStackCallback.java:117)
	at ProvisionListenerStackCallback.provision(ProvisionListenerStackCallback.java:66)
	at InternalProviderInstanceBindingImpl$CyclicFactory.get(InternalProviderInstanceBindingImpl.java:164)
	at ProviderToInternalFactoryAdapter.get(ProviderToInternalFactoryAdapter.java:40)
	at SingletonScope$1.get(SingletonScope.java:169)
	at InternalFactoryToProviderAdapter.get(InternalFactoryToProviderAdapter.java:45)
	at SingleParameterInjector.inject(SingleParameterInjector.java:40)
	at SingleParameterInjector.getAll(SingleParameterInjector.java:60)
	at ConstructorInjector.provision(ConstructorInjector.java:113)
	at ConstructorInjector.access$000(ConstructorInjector.java:33)
	at ConstructorInjector$1.call(ConstructorInjector.java:98)
	at ProvisionListenerStackCallback$Provision.provision(ProvisionListenerStackCallback.java:109)
	at LifeCycleModule.provision(LifeCycleModule.java:70)
	at ProvisionListenerStackCallback$Provision.provision(ProvisionListenerStackCallback.java:117)
	at ProvisionListenerStackCallback.provision(ProvisionListenerStackCallback.java:66)
	at ConstructorInjector.construct(ConstructorInjector.java:93)
	at ConstructorBindingImpl$Factory.get(ConstructorBindingImpl.java:300)
	at FactoryProxy.get(FactoryProxy.java:60)
	at ProviderToInternalFactoryAdapter.get(ProviderToInternalFactoryAdapter.java:40)
	at SingletonScope$1.get(SingletonScope.java:169)
	at InternalFactoryToProviderAdapter.get(InternalFactoryToProviderAdapter.java:45)
	at InternalInjectorCreator.loadEagerSingletons(InternalInjectorCreator.java:213)
	at InternalInjectorCreator.injectDynamically(InternalInjectorCreator.java:186)
	at InternalInjectorCreator.build(InternalInjectorCreator.java:113)
	at Guice.createInjector(Guice.java:87)
	at Bootstrap.initialize(Bootstrap.java:366)
	at IcebergConnectorFactory.createConnector(IcebergConnectorFactory.java:88)
	at IcebergConnectorFactory.create(IcebergConnectorFactory.java:56)
	at DefaultCatalogFactory.createConnector(DefaultCatalogFactory.java:199)
	at DefaultCatalogFactory.createCatalog(DefaultCatalogFactory.java:124)
	at LazyCatalogFactory.createCatalog(LazyCatalogFactory.java:44)
	at StaticCatalogManager.lambda$loadInitialCatalogs$1(StaticCatalogManager.java:159)
	at java.base/FutureTask.run(FutureTask.java:328)
	at java.base/Executors$RunnableAdapter.call(Executors.java:545)
	at java.base/FutureTask.run(FutureTask.java:328)
	at DirectExecutor.execute(DirectExecutor.java:30)
	at java.base/ExecutorCompletionService.submit(ExecutorCompletionService.java:187)
	at Executors.executeUntilFailure(Executors.java:46)
	at StaticCatalogManager.loadInitialCatalogs(StaticCatalogManager.java:153)
	at Server.doStart(Server.java:140)
	at Server.lambda$start$0(Server.java:79)
	at io.trino.$gen.Trino_479____20260122_182306_1.run(Unknown Source)
	at Server.start(Server.java:79)
	at TrinoServer.main(TrinoServer.java:37)

14) [Guice/ErrorInjectingConstructor]: SdkClientException: Unable to load region from any of the providers in the chain DefaultAwsRegionProviderChain@51516c3f: [SystemSettingsRegionProvider@4738ca3a: Unable to load region from system settings. Region must be specified either via environment variable (AWS_REGION) or  system property (aws.region)., AwsProfileRegionProvider@626e1e28: No region provided in profile: default, InstanceProfileRegionProvider@2ab254ca: Unable to contact EC2 metadata service.]
  at S3FileSystemFactory.<init>(S3FileSystemFactory.java:38)
  while locating S3FileSystemFactory
  at java.base/DirectMethodHandleAccessor.invoke(DirectMethodHandleAccessor.java:104)
      \_ installed by: IcebergConnectorFactory$IcebergFileSystemModule -> FileSystemModule -> S3FileSystemModule
  while locating TrinoFileSystemFactory annotated with interface FileSystemS3
  while locating TrinoFileSystemFactory annotated with @Element(setName=,uniqueId=58, type=MAPBINDER, keyType=String)
  at FileSystemModule.createFileSystemFactory(FileSystemModule.java:155)
      \_ for 3rd parameter factories
  at FileSystemModule.createFileSystemFactory(FileSystemModule.java:155)
      \_ installed by: IcebergConnectorFactory$IcebergFileSystemModule -> FileSystemModule
  at IcebergNessieTableOperationsProvider.<init>(IcebergNessieTableOperationsProvider.java:39)
      \_ for 1st parameter fileSystemFactory
  while locating IcebergNessieTableOperationsProvider
  at java.base/DirectMethodHandleAccessor.invoke(DirectMethodHandleAccessor.java:104)
      \_ installed by: IcebergCatalogModule -> ConditionalModule -> IcebergNessieCatalogModule
  while locating IcebergTableOperationsProvider

Learn more:
  https://github.com/google/guice/wiki/ERROR_INJECTING_CONSTRUCTOR
Caused by: SdkClientException: Unable to load region from any of the providers in the chain DefaultAwsRegionProviderChain@51516c3f: [SystemSettingsRegionProvider@4738ca3a: Unable to load region from system settings. Region must be specified either via environment variable (AWS_REGION) or  system property (aws.region)., AwsProfileRegionProvider@626e1e28: No region provided in profile: default, InstanceProfileRegionProvider@2ab254ca: Unable to contact EC2 metadata service.]
	at SdkClientException$BuilderImpl.build(SdkClientException.java:130)
	at AwsRegionProviderChain.getRegion(AwsRegionProviderChain.java:70)
	at AwsDefaultClientBuilder.resolveRegion(AwsDefaultClientBuilder.java:374)
	at AttributeMap$DerivedValue.primeCache(AttributeMap.java:604)
	at AttributeMap$DerivedValue.get(AttributeMap.java:593)
	at AttributeMap$Builder.resolveValue(AttributeMap.java:400)
	at AttributeMap$Builder.internalGet(AttributeMap.java:389)
	at AttributeMap$Builder.access$1300(AttributeMap.java:201)
	at AttributeMap$Builder$1.get(AttributeMap.java:403)
	at AwsDefaultClientBuilder.resolveSigningRegion(AwsDefaultClientBuilder.java:319)
	at AttributeMap$DerivedValue.primeCache(AttributeMap.java:604)
	at AttributeMap$DerivedValue.get(AttributeMap.java:593)
	at AttributeMap$Builder.resolveValue(AttributeMap.java:400)
	at java.base/ArrayList.forEach(ArrayList.java:1604)
	at AttributeMap$Builder.build(AttributeMap.java:362)
	at SdkClientConfiguration$Builder.build(SdkClientConfiguration.java:224)
	at AwsDefaultClientBuilder.finalizeAwsConfiguration(AwsDefaultClientBuilder.java:201)
	at AwsDefaultClientBuilder.finalizeChildConfiguration(AwsDefaultClientBuilder.java:172)
	at SdkDefaultClientBuilder.syncClientConfiguration(SdkDefaultClientBuilder.java:204)
	at DefaultS3ClientBuilder.buildClient(DefaultS3ClientBuilder.java:37)
	at DefaultS3ClientBuilder.buildClient(DefaultS3ClientBuilder.java:26)
	at SdkDefaultClientBuilder.build(SdkDefaultClientBuilder.java:171)
	at S3FileSystemLoader.lambda$s3ClientFactory$0(S3FileSystemLoader.java:211)
	at S3FileSystemLoader.s3PreSigner(S3FileSystemLoader.java:228)
	at S3FileSystemLoader.<init>(S3FileSystemLoader.java:92)
	at S3FileSystemLoader.<init>(S3FileSystemLoader.java:79)
	at S3FileSystemFactory.<init>(S3FileSystemFactory.java:39)
	at S3FileSystemFactory$$FastClassByGuice$$3577f71.GUICE$TRAMPOLINE(<generated>)
	at S3FileSystemFactory$$FastClassByGuice$$3577f71.apply(<generated>)
	at DefaultConstructionProxyFactory$FastClassProxy.newInstance(DefaultConstructionProxyFactory.java:82)
	at ConstructorInjector.provision(ConstructorInjector.java:114)
	at ConstructorInjector.access$000(ConstructorInjector.java:33)
	at ConstructorInjector$1.call(ConstructorInjector.java:98)
	at ProvisionListenerStackCallback$Provision.provision(ProvisionListenerStackCallback.java:109)
	at LifeCycleModule.provision(LifeCycleModule.java:70)
	at ProvisionListenerStackCallback$Provision.provision(ProvisionListenerStackCallback.java:117)
	at ProvisionListenerStackCallback.provision(ProvisionListenerStackCallback.java:66)
	at ConstructorInjector.construct(ConstructorInjector.java:93)
	at ConstructorBindingImpl$Factory.get(ConstructorBindingImpl.java:300)
	at FactoryProxy.get(FactoryProxy.java:60)
	at ProviderToInternalFactoryAdapter.get(ProviderToInternalFactoryAdapter.java:40)
	at SingletonScope$1.get(SingletonScope.java:169)
	at InternalFactoryToProviderAdapter.get(InternalFactoryToProviderAdapter.java:45)
	at FactoryProxy.get(FactoryProxy.java:60)
	at SingleParameterInjector.inject(SingleParameterInjector.java:40)
	at RealMapBinder$ExtensionRealMapProvider.doProvision(RealMapBinder.java:808)
	at RealMapBinder$ExtensionRealMapProvider.doProvision(RealMapBinder.java:743)
	at InternalProviderInstanceBindingImpl$Factory$1.call(InternalProviderInstanceBindingImpl.java:120)
	at ProvisionListenerStackCallback$Provision.provision(ProvisionListenerStackCallback.java:109)
	at LifeCycleModule.provision(LifeCycleModule.java:70)
	at ProvisionListenerStackCallback$Provision.provision(ProvisionListenerStackCallback.java:117)
	at ProvisionListenerStackCallback.provision(ProvisionListenerStackCallback.java:66)
	at InternalProviderInstanceBindingImpl$Factory.get(InternalProviderInstanceBindingImpl.java:115)
	at SingleParameterInjector.inject(SingleParameterInjector.java:40)
	at SingleParameterInjector.getAll(SingleParameterInjector.java:60)
	at ProviderMethod.doProvision(ProviderMethod.java:171)
	at InternalProviderInstanceBindingImpl$CyclicFactory.provision(InternalProviderInstanceBindingImpl.java:185)
	at InternalProviderInstanceBindingImpl$CyclicFactory.access$300(InternalProviderInstanceBindingImpl.java:139)
	at InternalProviderInstanceBindingImpl$CyclicFactory$1.call(InternalProviderInstanceBindingImpl.java:169)
	at ProvisionListenerStackCallback$Provision.provision(ProvisionListenerStackCallback.java:109)
	at LifeCycleModule.provision(LifeCycleModule.java:70)
	at ProvisionListenerStackCallback$Provision.provision(ProvisionListenerStackCallback.java:117)
	at ProvisionListenerStackCallback.provision(ProvisionListenerStackCallback.java:66)
	at InternalProviderInstanceBindingImpl$CyclicFactory.get(InternalProviderInstanceBindingImpl.java:164)
	at ProviderToInternalFactoryAdapter.get(ProviderToInternalFactoryAdapter.java:40)
	at SingletonScope$1.get(SingletonScope.java:169)
	at InternalFactoryToProviderAdapter.get(InternalFactoryToProviderAdapter.java:45)
	at SingleParameterInjector.inject(SingleParameterInjector.java:40)
	at SingleParameterInjector.getAll(SingleParameterInjector.java:60)
	at ConstructorInjector.provision(ConstructorInjector.java:113)
	at ConstructorInjector.access$000(ConstructorInjector.java:33)
	at ConstructorInjector$1.call(ConstructorInjector.java:98)
	at ProvisionListenerStackCallback$Provision.provision(ProvisionListenerStackCallback.java:109)
	at LifeCycleModule.provision(LifeCycleModule.java:70)
	at ProvisionListenerStackCallback$Provision.provision(ProvisionListenerStackCallback.java:117)
	at ProvisionListenerStackCallback.provision(ProvisionListenerStackCallback.java:66)
	at ConstructorInjector.construct(ConstructorInjector.java:93)
	at ConstructorBindingImpl$Factory.get(ConstructorBindingImpl.java:300)
	at FactoryProxy.get(FactoryProxy.java:60)
	at ProviderToInternalFactoryAdapter.get(ProviderToInternalFactoryAdapter.java:40)
	at SingletonScope$1.get(SingletonScope.java:169)
	at InternalFactoryToProviderAdapter.get(InternalFactoryToProviderAdapter.java:45)
	at InternalInjectorCreator.loadEagerSingletons(InternalInjectorCreator.java:213)
	at InternalInjectorCreator.injectDynamically(InternalInjectorCreator.java:186)
	at InternalInjectorCreator.build(InternalInjectorCreator.java:113)
	at Guice.createInjector(Guice.java:87)
	at Bootstrap.initialize(Bootstrap.java:366)
	at IcebergConnectorFactory.createConnector(IcebergConnectorFactory.java:88)
	at IcebergConnectorFactory.create(IcebergConnectorFactory.java:56)
	at DefaultCatalogFactory.createConnector(DefaultCatalogFactory.java:199)
	at DefaultCatalogFactory.createCatalog(DefaultCatalogFactory.java:124)
	at LazyCatalogFactory.createCatalog(LazyCatalogFactory.java:44)
	at StaticCatalogManager.lambda$loadInitialCatalogs$1(StaticCatalogManager.java:159)
	at java.base/FutureTask.run(FutureTask.java:328)
	at java.base/Executors$RunnableAdapter.call(Executors.java:545)
	at java.base/FutureTask.run(FutureTask.java:328)
	at DirectExecutor.execute(DirectExecutor.java:30)
	at java.base/ExecutorCompletionService.submit(ExecutorCompletionService.java:187)
	at Executors.executeUntilFailure(Executors.java:46)
	at StaticCatalogManager.loadInitialCatalogs(StaticCatalogManager.java:153)
	at Server.doStart(Server.java:140)
	at Server.lambda$start$0(Server.java:79)
	at io.trino.$gen.Trino_479____20260122_182306_1.run(Unknown Source)
	at Server.start(Server.java:79)
	at TrinoServer.main(TrinoServer.java:37)

15) [Guice/ErrorInjectingConstructor]: SdkClientException: Unable to load region from any of the providers in the chain DefaultAwsRegionProviderChain@225d6a4: [SystemSettingsRegionProvider@3a1ed926: Unable to load region from system settings. Region must be specified either via environment variable (AWS_REGION) or  system property (aws.region)., AwsProfileRegionProvider@5e4bff45: No region provided in profile: default, InstanceProfileRegionProvider@246380e5: Unable to contact EC2 metadata service.]
  at S3FileSystemFactory.<init>(S3FileSystemFactory.java:38)
  while locating S3FileSystemFactory
  at java.base/DirectMethodHandleAccessor.invoke(DirectMethodHandleAccessor.java:104)
      \_ installed by: IcebergConnectorFactory$IcebergFileSystemModule -> FileSystemModule -> S3FileSystemModule
  while locating TrinoFileSystemFactory annotated with interface FileSystemS3
  while locating TrinoFileSystemFactory annotated with @Element(setName=,uniqueId=58, type=MAPBINDER, keyType=String)
  at FileSystemModule.createFileSystemFactory(FileSystemModule.java:155)
      \_ for 3rd parameter factories
  at FileSystemModule.createFileSystemFactory(FileSystemModule.java:155)
      \_ installed by: IcebergConnectorFactory$IcebergFileSystemModule -> FileSystemModule
  at TrinoNessieCatalogFactory.<init>(TrinoNessieCatalogFactory.java:52)
      \_ for 3rd parameter fileSystemFactory
  while locating TrinoNessieCatalogFactory
  at java.base/DirectMethodHandleAccessor.invoke(DirectMethodHandleAccessor.java:104)
      \_ installed by: IcebergCatalogModule -> ConditionalModule -> IcebergNessieCatalogModule
  while locating TrinoCatalogFactory

Learn more:
  https://github.com/google/guice/wiki/ERROR_INJECTING_CONSTRUCTOR
Caused by: SdkClientException: Unable to load region from any of the providers in the chain DefaultAwsRegionProviderChain@225d6a4: [SystemSettingsRegionProvider@3a1ed926: Unable to load region from system settings. Region must be specified either via environment variable (AWS_REGION) or  system property (aws.region)., AwsProfileRegionProvider@5e4bff45: No region provided in profile: default, InstanceProfileRegionProvider@246380e5: Unable to contact EC2 metadata service.]
	at SdkClientException$BuilderImpl.build(SdkClientException.java:130)
	at AwsRegionProviderChain.getRegion(AwsRegionProviderChain.java:70)
	at AwsDefaultClientBuilder.resolveRegion(AwsDefaultClientBuilder.java:374)
	at AttributeMap$DerivedValue.primeCache(AttributeMap.java:604)
	at AttributeMap$DerivedValue.get(AttributeMap.java:593)
	at AttributeMap$Builder.resolveValue(AttributeMap.java:400)
	at AttributeMap$Builder.internalGet(AttributeMap.java:389)
	at AttributeMap$Builder.access$1300(AttributeMap.java:201)
	at AttributeMap$Builder$1.get(AttributeMap.java:403)
	at AwsDefaultClientBuilder.resolveSigningRegion(AwsDefaultClientBuilder.java:319)
	at AttributeMap$DerivedValue.primeCache(AttributeMap.java:604)
	at AttributeMap$DerivedValue.get(AttributeMap.java:593)
	at AttributeMap$Builder.resolveValue(AttributeMap.java:400)
	at java.base/ArrayList.forEach(ArrayList.java:1604)
	at AttributeMap$Builder.build(AttributeMap.java:362)
	at SdkClientConfiguration$Builder.build(SdkClientConfiguration.java:224)
	at AwsDefaultClientBuilder.finalizeAwsConfiguration(AwsDefaultClientBuilder.java:201)
	at AwsDefaultClientBuilder.finalizeChildConfiguration(AwsDefaultClientBuilder.java:172)
	at SdkDefaultClientBuilder.syncClientConfiguration(SdkDefaultClientBuilder.java:204)
	at DefaultS3ClientBuilder.buildClient(DefaultS3ClientBuilder.java:37)
	at DefaultS3ClientBuilder.buildClient(DefaultS3ClientBuilder.java:26)
	at SdkDefaultClientBuilder.build(SdkDefaultClientBuilder.java:171)
	at S3FileSystemLoader.lambda$s3ClientFactory$0(S3FileSystemLoader.java:211)
	at S3FileSystemLoader.s3PreSigner(S3FileSystemLoader.java:228)
	at S3FileSystemLoader.<init>(S3FileSystemLoader.java:92)
	at S3FileSystemLoader.<init>(S3FileSystemLoader.java:79)
	at S3FileSystemFactory.<init>(S3FileSystemFactory.java:39)
	at S3FileSystemFactory$$FastClassByGuice$$3577f71.GUICE$TRAMPOLINE(<generated>)
	at S3FileSystemFactory$$FastClassByGuice$$3577f71.apply(<generated>)
	at DefaultConstructionProxyFactory$FastClassProxy.newInstance(DefaultConstructionProxyFactory.java:82)
	at ConstructorInjector.provision(ConstructorInjector.java:114)
	at ConstructorInjector.access$000(ConstructorInjector.java:33)
	at ConstructorInjector$1.call(ConstructorInjector.java:98)
	at ProvisionListenerStackCallback$Provision.provision(ProvisionListenerStackCallback.java:109)
	at LifeCycleModule.provision(LifeCycleModule.java:70)
	at ProvisionListenerStackCallback$Provision.provision(ProvisionListenerStackCallback.java:117)
	at ProvisionListenerStackCallback.provision(ProvisionListenerStackCallback.java:66)
	at ConstructorInjector.construct(ConstructorInjector.java:93)
	at ConstructorBindingImpl$Factory.get(ConstructorBindingImpl.java:300)
	at FactoryProxy.get(FactoryProxy.java:60)
	at ProviderToInternalFactoryAdapter.get(ProviderToInternalFactoryAdapter.java:40)
	at SingletonScope$1.get(SingletonScope.java:169)
	at InternalFactoryToProviderAdapter.get(InternalFactoryToProviderAdapter.java:45)
	at FactoryProxy.get(FactoryProxy.java:60)
	at SingleParameterInjector.inject(SingleParameterInjector.java:40)
	at RealMapBinder$ExtensionRealMapProvider.doProvision(RealMapBinder.java:808)
	at RealMapBinder$ExtensionRealMapProvider.doProvision(RealMapBinder.java:743)
	at InternalProviderInstanceBindingImpl$Factory$1.call(InternalProviderInstanceBindingImpl.java:120)
	at ProvisionListenerStackCallback$Provision.provision(ProvisionListenerStackCallback.java:109)
	at LifeCycleModule.provision(LifeCycleModule.java:70)
	at ProvisionListenerStackCallback$Provision.provision(ProvisionListenerStackCallback.java:117)
	at ProvisionListenerStackCallback.provision(ProvisionListenerStackCallback.java:66)
	at InternalProviderInstanceBindingImpl$Factory.get(InternalProviderInstanceBindingImpl.java:115)
	at SingleParameterInjector.inject(SingleParameterInjector.java:40)
	at SingleParameterInjector.getAll(SingleParameterInjector.java:60)
	at ProviderMethod.doProvision(ProviderMethod.java:171)
	at InternalProviderInstanceBindingImpl$CyclicFactory.provision(InternalProviderInstanceBindingImpl.java:185)
	at InternalProviderInstanceBindingImpl$CyclicFactory.access$300(InternalProviderInstanceBindingImpl.java:139)
	at InternalProviderInstanceBindingImpl$CyclicFactory$1.call(InternalProviderInstanceBindingImpl.java:169)
	at ProvisionListenerStackCallback$Provision.provision(ProvisionListenerStackCallback.java:109)
	at LifeCycleModule.provision(LifeCycleModule.java:70)
	at ProvisionListenerStackCallback$Provision.provision(ProvisionListenerStackCallback.java:117)
	at ProvisionListenerStackCallback.provision(ProvisionListenerStackCallback.java:66)
	at InternalProviderInstanceBindingImpl$CyclicFactory.get(InternalProviderInstanceBindingImpl.java:164)
	at ProviderToInternalFactoryAdapter.get(ProviderToInternalFactoryAdapter.java:40)
	at SingletonScope$1.get(SingletonScope.java:169)
	at InternalFactoryToProviderAdapter.get(InternalFactoryToProviderAdapter.java:45)
	at SingleParameterInjector.inject(SingleParameterInjector.java:40)
	at SingleParameterInjector.getAll(SingleParameterInjector.java:60)
	at ConstructorInjector.provision(ConstructorInjector.java:113)
	at ConstructorInjector.access$000(ConstructorInjector.java:33)
	at ConstructorInjector$1.call(ConstructorInjector.java:98)
	at ProvisionListenerStackCallback$Provision.provision(ProvisionListenerStackCallback.java:109)
	at LifeCycleModule.provision(LifeCycleModule.java:70)
	at ProvisionListenerStackCallback$Provision.provision(ProvisionListenerStackCallback.java:117)
	at ProvisionListenerStackCallback.provision(ProvisionListenerStackCallback.java:66)
	at ConstructorInjector.construct(ConstructorInjector.java:93)
	at ConstructorBindingImpl$Factory.get(ConstructorBindingImpl.java:300)
	at FactoryProxy.get(FactoryProxy.java:60)
	at ProviderToInternalFactoryAdapter.get(ProviderToInternalFactoryAdapter.java:40)
	at SingletonScope$1.get(SingletonScope.java:169)
	at InternalFactoryToProviderAdapter.get(InternalFactoryToProviderAdapter.java:45)
	at InternalInjectorCreator.loadEagerSingletons(InternalInjectorCreator.java:213)
	at InternalInjectorCreator.injectDynamically(InternalInjectorCreator.java:186)
	at InternalInjectorCreator.build(InternalInjectorCreator.java:113)
	at Guice.createInjector(Guice.java:87)
	at Bootstrap.initialize(Bootstrap.java:366)
	at IcebergConnectorFactory.createConnector(IcebergConnectorFactory.java:88)
	at IcebergConnectorFactory.create(IcebergConnectorFactory.java:56)
	at DefaultCatalogFactory.createConnector(DefaultCatalogFactory.java:199)
	at DefaultCatalogFactory.createCatalog(DefaultCatalogFactory.java:124)
	at LazyCatalogFactory.createCatalog(LazyCatalogFactory.java:44)
	at StaticCatalogManager.lambda$loadInitialCatalogs$1(StaticCatalogManager.java:159)
	at java.base/FutureTask.run(FutureTask.java:328)
	at java.base/Executors$RunnableAdapter.call(Executors.java:545)
	at java.base/FutureTask.run(FutureTask.java:328)
	at DirectExecutor.execute(DirectExecutor.java:30)
	at java.base/ExecutorCompletionService.submit(ExecutorCompletionService.java:187)
	at Executors.executeUntilFailure(Executors.java:46)
	at StaticCatalogManager.loadInitialCatalogs(StaticCatalogManager.java:153)
	at Server.doStart(Server.java:140)
	at Server.lambda$start$0(Server.java:79)
	at io.trino.$gen.Trino_479____20260122_182306_1.run(Unknown Source)
	at Server.start(Server.java:79)
	at TrinoServer.main(TrinoServer.java:37)

16) [Guice/ErrorInjectingConstructor]: SdkClientException: Unable to load region from any of the providers in the chain DefaultAwsRegionProviderChain@6d80091d: [SystemSettingsRegionProvider@e59eac7: Unable to load region from system settings. Region must be specified either via environment variable (AWS_REGION) or  system property (aws.region)., AwsProfileRegionProvider@31ae2cf: No region provided in profile: default, InstanceProfileRegionProvider@21ba22e8: Unable to contact EC2 metadata service.]
  at S3FileSystemFactory.<init>(S3FileSystemFactory.java:38)
  while locating S3FileSystemFactory
  at java.base/DirectMethodHandleAccessor.invoke(DirectMethodHandleAccessor.java:104)
      \_ installed by: IcebergConnectorFactory$IcebergFileSystemModule -> FileSystemModule -> S3FileSystemModule
  while locating TrinoFileSystemFactory annotated with interface FileSystemS3

Learn more:
  https://github.com/google/guice/wiki/ERROR_INJECTING_CONSTRUCTOR
Caused by: SdkClientException: Unable to load region from any of the providers in the chain DefaultAwsRegionProviderChain@6d80091d: [SystemSettingsRegionProvider@e59eac7: Unable to load region from system settings. Region must be specified either via environment variable (AWS_REGION) or  system property (aws.region)., AwsProfileRegionProvider@31ae2cf: No region provided in profile: default, InstanceProfileRegionProvider@21ba22e8: Unable to contact EC2 metadata service.]
	at SdkClientException$BuilderImpl.build(SdkClientException.java:130)
	at AwsRegionProviderChain.getRegion(AwsRegionProviderChain.java:70)
	at AwsDefaultClientBuilder.resolveRegion(AwsDefaultClientBuilder.java:374)
	at AttributeMap$DerivedValue.primeCache(AttributeMap.java:604)
	at AttributeMap$DerivedValue.get(AttributeMap.java:593)
	at AttributeMap$Builder.resolveValue(AttributeMap.java:400)
	at AttributeMap$Builder.internalGet(AttributeMap.java:389)
	at AttributeMap$Builder.access$1300(AttributeMap.java:201)
	at AttributeMap$Builder$1.get(AttributeMap.java:403)
	at AwsDefaultClientBuilder.resolveSigningRegion(AwsDefaultClientBuilder.java:319)
	at AttributeMap$DerivedValue.primeCache(AttributeMap.java:604)
	at AttributeMap$DerivedValue.get(AttributeMap.java:593)
	at AttributeMap$Builder.resolveValue(AttributeMap.java:400)
	at java.base/ArrayList.forEach(ArrayList.java:1604)
	at AttributeMap$Builder.build(AttributeMap.java:362)
	at SdkClientConfiguration$Builder.build(SdkClientConfiguration.java:224)
	at AwsDefaultClientBuilder.finalizeAwsConfiguration(AwsDefaultClientBuilder.java:201)
	at AwsDefaultClientBuilder.finalizeChildConfiguration(AwsDefaultClientBuilder.java:172)
	at SdkDefaultClientBuilder.syncClientConfiguration(SdkDefaultClientBuilder.java:204)
	at DefaultS3ClientBuilder.buildClient(DefaultS3ClientBuilder.java:37)
	at DefaultS3ClientBuilder.buildClient(DefaultS3ClientBuilder.java:26)
	at SdkDefaultClientBuilder.build(SdkDefaultClientBuilder.java:171)
	at S3FileSystemLoader.lambda$s3ClientFactory$0(S3FileSystemLoader.java:211)
	at S3FileSystemLoader.s3PreSigner(S3FileSystemLoader.java:228)
	at S3FileSystemLoader.<init>(S3FileSystemLoader.java:92)
	at S3FileSystemLoader.<init>(S3FileSystemLoader.java:79)
	at S3FileSystemFactory.<init>(S3FileSystemFactory.java:39)
	at S3FileSystemFactory$$FastClassByGuice$$3577f71.GUICE$TRAMPOLINE(<generated>)
	at S3FileSystemFactory$$FastClassByGuice$$3577f71.apply(<generated>)
	at DefaultConstructionProxyFactory$FastClassProxy.newInstance(DefaultConstructionProxyFactory.java:82)
	at ConstructorInjector.provision(ConstructorInjector.java:114)
	at ConstructorInjector.access$000(ConstructorInjector.java:33)
	at ConstructorInjector$1.call(ConstructorInjector.java:98)
	at ProvisionListenerStackCallback$Provision.provision(ProvisionListenerStackCallback.java:109)
	at LifeCycleModule.provision(LifeCycleModule.java:70)
	at ProvisionListenerStackCallback$Provision.provision(ProvisionListenerStackCallback.java:117)
	at ProvisionListenerStackCallback.provision(ProvisionListenerStackCallback.java:66)
	at ConstructorInjector.construct(ConstructorInjector.java:93)
	at ConstructorBindingImpl$Factory.get(ConstructorBindingImpl.java:300)
	at FactoryProxy.get(FactoryProxy.java:60)
	at ProviderToInternalFactoryAdapter.get(ProviderToInternalFactoryAdapter.java:40)
	at SingletonScope$1.get(SingletonScope.java:169)
	at InternalFactoryToProviderAdapter.get(InternalFactoryToProviderAdapter.java:45)
	at InternalInjectorCreator.loadEagerSingletons(InternalInjectorCreator.java:213)
	at InternalInjectorCreator.injectDynamically(InternalInjectorCreator.java:186)
	at InternalInjectorCreator.build(InternalInjectorCreator.java:113)
	at Guice.createInjector(Guice.java:87)
	at Bootstrap.initialize(Bootstrap.java:366)
	at IcebergConnectorFactory.createConnector(IcebergConnectorFactory.java:88)
	at IcebergConnectorFactory.create(IcebergConnectorFactory.java:56)
	at DefaultCatalogFactory.createConnector(DefaultCatalogFactory.java:199)
	at DefaultCatalogFactory.createCatalog(DefaultCatalogFactory.java:124)
	at LazyCatalogFactory.createCatalog(LazyCatalogFactory.java:44)
	at StaticCatalogManager.lambda$loadInitialCatalogs$1(StaticCatalogManager.java:159)
	at java.base/FutureTask.run(FutureTask.java:328)
	at java.base/Executors$RunnableAdapter.call(Executors.java:545)
	at java.base/FutureTask.run(FutureTask.java:328)
	at DirectExecutor.execute(DirectExecutor.java:30)
	at java.base/ExecutorCompletionService.submit(ExecutorCompletionService.java:187)
	at Executors.executeUntilFailure(Executors.java:46)
	at StaticCatalogManager.loadInitialCatalogs(StaticCatalogManager.java:153)
	at Server.doStart(Server.java:140)
	at Server.lambda$start$0(Server.java:79)
	at io.trino.$gen.Trino_479____20260122_182306_1.run(Unknown Source)
	at Server.start(Server.java:79)
	at TrinoServer.main(TrinoServer.java:37)

17) [Guice/ErrorInjectingConstructor]: SdkClientException: Unable to load region from any of the providers in the chain DefaultAwsRegionProviderChain@791bbe80: [SystemSettingsRegionProvider@317c4093: Unable to load region from system settings. Region must be specified either via environment variable (AWS_REGION) or  system property (aws.region)., AwsProfileRegionProvider@4b7ee60b: No region provided in profile: default, InstanceProfileRegionProvider@5ecfa2a4: Unable to contact EC2 metadata service.]
  at S3FileSystemFactory.<init>(S3FileSystemFactory.java:38)
  while locating S3FileSystemFactory
  at java.base/DirectMethodHandleAccessor.invoke(DirectMethodHandleAccessor.java:104)
      \_ installed by: IcebergConnectorFactory$IcebergFileSystemModule -> FileSystemModule -> S3FileSystemModule
  while locating TrinoFileSystemFactory annotated with interface FileSystemS3
  while locating TrinoFileSystemFactory annotated with @Element(setName=,uniqueId=58, type=MAPBINDER, keyType=String)

Learn more:
  https://github.com/google/guice/wiki/ERROR_INJECTING_CONSTRUCTOR
Caused by: SdkClientException: Unable to load region from any of the providers in the chain DefaultAwsRegionProviderChain@791bbe80: [SystemSettingsRegionProvider@317c4093: Unable to load region from system settings. Region must be specified either via environment variable (AWS_REGION) or  system property (aws.region)., AwsProfileRegionProvider@4b7ee60b: No region provided in profile: default, InstanceProfileRegionProvider@5ecfa2a4: Unable to contact EC2 metadata service.]
	at SdkClientException$BuilderImpl.build(SdkClientException.java:130)
	at AwsRegionProviderChain.getRegion(AwsRegionProviderChain.java:70)
	at AwsDefaultClientBuilder.resolveRegion(AwsDefaultClientBuilder.java:374)
	at AttributeMap$DerivedValue.primeCache(AttributeMap.java:604)
	at AttributeMap$DerivedValue.get(AttributeMap.java:593)
	at AttributeMap$Builder.resolveValue(AttributeMap.java:400)
	at AttributeMap$Builder.internalGet(AttributeMap.java:389)
	at AttributeMap$Builder.access$1300(AttributeMap.java:201)
	at AttributeMap$Builder$1.get(AttributeMap.java:403)
	at AwsDefaultClientBuilder.resolveSigningRegion(AwsDefaultClientBuilder.java:319)
	at AttributeMap$DerivedValue.primeCache(AttributeMap.java:604)
	at AttributeMap$DerivedValue.get(AttributeMap.java:593)
	at AttributeMap$Builder.resolveValue(AttributeMap.java:400)
	at java.base/ArrayList.forEach(ArrayList.java:1604)
	at AttributeMap$Builder.build(AttributeMap.java:362)
	at SdkClientConfiguration$Builder.build(SdkClientConfiguration.java:224)
	at AwsDefaultClientBuilder.finalizeAwsConfiguration(AwsDefaultClientBuilder.java:201)
	at AwsDefaultClientBuilder.finalizeChildConfiguration(AwsDefaultClientBuilder.java:172)
	at SdkDefaultClientBuilder.syncClientConfiguration(SdkDefaultClientBuilder.java:204)
	at DefaultS3ClientBuilder.buildClient(DefaultS3ClientBuilder.java:37)
	at DefaultS3ClientBuilder.buildClient(DefaultS3ClientBuilder.java:26)
	at SdkDefaultClientBuilder.build(SdkDefaultClientBuilder.java:171)
	at S3FileSystemLoader.lambda$s3ClientFactory$0(S3FileSystemLoader.java:211)
	at S3FileSystemLoader.s3PreSigner(S3FileSystemLoader.java:228)
	at S3FileSystemLoader.<init>(S3FileSystemLoader.java:92)
	at S3FileSystemLoader.<init>(S3FileSystemLoader.java:79)
	at S3FileSystemFactory.<init>(S3FileSystemFactory.java:39)
	at S3FileSystemFactory$$FastClassByGuice$$3577f71.GUICE$TRAMPOLINE(<generated>)
	at S3FileSystemFactory$$FastClassByGuice$$3577f71.apply(<generated>)
	at DefaultConstructionProxyFactory$FastClassProxy.newInstance(DefaultConstructionProxyFactory.java:82)
	at ConstructorInjector.provision(ConstructorInjector.java:114)
	at ConstructorInjector.access$000(ConstructorInjector.java:33)
	at ConstructorInjector$1.call(ConstructorInjector.java:98)
	at ProvisionListenerStackCallback$Provision.provision(ProvisionListenerStackCallback.java:109)
	at LifeCycleModule.provision(LifeCycleModule.java:70)
	at ProvisionListenerStackCallback$Provision.provision(ProvisionListenerStackCallback.java:117)
	at ProvisionListenerStackCallback.provision(ProvisionListenerStackCallback.java:66)
	at ConstructorInjector.construct(ConstructorInjector.java:93)
	at ConstructorBindingImpl$Factory.get(ConstructorBindingImpl.java:300)
	at FactoryProxy.get(FactoryProxy.java:60)
	at ProviderToInternalFactoryAdapter.get(ProviderToInternalFactoryAdapter.java:40)
	at SingletonScope$1.get(SingletonScope.java:169)
	at InternalFactoryToProviderAdapter.get(InternalFactoryToProviderAdapter.java:45)
	at FactoryProxy.get(FactoryProxy.java:60)
	at InternalInjectorCreator.loadEagerSingletons(InternalInjectorCreator.java:213)
	at InternalInjectorCreator.injectDynamically(InternalInjectorCreator.java:186)
	at InternalInjectorCreator.build(InternalInjectorCreator.java:113)
	at Guice.createInjector(Guice.java:87)
	at Bootstrap.initialize(Bootstrap.java:366)
	at IcebergConnectorFactory.createConnector(IcebergConnectorFactory.java:88)
	at IcebergConnectorFactory.create(IcebergConnectorFactory.java:56)
	at DefaultCatalogFactory.createConnector(DefaultCatalogFactory.java:199)
	at DefaultCatalogFactory.createCatalog(DefaultCatalogFactory.java:124)
	at LazyCatalogFactory.createCatalog(LazyCatalogFactory.java:44)
	at StaticCatalogManager.lambda$loadInitialCatalogs$1(StaticCatalogManager.java:159)
	at java.base/FutureTask.run(FutureTask.java:328)
	at java.base/Executors$RunnableAdapter.call(Executors.java:545)
	at java.base/FutureTask.run(FutureTask.java:328)
	at DirectExecutor.execute(DirectExecutor.java:30)
	at java.base/ExecutorCompletionService.submit(ExecutorCompletionService.java:187)
	at Executors.executeUntilFailure(Executors.java:46)
	at StaticCatalogManager.loadInitialCatalogs(StaticCatalogManager.java:153)
	at Server.doStart(Server.java:140)
	at Server.lambda$start$0(Server.java:79)
	at io.trino.$gen.Trino_479____20260122_182306_1.run(Unknown Source)
	at Server.start(Server.java:79)
	at TrinoServer.main(TrinoServer.java:37)

18) [Guice/ErrorInjectingConstructor]: SdkClientException: Unable to load region from any of the providers in the chain DefaultAwsRegionProviderChain@3702c19: [SystemSettingsRegionProvider@11385e91: Unable to load region from system settings. Region must be specified either via environment variable (AWS_REGION) or  system property (aws.region)., AwsProfileRegionProvider@72866288: No region provided in profile: default, InstanceProfileRegionProvider@6c9635e6: Unable to contact EC2 metadata service.]
  at S3FileSystemFactory.<init>(S3FileSystemFactory.java:38)
  while locating S3FileSystemFactory
  at java.base/DirectMethodHandleAccessor.invoke(DirectMethodHandleAccessor.java:104)
      \_ installed by: IcebergConnectorFactory$IcebergFileSystemModule -> FileSystemModule -> S3FileSystemModule
  while locating TrinoFileSystemFactory annotated with interface FileSystemS3
  while locating TrinoFileSystemFactory annotated with @Element(setName=,uniqueId=60, type=MAPBINDER, keyType=String)

Learn more:
  https://github.com/google/guice/wiki/ERROR_INJECTING_CONSTRUCTOR
Caused by: SdkClientException: Unable to load region from any of the providers in the chain DefaultAwsRegionProviderChain@3702c19: [SystemSettingsRegionProvider@11385e91: Unable to load region from system settings. Region must be specified either via environment variable (AWS_REGION) or  system property (aws.region)., AwsProfileRegionProvider@72866288: No region provided in profile: default, InstanceProfileRegionProvider@6c9635e6: Unable to contact EC2 metadata service.]
	at SdkClientException$BuilderImpl.build(SdkClientException.java:130)
	at AwsRegionProviderChain.getRegion(AwsRegionProviderChain.java:70)
	at AwsDefaultClientBuilder.resolveRegion(AwsDefaultClientBuilder.java:374)
	at AttributeMap$DerivedValue.primeCache(AttributeMap.java:604)
	at AttributeMap$DerivedValue.get(AttributeMap.java:593)
	at AttributeMap$Builder.resolveValue(AttributeMap.java:400)
	at AttributeMap$Builder.internalGet(AttributeMap.java:389)
	at AttributeMap$Builder.access$1300(AttributeMap.java:201)
	at AttributeMap$Builder$1.get(AttributeMap.java:403)
	at AwsDefaultClientBuilder.resolveSigningRegion(AwsDefaultClientBuilder.java:319)
	at AttributeMap$DerivedValue.primeCache(AttributeMap.java:604)
	at AttributeMap$DerivedValue.get(AttributeMap.java:593)
	at AttributeMap$Builder.resolveValue(AttributeMap.java:400)
	at java.base/ArrayList.forEach(ArrayList.java:1604)
	at AttributeMap$Builder.build(AttributeMap.java:362)
	at SdkClientConfiguration$Builder.build(SdkClientConfiguration.java:224)
	at AwsDefaultClientBuilder.finalizeAwsConfiguration(AwsDefaultClientBuilder.java:201)
	at AwsDefaultClientBuilder.finalizeChildConfiguration(AwsDefaultClientBuilder.java:172)
	at SdkDefaultClientBuilder.syncClientConfiguration(SdkDefaultClientBuilder.java:204)
	at DefaultS3ClientBuilder.buildClient(DefaultS3ClientBuilder.java:37)
	at DefaultS3ClientBuilder.buildClient(DefaultS3ClientBuilder.java:26)
	at SdkDefaultClientBuilder.build(SdkDefaultClientBuilder.java:171)
	at S3FileSystemLoader.lambda$s3ClientFactory$0(S3FileSystemLoader.java:211)
	at S3FileSystemLoader.s3PreSigner(S3FileSystemLoader.java:228)
	at S3FileSystemLoader.<init>(S3FileSystemLoader.java:92)
	at S3FileSystemLoader.<init>(S3FileSystemLoader.java:79)
	at S3FileSystemFactory.<init>(S3FileSystemFactory.java:39)
	at S3FileSystemFactory$$FastClassByGuice$$3577f71.GUICE$TRAMPOLINE(<generated>)
	at S3FileSystemFactory$$FastClassByGuice$$3577f71.apply(<generated>)
	at DefaultConstructionProxyFactory$FastClassProxy.newInstance(DefaultConstructionProxyFactory.java:82)
	at ConstructorInjector.provision(ConstructorInjector.java:114)
	at ConstructorInjector.access$000(ConstructorInjector.java:33)
	at ConstructorInjector$1.call(ConstructorInjector.java:98)
	at ProvisionListenerStackCallback$Provision.provision(ProvisionListenerStackCallback.java:109)
	at LifeCycleModule.provision(LifeCycleModule.java:70)
	at ProvisionListenerStackCallback$Provision.provision(ProvisionListenerStackCallback.java:117)
	at ProvisionListenerStackCallback.provision(ProvisionListenerStackCallback.java:66)
	at ConstructorInjector.construct(ConstructorInjector.java:93)
	at ConstructorBindingImpl$Factory.get(ConstructorBindingImpl.java:300)
	at FactoryProxy.get(FactoryProxy.java:60)
	at ProviderToInternalFactoryAdapter.get(ProviderToInternalFactoryAdapter.java:40)
	at SingletonScope$1.get(SingletonScope.java:169)
	at InternalFactoryToProviderAdapter.get(InternalFactoryToProviderAdapter.java:45)
	at FactoryProxy.get(FactoryProxy.java:60)
	at InternalInjectorCreator.loadEagerSingletons(InternalInjectorCreator.java:213)
	at InternalInjectorCreator.injectDynamically(InternalInjectorCreator.java:186)
	at InternalInjectorCreator.build(InternalInjectorCreator.java:113)
	at Guice.createInjector(Guice.java:87)
	at Bootstrap.initialize(Bootstrap.java:366)
	at IcebergConnectorFactory.createConnector(IcebergConnectorFactory.java:88)
	at IcebergConnectorFactory.create(IcebergConnectorFactory.java:56)
	at DefaultCatalogFactory.createConnector(DefaultCatalogFactory.java:199)
	at DefaultCatalogFactory.createCatalog(DefaultCatalogFactory.java:124)
	at LazyCatalogFactory.createCatalog(LazyCatalogFactory.java:44)
	at StaticCatalogManager.lambda$loadInitialCatalogs$1(StaticCatalogManager.java:159)
	at java.base/FutureTask.run(FutureTask.java:328)
	at java.base/Executors$RunnableAdapter.call(Executors.java:545)
	at java.base/FutureTask.run(FutureTask.java:328)
	at DirectExecutor.execute(DirectExecutor.java:30)
	at java.base/ExecutorCompletionService.submit(ExecutorCompletionService.java:187)
	at Executors.executeUntilFailure(Executors.java:46)
	at StaticCatalogManager.loadInitialCatalogs(StaticCatalogManager.java:153)
	at Server.doStart(Server.java:140)
	at Server.lambda$start$0(Server.java:79)
	at io.trino.$gen.Trino_479____20260122_182306_1.run(Unknown Source)
	at Server.start(Server.java:79)
	at TrinoServer.main(TrinoServer.java:37)

19) [Guice/ErrorInjectingConstructor]: SdkClientException: Unable to load region from any of the providers in the chain DefaultAwsRegionProviderChain@5c2a52dc: [SystemSettingsRegionProvider@477b324e: Unable to load region from system settings. Region must be specified either via environment variable (AWS_REGION) or  system property (aws.region)., AwsProfileRegionProvider@449e327c: No region provided in profile: default, InstanceProfileRegionProvider@1b2c756a: Unable to contact EC2 metadata service.]
  at S3FileSystemFactory.<init>(S3FileSystemFactory.java:38)
  while locating S3FileSystemFactory
  at java.base/DirectMethodHandleAccessor.invoke(DirectMethodHandleAccessor.java:104)
      \_ installed by: IcebergConnectorFactory$IcebergFileSystemModule -> FileSystemModule -> S3FileSystemModule
  while locating TrinoFileSystemFactory annotated with interface FileSystemS3
  while locating TrinoFileSystemFactory annotated with @Element(setName=,uniqueId=62, type=MAPBINDER, keyType=String)

Learn more:
  https://github.com/google/guice/wiki/ERROR_INJECTING_CONSTRUCTOR
Caused by: SdkClientException: Unable to load region from any of the providers in the chain DefaultAwsRegionProviderChain@5c2a52dc: [SystemSettingsRegionProvider@477b324e: Unable to load region from system settings. Region must be specified either via environment variable (AWS_REGION) or  system property (aws.region)., AwsProfileRegionProvider@449e327c: No region provided in profile: default, InstanceProfileRegionProvider@1b2c756a: Unable to contact EC2 metadata service.]
	at SdkClientException$BuilderImpl.build(SdkClientException.java:130)
	at AwsRegionProviderChain.getRegion(AwsRegionProviderChain.java:70)
	at AwsDefaultClientBuilder.resolveRegion(AwsDefaultClientBuilder.java:374)
	at AttributeMap$DerivedValue.primeCache(AttributeMap.java:604)
	at AttributeMap$DerivedValue.get(AttributeMap.java:593)
	at AttributeMap$Builder.resolveValue(AttributeMap.java:400)
	at AttributeMap$Builder.internalGet(AttributeMap.java:389)
	at AttributeMap$Builder.access$1300(AttributeMap.java:201)
	at AttributeMap$Builder$1.get(AttributeMap.java:403)
	at AwsDefaultClientBuilder.resolveSigningRegion(AwsDefaultClientBuilder.java:319)
	at AttributeMap$DerivedValue.primeCache(AttributeMap.java:604)
	at AttributeMap$DerivedValue.get(AttributeMap.java:593)
	at AttributeMap$Builder.resolveValue(AttributeMap.java:400)
	at java.base/ArrayList.forEach(ArrayList.java:1604)
	at AttributeMap$Builder.build(AttributeMap.java:362)
	at SdkClientConfiguration$Builder.build(SdkClientConfiguration.java:224)
	at AwsDefaultClientBuilder.finalizeAwsConfiguration(AwsDefaultClientBuilder.java:201)
	at AwsDefaultClientBuilder.finalizeChildConfiguration(AwsDefaultClientBuilder.java:172)
	at SdkDefaultClientBuilder.syncClientConfiguration(SdkDefaultClientBuilder.java:204)
	at DefaultS3ClientBuilder.buildClient(DefaultS3ClientBuilder.java:37)
	at DefaultS3ClientBuilder.buildClient(DefaultS3ClientBuilder.java:26)
	at SdkDefaultClientBuilder.build(SdkDefaultClientBuilder.java:171)
	at S3FileSystemLoader.lambda$s3ClientFactory$0(S3FileSystemLoader.java:211)
	at S3FileSystemLoader.s3PreSigner(S3FileSystemLoader.java:228)
	at S3FileSystemLoader.<init>(S3FileSystemLoader.java:92)
	at S3FileSystemLoader.<init>(S3FileSystemLoader.java:79)
	at S3FileSystemFactory.<init>(S3FileSystemFactory.java:39)
	at S3FileSystemFactory$$FastClassByGuice$$3577f71.GUICE$TRAMPOLINE(<generated>)
	at S3FileSystemFactory$$FastClassByGuice$$3577f71.apply(<generated>)
	at DefaultConstructionProxyFactory$FastClassProxy.newInstance(DefaultConstructionProxyFactory.java:82)
	at ConstructorInjector.provision(ConstructorInjector.java:114)
	at ConstructorInjector.access$000(ConstructorInjector.java:33)
	at ConstructorInjector$1.call(ConstructorInjector.java:98)
	at ProvisionListenerStackCallback$Provision.provision(ProvisionListenerStackCallback.java:109)
	at LifeCycleModule.provision(LifeCycleModule.java:70)
	at ProvisionListenerStackCallback$Provision.provision(ProvisionListenerStackCallback.java:117)
	at ProvisionListenerStackCallback.provision(ProvisionListenerStackCallback.java:66)
	at ConstructorInjector.construct(ConstructorInjector.java:93)
	at ConstructorBindingImpl$Factory.get(ConstructorBindingImpl.java:300)
	at FactoryProxy.get(FactoryProxy.java:60)
	at ProviderToInternalFactoryAdapter.get(ProviderToInternalFactoryAdapter.java:40)
	at SingletonScope$1.get(SingletonScope.java:169)
	at InternalFactoryToProviderAdapter.get(InternalFactoryToProviderAdapter.java:45)
	at FactoryProxy.get(FactoryProxy.java:60)
	at InternalInjectorCreator.loadEagerSingletons(InternalInjectorCreator.java:213)
	at InternalInjectorCreator.injectDynamically(InternalInjectorCreator.java:186)
	at InternalInjectorCreator.build(InternalInjectorCreator.java:113)
	at Guice.createInjector(Guice.java:87)
	at Bootstrap.initialize(Bootstrap.java:366)
	at IcebergConnectorFactory.createConnector(IcebergConnectorFactory.java:88)
	at IcebergConnectorFactory.create(IcebergConnectorFactory.java:56)
	at DefaultCatalogFactory.createConnector(DefaultCatalogFactory.java:199)
	at DefaultCatalogFactory.createCatalog(DefaultCatalogFactory.java:124)
	at LazyCatalogFactory.createCatalog(LazyCatalogFactory.java:44)
	at StaticCatalogManager.lambda$loadInitialCatalogs$1(StaticCatalogManager.java:159)
	at java.base/FutureTask.run(FutureTask.java:328)
	at java.base/Executors$RunnableAdapter.call(Executors.java:545)
	at java.base/FutureTask.run(FutureTask.java:328)
	at DirectExecutor.execute(DirectExecutor.java:30)
	at java.base/ExecutorCompletionService.submit(ExecutorCompletionService.java:187)
	at Executors.executeUntilFailure(Executors.java:46)
	at StaticCatalogManager.loadInitialCatalogs(StaticCatalogManager.java:153)
	at Server.doStart(Server.java:140)
	at Server.lambda$start$0(Server.java:79)
	at io.trino.$gen.Trino_479____20260122_182306_1.run(Unknown Source)
	at Server.start(Server.java:79)
	at TrinoServer.main(TrinoServer.java:37)

20) [Guice/ErrorInjectingConstructor]: SdkClientException: Unable to load region from any of the providers in the chain DefaultAwsRegionProviderChain@20055681: [SystemSettingsRegionProvider@87f2a9e: Unable to load region from system settings. Region must be specified either via environment variable (AWS_REGION) or  system property (aws.region)., AwsProfileRegionProvider@72416b53: No region provided in profile: default, InstanceProfileRegionProvider@28be6382: Unable to contact EC2 metadata service.]
  at S3FileSystemFactory.<init>(S3FileSystemFactory.java:38)
  while locating S3FileSystemFactory
  at java.base/DirectMethodHandleAccessor.invoke(DirectMethodHandleAccessor.java:104)
      \_ installed by: IcebergConnectorFactory$IcebergFileSystemModule -> FileSystemModule -> S3FileSystemModule
  while locating TrinoFileSystemFactory annotated with interface FileSystemS3
  while locating TrinoFileSystemFactory annotated with @Element(setName=,uniqueId=58, type=MAPBINDER, keyType=String)
  at FileSystemModule.createFileSystemFactory(FileSystemModule.java:155)
      \_ for 3rd parameter factories
  at FileSystemModule.createFileSystemFactory(FileSystemModule.java:155)
      \_ installed by: IcebergConnectorFactory$IcebergFileSystemModule -> FileSystemModule
  while locating TrinoFileSystemFactory

Learn more:
  https://github.com/google/guice/wiki/ERROR_INJECTING_CONSTRUCTOR
Caused by: SdkClientException: Unable to load region from any of the providers in the chain DefaultAwsRegionProviderChain@20055681: [SystemSettingsRegionProvider@87f2a9e: Unable to load region from system settings. Region must be specified either via environment variable (AWS_REGION) or  system property (aws.region)., AwsProfileRegionProvider@72416b53: No region provided in profile: default, InstanceProfileRegionProvider@28be6382: Unable to contact EC2 metadata service.]
	at SdkClientException$BuilderImpl.build(SdkClientException.java:130)
	at AwsRegionProviderChain.getRegion(AwsRegionProviderChain.java:70)
	at AwsDefaultClientBuilder.resolveRegion(AwsDefaultClientBuilder.java:374)
	at AttributeMap$DerivedValue.primeCache(AttributeMap.java:604)
	at AttributeMap$DerivedValue.get(AttributeMap.java:593)
	at AttributeMap$Builder.resolveValue(AttributeMap.java:400)
	at AttributeMap$Builder.internalGet(AttributeMap.java:389)
	at AttributeMap$Builder.access$1300(AttributeMap.java:201)
	at AttributeMap$Builder$1.get(AttributeMap.java:403)
	at AwsDefaultClientBuilder.resolveSigningRegion(AwsDefaultClientBuilder.java:319)
	at AttributeMap$DerivedValue.primeCache(AttributeMap.java:604)
	at AttributeMap$DerivedValue.get(AttributeMap.java:593)
	at AttributeMap$Builder.resolveValue(AttributeMap.java:400)
	at java.base/ArrayList.forEach(ArrayList.java:1604)
	at AttributeMap$Builder.build(AttributeMap.java:362)
	at SdkClientConfiguration$Builder.build(SdkClientConfiguration.java:224)
	at AwsDefaultClientBuilder.finalizeAwsConfiguration(AwsDefaultClientBuilder.java:201)
	at AwsDefaultClientBuilder.finalizeChildConfiguration(AwsDefaultClientBuilder.java:172)
	at SdkDefaultClientBuilder.syncClientConfiguration(SdkDefaultClientBuilder.java:204)
	at DefaultS3ClientBuilder.buildClient(DefaultS3ClientBuilder.java:37)
	at DefaultS3ClientBuilder.buildClient(DefaultS3ClientBuilder.java:26)
	at SdkDefaultClientBuilder.build(SdkDefaultClientBuilder.java:171)
	at S3FileSystemLoader.lambda$s3ClientFactory$0(S3FileSystemLoader.java:211)
	at S3FileSystemLoader.s3PreSigner(S3FileSystemLoader.java:228)
	at S3FileSystemLoader.<init>(S3FileSystemLoader.java:92)
	at S3FileSystemLoader.<init>(S3FileSystemLoader.java:79)
	at S3FileSystemFactory.<init>(S3FileSystemFactory.java:39)
	at S3FileSystemFactory$$FastClassByGuice$$3577f71.GUICE$TRAMPOLINE(<generated>)
	at S3FileSystemFactory$$FastClassByGuice$$3577f71.apply(<generated>)
	at DefaultConstructionProxyFactory$FastClassProxy.newInstance(DefaultConstructionProxyFactory.java:82)
	at ConstructorInjector.provision(ConstructorInjector.java:114)
	at ConstructorInjector.access$000(ConstructorInjector.java:33)
	at ConstructorInjector$1.call(ConstructorInjector.java:98)
	at ProvisionListenerStackCallback$Provision.provision(ProvisionListenerStackCallback.java:109)
	at LifeCycleModule.provision(LifeCycleModule.java:70)
	at ProvisionListenerStackCallback$Provision.provision(ProvisionListenerStackCallback.java:117)
	at ProvisionListenerStackCallback.provision(ProvisionListenerStackCallback.java:66)
	at ConstructorInjector.construct(ConstructorInjector.java:93)
	at ConstructorBindingImpl$Factory.get(ConstructorBindingImpl.java:300)
	at FactoryProxy.get(FactoryProxy.java:60)
	at ProviderToInternalFactoryAdapter.get(ProviderToInternalFactoryAdapter.java:40)
	at SingletonScope$1.get(SingletonScope.java:169)
	at InternalFactoryToProviderAdapter.get(InternalFactoryToProviderAdapter.java:45)
	at FactoryProxy.get(FactoryProxy.java:60)
	at SingleParameterInjector.inject(SingleParameterInjector.java:40)
	at RealMapBinder$ExtensionRealMapProvider.doProvision(RealMapBinder.java:808)
	at RealMapBinder$ExtensionRealMapProvider.doProvision(RealMapBinder.java:743)
	at InternalProviderInstanceBindingImpl$Factory$1.call(InternalProviderInstanceBindingImpl.java:120)
	at ProvisionListenerStackCallback$Provision.provision(ProvisionListenerStackCallback.java:109)
	at LifeCycleModule.provision(LifeCycleModule.java:70)
	at ProvisionListenerStackCallback$Provision.provision(ProvisionListenerStackCallback.java:117)
	at ProvisionListenerStackCallback.provision(ProvisionListenerStackCallback.java:66)
	at InternalProviderInstanceBindingImpl$Factory.get(InternalProviderInstanceBindingImpl.java:115)
	at SingleParameterInjector.inject(SingleParameterInjector.java:40)
	at SingleParameterInjector.getAll(SingleParameterInjector.java:60)
	at ProviderMethod.doProvision(ProviderMethod.java:171)
	at InternalProviderInstanceBindingImpl$CyclicFactory.provision(InternalProviderInstanceBindingImpl.java:185)
	at InternalProviderInstanceBindingImpl$CyclicFactory.access$300(InternalProviderInstanceBindingImpl.java:139)
	at InternalProviderInstanceBindingImpl$CyclicFactory$1.call(InternalProviderInstanceBindingImpl.java:169)
	at ProvisionListenerStackCallback$Provision.provision(ProvisionListenerStackCallback.java:109)
	at LifeCycleModule.provision(LifeCycleModule.java:70)
	at ProvisionListenerStackCallback$Provision.provision(ProvisionListenerStackCallback.java:117)
	at ProvisionListenerStackCallback.provision(ProvisionListenerStackCallback.java:66)
	at InternalProviderInstanceBindingImpl$CyclicFactory.get(InternalProviderInstanceBindingImpl.java:164)
	at ProviderToInternalFactoryAdapter.get(ProviderToInternalFactoryAdapter.java:40)
	at SingletonScope$1.get(SingletonScope.java:169)
	at InternalFactoryToProviderAdapter.get(InternalFactoryToProviderAdapter.java:45)
	at InternalInjectorCreator.loadEagerSingletons(InternalInjectorCreator.java:213)
	at InternalInjectorCreator.injectDynamically(InternalInjectorCreator.java:186)
	at InternalInjectorCreator.build(InternalInjectorCreator.java:113)
	at Guice.createInjector(Guice.java:87)
	at Bootstrap.initialize(Bootstrap.java:366)
	at IcebergConnectorFactory.createConnector(IcebergConnectorFactory.java:88)
	at IcebergConnectorFactory.create(IcebergConnectorFactory.java:56)
	at DefaultCatalogFactory.createConnector(DefaultCatalogFactory.java:199)
	at DefaultCatalogFactory.createCatalog(DefaultCatalogFactory.java:124)
	at LazyCatalogFactory.createCatalog(LazyCatalogFactory.java:44)
	at StaticCatalogManager.lambda$loadInitialCatalogs$1(StaticCatalogManager.java:159)
	at java.base/FutureTask.run(FutureTask.java:328)
	at java.base/Executors$RunnableAdapter.call(Executors.java:545)
	at java.base/FutureTask.run(FutureTask.java:328)
	at DirectExecutor.execute(DirectExecutor.java:30)
	at java.base/ExecutorCompletionService.submit(ExecutorCompletionService.java:187)
	at Executors.executeUntilFailure(Executors.java:46)
	at StaticCatalogManager.loadInitialCatalogs(StaticCatalogManager.java:153)
	at Server.doStart(Server.java:140)
	at Server.lambda$start$0(Server.java:79)
	at io.trino.$gen.Trino_479____20260122_182306_1.run(Unknown Source)
	at Server.start(Server.java:79)
	at TrinoServer.main(TrinoServer.java:37)

21) [Guice/ErrorInjectingConstructor]: SdkClientException: Unable to load region from any of the providers in the chain DefaultAwsRegionProviderChain@14a26264: [SystemSettingsRegionProvider@31607a22: Unable to load region from system settings. Region must be specified either via environment variable (AWS_REGION) or  system property (aws.region)., AwsProfileRegionProvider@391cd9a9: No region provided in profile: default, InstanceProfileRegionProvider@3c591552: Unable to contact EC2 metadata service.]
  at S3FileSystemFactory.<init>(S3FileSystemFactory.java:38)
  while locating S3FileSystemFactory
  at java.base/DirectMethodHandleAccessor.invoke(DirectMethodHandleAccessor.java:104)
      \_ installed by: IcebergConnectorFactory$IcebergFileSystemModule -> FileSystemModule -> S3FileSystemModule
  while locating TrinoFileSystemFactory annotated with interface FileSystemS3
  while locating TrinoFileSystemFactory annotated with @Element(setName=,uniqueId=58, type=MAPBINDER, keyType=String)
  at FileSystemModule.createFileSystemFactory(FileSystemModule.java:155)
      \_ for 3rd parameter factories
  at FileSystemModule.createFileSystemFactory(FileSystemModule.java:155)
      \_ installed by: IcebergConnectorFactory$IcebergFileSystemModule -> FileSystemModule
  at IcebergNessieTableOperationsProvider.<init>(IcebergNessieTableOperationsProvider.java:39)
      \_ for 1st parameter fileSystemFactory
  while locating IcebergNessieTableOperationsProvider
  at java.base/DirectMethodHandleAccessor.invoke(DirectMethodHandleAccessor.java:104)
      \_ installed by: IcebergCatalogModule -> ConditionalModule -> IcebergNessieCatalogModule
  while locating IcebergTableOperationsProvider
  at GuiceMBeanExporter.<init>(GuiceMBeanExporter.java:40)
  at MBeanModule.configure(MBeanModule.java:39)
  while locating GuiceMBeanExporter

Learn more:
  https://github.com/google/guice/wiki/ERROR_INJECTING_CONSTRUCTOR
Caused by: SdkClientException: Unable to load region from any of the providers in the chain DefaultAwsRegionProviderChain@14a26264: [SystemSettingsRegionProvider@31607a22: Unable to load region from system settings. Region must be specified either via environment variable (AWS_REGION) or  system property (aws.region)., AwsProfileRegionProvider@391cd9a9: No region provided in profile: default, InstanceProfileRegionProvider@3c591552: Unable to contact EC2 metadata service.]
	at SdkClientException$BuilderImpl.build(SdkClientException.java:130)
	at AwsRegionProviderChain.getRegion(AwsRegionProviderChain.java:70)
	at AwsDefaultClientBuilder.resolveRegion(AwsDefaultClientBuilder.java:374)
	at AttributeMap$DerivedValue.primeCache(AttributeMap.java:604)
	at AttributeMap$DerivedValue.get(AttributeMap.java:593)
	at AttributeMap$Builder.resolveValue(AttributeMap.java:400)
	at AttributeMap$Builder.internalGet(AttributeMap.java:389)
	at AttributeMap$Builder.access$1300(AttributeMap.java:201)
	at AttributeMap$Builder$1.get(AttributeMap.java:403)
	at AwsDefaultClientBuilder.resolveSigningRegion(AwsDefaultClientBuilder.java:319)
	at AttributeMap$DerivedValue.primeCache(AttributeMap.java:604)
	at AttributeMap$DerivedValue.get(AttributeMap.java:593)
	at AttributeMap$Builder.resolveValue(AttributeMap.java:400)
	at java.base/ArrayList.forEach(ArrayList.java:1604)
	at AttributeMap$Builder.build(AttributeMap.java:362)
	at SdkClientConfiguration$Builder.build(SdkClientConfiguration.java:224)
	at AwsDefaultClientBuilder.finalizeAwsConfiguration(AwsDefaultClientBuilder.java:201)
	at AwsDefaultClientBuilder.finalizeChildConfiguration(AwsDefaultClientBuilder.java:172)
	at SdkDefaultClientBuilder.syncClientConfiguration(SdkDefaultClientBuilder.java:204)
	at DefaultS3ClientBuilder.buildClient(DefaultS3ClientBuilder.java:37)
	at DefaultS3ClientBuilder.buildClient(DefaultS3ClientBuilder.java:26)
	at SdkDefaultClientBuilder.build(SdkDefaultClientBuilder.java:171)
	at S3FileSystemLoader.lambda$s3ClientFactory$0(S3FileSystemLoader.java:211)
	at S3FileSystemLoader.s3PreSigner(S3FileSystemLoader.java:228)
	at S3FileSystemLoader.<init>(S3FileSystemLoader.java:92)
	at S3FileSystemLoader.<init>(S3FileSystemLoader.java:79)
	at S3FileSystemFactory.<init>(S3FileSystemFactory.java:39)
	at S3FileSystemFactory$$FastClassByGuice$$3577f71.GUICE$TRAMPOLINE(<generated>)
	at S3FileSystemFactory$$FastClassByGuice$$3577f71.apply(<generated>)
	at DefaultConstructionProxyFactory$FastClassProxy.newInstance(DefaultConstructionProxyFactory.java:82)
	at ConstructorInjector.provision(ConstructorInjector.java:114)
	at ConstructorInjector.access$000(ConstructorInjector.java:33)
	at ConstructorInjector$1.call(ConstructorInjector.java:98)
	at ProvisionListenerStackCallback$Provision.provision(ProvisionListenerStackCallback.java:109)
	at LifeCycleModule.provision(LifeCycleModule.java:70)
	at ProvisionListenerStackCallback$Provision.provision(ProvisionListenerStackCallback.java:117)
	at ProvisionListenerStackCallback.provision(ProvisionListenerStackCallback.java:66)
	at ConstructorInjector.construct(ConstructorInjector.java:93)
	at ConstructorBindingImpl$Factory.get(ConstructorBindingImpl.java:300)
	at FactoryProxy.get(FactoryProxy.java:60)
	at ProviderToInternalFactoryAdapter.get(ProviderToInternalFactoryAdapter.java:40)
	at SingletonScope$1.get(SingletonScope.java:169)
	at InternalFactoryToProviderAdapter.get(InternalFactoryToProviderAdapter.java:45)
	at FactoryProxy.get(FactoryProxy.java:60)
	at SingleParameterInjector.inject(SingleParameterInjector.java:40)
	at RealMapBinder$ExtensionRealMapProvider.doProvision(RealMapBinder.java:808)
	at RealMapBinder$ExtensionRealMapProvider.doProvision(RealMapBinder.java:743)
	at InternalProviderInstanceBindingImpl$Factory$1.call(InternalProviderInstanceBindingImpl.java:120)
	at ProvisionListenerStackCallback$Provision.provision(ProvisionListenerStackCallback.java:109)
	at LifeCycleModule.provision(LifeCycleModule.java:70)
	at ProvisionListenerStackCallback$Provision.provision(ProvisionListenerStackCallback.java:117)
	at ProvisionListenerStackCallback.provision(ProvisionListenerStackCallback.java:66)
	at InternalProviderInstanceBindingImpl$Factory.get(InternalProviderInstanceBindingImpl.java:115)
	at SingleParameterInjector.inject(SingleParameterInjector.java:40)
	at SingleParameterInjector.getAll(SingleParameterInjector.java:60)
	at ProviderMethod.doProvision(ProviderMethod.java:171)
	at InternalProviderInstanceBindingImpl$CyclicFactory.provision(InternalProviderInstanceBindingImpl.java:185)
	at InternalProviderInstanceBindingImpl$CyclicFactory.access$300(InternalProviderInstanceBindingImpl.java:139)
	at InternalProviderInstanceBindingImpl$CyclicFactory$1.call(InternalProviderInstanceBindingImpl.java:169)
	at ProvisionListenerStackCallback$Provision.provision(ProvisionListenerStackCallback.java:109)
	at LifeCycleModule.provision(LifeCycleModule.java:70)
	at ProvisionListenerStackCallback$Provision.provision(ProvisionListenerStackCallback.java:117)
	at ProvisionListenerStackCallback.provision(ProvisionListenerStackCallback.java:66)
	at InternalProviderInstanceBindingImpl$CyclicFactory.get(InternalProviderInstanceBindingImpl.java:164)
	at ProviderToInternalFactoryAdapter.get(ProviderToInternalFactoryAdapter.java:40)
	at SingletonScope$1.get(SingletonScope.java:169)
	at InternalFactoryToProviderAdapter.get(InternalFactoryToProviderAdapter.java:45)
	at SingleParameterInjector.inject(SingleParameterInjector.java:40)
	at SingleParameterInjector.getAll(SingleParameterInjector.java:60)
	at ConstructorInjector.provision(ConstructorInjector.java:113)
	at ConstructorInjector.access$000(ConstructorInjector.java:33)
	at ConstructorInjector$1.call(ConstructorInjector.java:98)
	at ProvisionListenerStackCallback$Provision.provision(ProvisionListenerStackCallback.java:109)
	at LifeCycleModule.provision(LifeCycleModule.java:70)
	at ProvisionListenerStackCallback$Provision.provision(ProvisionListenerStackCallback.java:117)
	at ProvisionListenerStackCallback.provision(ProvisionListenerStackCallback.java:66)
	at ConstructorInjector.construct(ConstructorInjector.java:93)
	at ConstructorBindingImpl$Factory.get(ConstructorBindingImpl.java:300)
	at FactoryProxy.get(FactoryProxy.java:60)
	at ProviderToInternalFactoryAdapter.get(ProviderToInternalFactoryAdapter.java:40)
	at SingletonScope$1.get(SingletonScope.java:169)
	at InternalFactoryToProviderAdapter.get(InternalFactoryToProviderAdapter.java:45)
	at InjectorImpl$1.get(InjectorImpl.java:1148)
	at InjectorImpl.getInstance(InjectorImpl.java:1181)
	at GuiceMBeanExporter.export(GuiceMBeanExporter.java:92)
	at GuiceMBeanExporter.<init>(GuiceMBeanExporter.java:42)
	at GuiceMBeanExporter$$FastClassByGuice$$508125.GUICE$TRAMPOLINE(<generated>)
	at GuiceMBeanExporter$$FastClassByGuice$$508125.apply(<generated>)
	at DefaultConstructionProxyFactory$FastClassProxy.newInstance(DefaultConstructionProxyFactory.java:82)
	at ConstructorInjector.provision(ConstructorInjector.java:114)
	at ConstructorInjector.access$000(ConstructorInjector.java:33)
	at ConstructorInjector$1.call(ConstructorInjector.java:98)
	at ProvisionListenerStackCallback$Provision.provision(ProvisionListenerStackCallback.java:109)
	at LifeCycleModule.provision(LifeCycleModule.java:70)
	at ProvisionListenerStackCallback$Provision.provision(ProvisionListenerStackCallback.java:117)
	at ProvisionListenerStackCallback.provision(ProvisionListenerStackCallback.java:66)
	at ConstructorInjector.construct(ConstructorInjector.java:93)
	at ConstructorBindingImpl$Factory.get(ConstructorBindingImpl.java:300)
	at ProviderToInternalFactoryAdapter.get(ProviderToInternalFactoryAdapter.java:40)
	at SingletonScope$1.get(SingletonScope.java:169)
	at InternalFactoryToProviderAdapter.get(InternalFactoryToProviderAdapter.java:45)
	at InternalInjectorCreator.loadEagerSingletons(InternalInjectorCreator.java:213)
	at InternalInjectorCreator.injectDynamically(InternalInjectorCreator.java:186)
	at InternalInjectorCreator.build(InternalInjectorCreator.java:113)
	at Guice.createInjector(Guice.java:87)
	at Bootstrap.initialize(Bootstrap.java:366)
	at IcebergConnectorFactory.createConnector(IcebergConnectorFactory.java:88)
	at IcebergConnectorFactory.create(IcebergConnectorFactory.java:56)
	at DefaultCatalogFactory.createConnector(DefaultCatalogFactory.java:199)
	at DefaultCatalogFactory.createCatalog(DefaultCatalogFactory.java:124)
	at LazyCatalogFactory.createCatalog(LazyCatalogFactory.java:44)
	at StaticCatalogManager.lambda$loadInitialCatalogs$1(StaticCatalogManager.java:159)
	at java.base/FutureTask.run(FutureTask.java:328)
	at java.base/Executors$RunnableAdapter.call(Executors.java:545)
	at java.base/FutureTask.run(FutureTask.java:328)
	at DirectExecutor.execute(DirectExecutor.java:30)
	at java.base/ExecutorCompletionService.submit(ExecutorCompletionService.java:187)
	at Executors.executeUntilFailure(Executors.java:46)
	at StaticCatalogManager.loadInitialCatalogs(StaticCatalogManager.java:153)
	at Server.doStart(Server.java:140)
	at Server.lambda$start$0(Server.java:79)
	at io.trino.$gen.Trino_479____20260122_182306_1.run(Unknown Source)
	at Server.start(Server.java:79)
	at TrinoServer.main(TrinoServer.java:37)

22) [Guice/ErrorInjectingConstructor]: SdkClientException: Unable to load region from any of the providers in the chain DefaultAwsRegionProviderChain@53df0cd6: [SystemSettingsRegionProvider@2cd28c84: Unable to load region from system settings. Region must be specified either via environment variable (AWS_REGION) or  system property (aws.region)., AwsProfileRegionProvider@53c4b0a9: No region provided in profile: default, InstanceProfileRegionProvider@6bd10b84: Unable to contact EC2 metadata service.]
  at S3FileSystemFactory.<init>(S3FileSystemFactory.java:38)
  while locating S3FileSystemFactory
  at java.base/DirectMethodHandleAccessor.invoke(DirectMethodHandleAccessor.java:104)
      \_ installed by: IcebergConnectorFactory$IcebergFileSystemModule -> FileSystemModule -> S3FileSystemModule
  while locating TrinoFileSystemFactory annotated with interface FileSystemS3
  while locating TrinoFileSystemFactory annotated with @Element(setName=,uniqueId=58, type=MAPBINDER, keyType=String)
  at FileSystemModule.createFileSystemFactory(FileSystemModule.java:155)
      \_ for 3rd parameter factories
  at FileSystemModule.createFileSystemFactory(FileSystemModule.java:155)
      \_ installed by: IcebergConnectorFactory$IcebergFileSystemModule -> FileSystemModule
  at TrinoNessieCatalogFactory.<init>(TrinoNessieCatalogFactory.java:52)
      \_ for 3rd parameter fileSystemFactory
  while locating TrinoNessieCatalogFactory
  at java.base/DirectMethodHandleAccessor.invoke(DirectMethodHandleAccessor.java:104)
      \_ installed by: IcebergCatalogModule -> ConditionalModule -> IcebergNessieCatalogModule
  at IcebergMetadataFactory.<init>(IcebergMetadataFactory.java:65)
      \_ for 3rd parameter catalogFactory
  at IcebergModule.configure(IcebergModule.java:104)
  at IcebergTransactionManager.<init>(IcebergTransactionManager.java:39)
      \_ for 1st parameter metadataFactory
  at IcebergModule.configure(IcebergModule.java:75)
  while locating IcebergTransactionManager

Learn more:
  https://github.com/google/guice/wiki/ERROR_INJECTING_CONSTRUCTOR
Caused by: SdkClientException: Unable to load region from any of the providers in the chain DefaultAwsRegionProviderChain@53df0cd6: [SystemSettingsRegionProvider@2cd28c84: Unable to load region from system settings. Region must be specified either via environment variable (AWS_REGION) or  system property (aws.region)., AwsProfileRegionProvider@53c4b0a9: No region provided in profile: default, InstanceProfileRegionProvider@6bd10b84: Unable to contact EC2 metadata service.]
	at SdkClientException$BuilderImpl.build(SdkClientException.java:130)
	at AwsRegionProviderChain.getRegion(AwsRegionProviderChain.java:70)
	at AwsDefaultClientBuilder.resolveRegion(AwsDefaultClientBuilder.java:374)
	at AttributeMap$DerivedValue.primeCache(AttributeMap.java:604)
	at AttributeMap$DerivedValue.get(AttributeMap.java:593)
	at AttributeMap$Builder.resolveValue(AttributeMap.java:400)
	at AttributeMap$Builder.internalGet(AttributeMap.java:389)
	at AttributeMap$Builder.access$1300(AttributeMap.java:201)
	at AttributeMap$Builder$1.get(AttributeMap.java:403)
	at AwsDefaultClientBuilder.resolveSigningRegion(AwsDefaultClientBuilder.java:319)
	at AttributeMap$DerivedValue.primeCache(AttributeMap.java:604)
	at AttributeMap$DerivedValue.get(AttributeMap.java:593)
	at AttributeMap$Builder.resolveValue(AttributeMap.java:400)
	at java.base/ArrayList.forEach(ArrayList.java:1604)
	at AttributeMap$Builder.build(AttributeMap.java:362)
	at SdkClientConfiguration$Builder.build(SdkClientConfiguration.java:224)
	at AwsDefaultClientBuilder.finalizeAwsConfiguration(AwsDefaultClientBuilder.java:201)
	at AwsDefaultClientBuilder.finalizeChildConfiguration(AwsDefaultClientBuilder.java:172)
	at SdkDefaultClientBuilder.syncClientConfiguration(SdkDefaultClientBuilder.java:204)
	at DefaultS3ClientBuilder.buildClient(DefaultS3ClientBuilder.java:37)
	at DefaultS3ClientBuilder.buildClient(DefaultS3ClientBuilder.java:26)
	at SdkDefaultClientBuilder.build(SdkDefaultClientBuilder.java:171)
	at S3FileSystemLoader.lambda$s3ClientFactory$0(S3FileSystemLoader.java:211)
	at S3FileSystemLoader.s3PreSigner(S3FileSystemLoader.java:228)
	at S3FileSystemLoader.<init>(S3FileSystemLoader.java:92)
	at S3FileSystemLoader.<init>(S3FileSystemLoader.java:79)
	at S3FileSystemFactory.<init>(S3FileSystemFactory.java:39)
	at S3FileSystemFactory$$FastClassByGuice$$3577f71.GUICE$TRAMPOLINE(<generated>)
	at S3FileSystemFactory$$FastClassByGuice$$3577f71.apply(<generated>)
	at DefaultConstructionProxyFactory$FastClassProxy.newInstance(DefaultConstructionProxyFactory.java:82)
	at ConstructorInjector.provision(ConstructorInjector.java:114)
	at ConstructorInjector.access$000(ConstructorInjector.java:33)
	at ConstructorInjector$1.call(ConstructorInjector.java:98)
	at ProvisionListenerStackCallback$Provision.provision(ProvisionListenerStackCallback.java:109)
	at LifeCycleModule.provision(LifeCycleModule.java:70)
	at ProvisionListenerStackCallback$Provision.provision(ProvisionListenerStackCallback.java:117)
	at ProvisionListenerStackCallback.provision(ProvisionListenerStackCallback.java:66)
	at ConstructorInjector.construct(ConstructorInjector.java:93)
	at ConstructorBindingImpl$Factory.get(ConstructorBindingImpl.java:300)
	at FactoryProxy.get(FactoryProxy.java:60)
	at ProviderToInternalFactoryAdapter.get(ProviderToInternalFactoryAdapter.java:40)
	at SingletonScope$1.get(SingletonScope.java:169)
	at InternalFactoryToProviderAdapter.get(InternalFactoryToProviderAdapter.java:45)
	at FactoryProxy.get(FactoryProxy.java:60)
	at SingleParameterInjector.inject(SingleParameterInjector.java:40)
	at RealMapBinder$ExtensionRealMapProvider.doProvision(RealMapBinder.java:808)
	at RealMapBinder$ExtensionRealMapProvider.doProvision(RealMapBinder.java:743)
	at InternalProviderInstanceBindingImpl$Factory$1.call(InternalProviderInstanceBindingImpl.java:120)
	at ProvisionListenerStackCallback$Provision.provision(ProvisionListenerStackCallback.java:109)
	at LifeCycleModule.provision(LifeCycleModule.java:70)
	at ProvisionListenerStackCallback$Provision.provision(ProvisionListenerStackCallback.java:117)
	at ProvisionListenerStackCallback.provision(ProvisionListenerStackCallback.java:66)
	at InternalProviderInstanceBindingImpl$Factory.get(InternalProviderInstanceBindingImpl.java:115)
	at SingleParameterInjector.inject(SingleParameterInjector.java:40)
	at SingleParameterInjector.getAll(SingleParameterInjector.java:60)
	at ProviderMethod.doProvision(ProviderMethod.java:171)
	at InternalProviderInstanceBindingImpl$CyclicFactory.provision(InternalProviderInstanceBindingImpl.java:185)
	at InternalProviderInstanceBindingImpl$CyclicFactory.access$300(InternalProviderInstanceBindingImpl.java:139)
	at InternalProviderInstanceBindingImpl$CyclicFactory$1.call(InternalProviderInstanceBindingImpl.java:169)
	at ProvisionListenerStackCallback$Provision.provision(ProvisionListenerStackCallback.java:109)
	at LifeCycleModule.provision(LifeCycleModule.java:70)
	at ProvisionListenerStackCallback$Provision.provision(ProvisionListenerStackCallback.java:117)
	at ProvisionListenerStackCallback.provision(ProvisionListenerStackCallback.java:66)
	at InternalProviderInstanceBindingImpl$CyclicFactory.get(InternalProviderInstanceBindingImpl.java:164)
	at ProviderToInternalFactoryAdapter.get(ProviderToInternalFactoryAdapter.java:40)
	at SingletonScope$1.get(SingletonScope.java:169)
	at InternalFactoryToProviderAdapter.get(InternalFactoryToProviderAdapter.java:45)
	at SingleParameterInjector.inject(SingleParameterInjector.java:40)
	at SingleParameterInjector.getAll(SingleParameterInjector.java:60)
	at ConstructorInjector.provision(ConstructorInjector.java:113)
	at ConstructorInjector.access$000(ConstructorInjector.java:33)
	at ConstructorInjector$1.call(ConstructorInjector.java:98)
	at ProvisionListenerStackCallback$Provision.provision(ProvisionListenerStackCallback.java:109)
	at LifeCycleModule.provision(LifeCycleModule.java:70)
	at ProvisionListenerStackCallback$Provision.provision(ProvisionListenerStackCallback.java:117)
	at ProvisionListenerStackCallback.provision(ProvisionListenerStackCallback.java:66)
	at ConstructorInjector.construct(ConstructorInjector.java:93)
	at ConstructorBindingImpl$Factory.get(ConstructorBindingImpl.java:300)
	at FactoryProxy.get(FactoryProxy.java:60)
	at ProviderToInternalFactoryAdapter.get(ProviderToInternalFactoryAdapter.java:40)
	at SingletonScope$1.get(SingletonScope.java:169)
	at InternalFactoryToProviderAdapter.get(InternalFactoryToProviderAdapter.java:45)
	at SingleParameterInjector.inject(SingleParameterInjector.java:40)
	at SingleParameterInjector.getAll(SingleParameterInjector.java:60)
	at ConstructorInjector.provision(ConstructorInjector.java:113)
	at ConstructorInjector.access$000(ConstructorInjector.java:33)
	at ConstructorInjector$1.call(ConstructorInjector.java:98)
	at ProvisionListenerStackCallback$Provision.provision(ProvisionListenerStackCallback.java:109)
	at LifeCycleModule.provision(LifeCycleModule.java:70)
	at ProvisionListenerStackCallback$Provision.provision(ProvisionListenerStackCallback.java:117)
	at ProvisionListenerStackCallback.provision(ProvisionListenerStackCallback.java:66)
	at ConstructorInjector.construct(ConstructorInjector.java:93)
	at ConstructorBindingImpl$Factory.get(ConstructorBindingImpl.java:300)
	at ProviderToInternalFactoryAdapter.get(ProviderToInternalFactoryAdapter.java:40)
	at SingletonScope$1.get(SingletonScope.java:169)
	at InternalFactoryToProviderAdapter.get(InternalFactoryToProviderAdapter.java:45)
	at SingleParameterInjector.inject(SingleParameterInjector.java:40)
	at SingleParameterInjector.getAll(SingleParameterInjector.java:60)
	at ConstructorInjector.provision(ConstructorInjector.java:113)
	at ConstructorInjector.access$000(ConstructorInjector.java:33)
	at ConstructorInjector$1.call(ConstructorInjector.java:98)
	at ProvisionListenerStackCallback$Provision.provision(ProvisionListenerStackCallback.java:109)
	at LifeCycleModule.provision(LifeCycleModule.java:70)
	at ProvisionListenerStackCallback$Provision.provision(ProvisionListenerStackCallback.java:117)
	at ProvisionListenerStackCallback.provision(ProvisionListenerStackCallback.java:66)
	at ConstructorInjector.construct(ConstructorInjector.java:93)
	at ConstructorBindingImpl$Factory.get(ConstructorBindingImpl.java:300)
	at ProviderToInternalFactoryAdapter.get(ProviderToInternalFactoryAdapter.java:40)
	at SingletonScope$1.get(SingletonScope.java:169)
	at InternalFactoryToProviderAdapter.get(InternalFactoryToProviderAdapter.java:45)
	at InternalInjectorCreator.loadEagerSingletons(InternalInjectorCreator.java:213)
	at InternalInjectorCreator.injectDynamically(InternalInjectorCreator.java:186)
	at InternalInjectorCreator.build(InternalInjectorCreator.java:113)
	at Guice.createInjector(Guice.java:87)
	at Bootstrap.initialize(Bootstrap.java:366)
	at IcebergConnectorFactory.createConnector(IcebergConnectorFactory.java:88)
	at IcebergConnectorFactory.create(IcebergConnectorFactory.java:56)
	at DefaultCatalogFactory.createConnector(DefaultCatalogFactory.java:199)
	at DefaultCatalogFactory.createCatalog(DefaultCatalogFactory.java:124)
	at LazyCatalogFactory.createCatalog(LazyCatalogFactory.java:44)
	at StaticCatalogManager.lambda$loadInitialCatalogs$1(StaticCatalogManager.java:159)
	at java.base/FutureTask.run(FutureTask.java:328)
	at java.base/Executors$RunnableAdapter.call(Executors.java:545)
	at java.base/FutureTask.run(FutureTask.java:328)
	at DirectExecutor.execute(DirectExecutor.java:30)
	at java.base/ExecutorCompletionService.submit(ExecutorCompletionService.java:187)
	at Executors.executeUntilFailure(Executors.java:46)
	at StaticCatalogManager.loadInitialCatalogs(StaticCatalogManager.java:153)
	at Server.doStart(Server.java:140)
	at Server.lambda$start$0(Server.java:79)
	at io.trino.$gen.Trino_479____20260122_182306_1.run(Unknown Source)
	at Server.start(Server.java:79)
	at TrinoServer.main(TrinoServer.java:37)

23) [Guice/ErrorInjectingConstructor]: SdkClientException: Unable to load region from any of the providers in the chain DefaultAwsRegionProviderChain@34bc32be: [SystemSettingsRegionProvider@1fee26e7: Unable to load region from system settings. Region must be specified either via environment variable (AWS_REGION) or  system property (aws.region)., AwsProfileRegionProvider@5c2475de: No region provided in profile: default, InstanceProfileRegionProvider@8070dd9: Unable to contact EC2 metadata service.]
  at S3FileSystemFactory.<init>(S3FileSystemFactory.java:38)
  while locating S3FileSystemFactory
  at java.base/DirectMethodHandleAccessor.invoke(DirectMethodHandleAccessor.java:104)
      \_ installed by: IcebergConnectorFactory$IcebergFileSystemModule -> FileSystemModule -> S3FileSystemModule
  while locating TrinoFileSystemFactory annotated with interface FileSystemS3
  while locating TrinoFileSystemFactory annotated with @Element(setName=,uniqueId=58, type=MAPBINDER, keyType=String)
  at FileSystemModule.createFileSystemFactory(FileSystemModule.java:155)
      \_ for 3rd parameter factories
  at FileSystemModule.createFileSystemFactory(FileSystemModule.java:155)
      \_ installed by: IcebergConnectorFactory$IcebergFileSystemModule -> FileSystemModule
  at DefaultIcebergFileSystemFactory.<init>(DefaultIcebergFileSystemFactory.java:32)
      \_ for 1st parameter fileSystemFactory
  while locating DefaultIcebergFileSystemFactory
  at IcebergModule.configure(IcebergModule.java:141)
  while locating IcebergFileSystemFactory annotated with @RealOptionalBinder$Default
  at IcebergPageSourceProviderFactory.<init>(IcebergPageSourceProviderFactory.java:47)
      \_ for 1st parameter fileSystemFactory
  at IcebergModule.configure(IcebergModule.java:88)
  while locating IcebergPageSourceProviderFactory

Learn more:
  https://github.com/google/guice/wiki/ERROR_INJECTING_CONSTRUCTOR
Caused by: SdkClientException: Unable to load region from any of the providers in the chain DefaultAwsRegionProviderChain@34bc32be: [SystemSettingsRegionProvider@1fee26e7: Unable to load region from system settings. Region must be specified either via environment variable (AWS_REGION) or  system property (aws.region)., AwsProfileRegionProvider@5c2475de: No region provided in profile: default, InstanceProfileRegionProvider@8070dd9: Unable to contact EC2 metadata service.]
	at SdkClientException$BuilderImpl.build(SdkClientException.java:130)
	at AwsRegionProviderChain.getRegion(AwsRegionProviderChain.java:70)
	at AwsDefaultClientBuilder.resolveRegion(AwsDefaultClientBuilder.java:374)
	at AttributeMap$DerivedValue.primeCache(AttributeMap.java:604)
	at AttributeMap$DerivedValue.get(AttributeMap.java:593)
	at AttributeMap$Builder.resolveValue(AttributeMap.java:400)
	at AttributeMap$Builder.internalGet(AttributeMap.java:389)
	at AttributeMap$Builder.access$1300(AttributeMap.java:201)
	at AttributeMap$Builder$1.get(AttributeMap.java:403)
	at AwsDefaultClientBuilder.resolveSigningRegion(AwsDefaultClientBuilder.java:319)
	at AttributeMap$DerivedValue.primeCache(AttributeMap.java:604)
	at AttributeMap$DerivedValue.get(AttributeMap.java:593)
	at AttributeMap$Builder.resolveValue(AttributeMap.java:400)
	at java.base/ArrayList.forEach(ArrayList.java:1604)
	at AttributeMap$Builder.build(AttributeMap.java:362)
	at SdkClientConfiguration$Builder.build(SdkClientConfiguration.java:224)
	at AwsDefaultClientBuilder.finalizeAwsConfiguration(AwsDefaultClientBuilder.java:201)
	at AwsDefaultClientBuilder.finalizeChildConfiguration(AwsDefaultClientBuilder.java:172)
	at SdkDefaultClientBuilder.syncClientConfiguration(SdkDefaultClientBuilder.java:204)
	at DefaultS3ClientBuilder.buildClient(DefaultS3ClientBuilder.java:37)
	at DefaultS3ClientBuilder.buildClient(DefaultS3ClientBuilder.java:26)
	at SdkDefaultClientBuilder.build(SdkDefaultClientBuilder.java:171)
	at S3FileSystemLoader.lambda$s3ClientFactory$0(S3FileSystemLoader.java:211)
	at S3FileSystemLoader.s3PreSigner(S3FileSystemLoader.java:228)
	at S3FileSystemLoader.<init>(S3FileSystemLoader.java:92)
	at S3FileSystemLoader.<init>(S3FileSystemLoader.java:79)
	at S3FileSystemFactory.<init>(S3FileSystemFactory.java:39)
	at S3FileSystemFactory$$FastClassByGuice$$3577f71.GUICE$TRAMPOLINE(<generated>)
	at S3FileSystemFactory$$FastClassByGuice$$3577f71.apply(<generated>)
	at DefaultConstructionProxyFactory$FastClassProxy.newInstance(DefaultConstructionProxyFactory.java:82)
	at ConstructorInjector.provision(ConstructorInjector.java:114)
	at ConstructorInjector.access$000(ConstructorInjector.java:33)
	at ConstructorInjector$1.call(ConstructorInjector.java:98)
	at ProvisionListenerStackCallback$Provision.provision(ProvisionListenerStackCallback.java:109)
	at LifeCycleModule.provision(LifeCycleModule.java:70)
	at ProvisionListenerStackCallback$Provision.provision(ProvisionListenerStackCallback.java:117)
	at ProvisionListenerStackCallback.provision(ProvisionListenerStackCallback.java:66)
	at ConstructorInjector.construct(ConstructorInjector.java:93)
	at ConstructorBindingImpl$Factory.get(ConstructorBindingImpl.java:300)
	at FactoryProxy.get(FactoryProxy.java:60)
	at ProviderToInternalFactoryAdapter.get(ProviderToInternalFactoryAdapter.java:40)
	at SingletonScope$1.get(SingletonScope.java:169)
	at InternalFactoryToProviderAdapter.get(InternalFactoryToProviderAdapter.java:45)
	at FactoryProxy.get(FactoryProxy.java:60)
	at SingleParameterInjector.inject(SingleParameterInjector.java:40)
	at RealMapBinder$ExtensionRealMapProvider.doProvision(RealMapBinder.java:808)
	at RealMapBinder$ExtensionRealMapProvider.doProvision(RealMapBinder.java:743)
	at InternalProviderInstanceBindingImpl$Factory$1.call(InternalProviderInstanceBindingImpl.java:120)
	at ProvisionListenerStackCallback$Provision.provision(ProvisionListenerStackCallback.java:109)
	at LifeCycleModule.provision(LifeCycleModule.java:70)
	at ProvisionListenerStackCallback$Provision.provision(ProvisionListenerStackCallback.java:117)
	at ProvisionListenerStackCallback.provision(ProvisionListenerStackCallback.java:66)
	at InternalProviderInstanceBindingImpl$Factory.get(InternalProviderInstanceBindingImpl.java:115)
	at SingleParameterInjector.inject(SingleParameterInjector.java:40)
	at SingleParameterInjector.getAll(SingleParameterInjector.java:60)
	at ProviderMethod.doProvision(ProviderMethod.java:171)
	at InternalProviderInstanceBindingImpl$CyclicFactory.provision(InternalProviderInstanceBindingImpl.java:185)
	at InternalProviderInstanceBindingImpl$CyclicFactory.access$300(InternalProviderInstanceBindingImpl.java:139)
	at InternalProviderInstanceBindingImpl$CyclicFactory$1.call(InternalProviderInstanceBindingImpl.java:169)
	at ProvisionListenerStackCallback$Provision.provision(ProvisionListenerStackCallback.java:109)
	at LifeCycleModule.provision(LifeCycleModule.java:70)
	at ProvisionListenerStackCallback$Provision.provision(ProvisionListenerStackCallback.java:117)
	at ProvisionListenerStackCallback.provision(ProvisionListenerStackCallback.java:66)
	at InternalProviderInstanceBindingImpl$CyclicFactory.get(InternalProviderInstanceBindingImpl.java:164)
	at ProviderToInternalFactoryAdapter.get(ProviderToInternalFactoryAdapter.java:40)
	at SingletonScope$1.get(SingletonScope.java:169)
	at InternalFactoryToProviderAdapter.get(InternalFactoryToProviderAdapter.java:45)
	at SingleParameterInjector.inject(SingleParameterInjector.java:40)
	at SingleParameterInjector.getAll(SingleParameterInjector.java:60)
	at ConstructorInjector.provision(ConstructorInjector.java:113)
	at ConstructorInjector.access$000(ConstructorInjector.java:33)
	at ConstructorInjector$1.call(ConstructorInjector.java:98)
	at ProvisionListenerStackCallback$Provision.provision(ProvisionListenerStackCallback.java:109)
	at LifeCycleModule.provision(LifeCycleModule.java:70)
	at ProvisionListenerStackCallback$Provision.provision(ProvisionListenerStackCallback.java:117)
	at ProvisionListenerStackCallback.provision(ProvisionListenerStackCallback.java:66)
	at ConstructorInjector.construct(ConstructorInjector.java:93)
	at ConstructorBindingImpl$Factory.get(ConstructorBindingImpl.java:300)
	at FactoryProxy.get(FactoryProxy.java:60)
	at ProviderToInternalFactoryAdapter.get(ProviderToInternalFactoryAdapter.java:40)
	at SingletonScope$1.get(SingletonScope.java:169)
	at InternalFactoryToProviderAdapter.get(InternalFactoryToProviderAdapter.java:45)
	at RealOptionalBinder$RealDirectTypeProvider.doProvision(RealOptionalBinder.java:376)
	at InternalProviderInstanceBindingImpl$Factory$1.call(InternalProviderInstanceBindingImpl.java:120)
	at ProvisionListenerStackCallback$Provision.provision(ProvisionListenerStackCallback.java:109)
	at LifeCycleModule.provision(LifeCycleModule.java:70)
	at ProvisionListenerStackCallback$Provision.provision(ProvisionListenerStackCallback.java:117)
	at ProvisionListenerStackCallback.provision(ProvisionListenerStackCallback.java:66)
	at InternalProviderInstanceBindingImpl$Factory.get(InternalProviderInstanceBindingImpl.java:115)
	at SingleParameterInjector.inject(SingleParameterInjector.java:40)
	at SingleParameterInjector.getAll(SingleParameterInjector.java:60)
	at ConstructorInjector.provision(ConstructorInjector.java:113)
	at ConstructorInjector.access$000(ConstructorInjector.java:33)
	at ConstructorInjector$1.call(ConstructorInjector.java:98)
	at ProvisionListenerStackCallback$Provision.provision(ProvisionListenerStackCallback.java:109)
	at LifeCycleModule.provision(LifeCycleModule.java:70)
	at ProvisionListenerStackCallback$Provision.provision(ProvisionListenerStackCallback.java:117)
	at ProvisionListenerStackCallback.provision(ProvisionListenerStackCallback.java:66)
	at ConstructorInjector.construct(ConstructorInjector.java:93)
	at ConstructorBindingImpl$Factory.get(ConstructorBindingImpl.java:300)
	at ProviderToInternalFactoryAdapter.get(ProviderToInternalFactoryAdapter.java:40)
	at SingletonScope$1.get(SingletonScope.java:169)
	at InternalFactoryToProviderAdapter.get(InternalFactoryToProviderAdapter.java:45)
	at InternalInjectorCreator.loadEagerSingletons(InternalInjectorCreator.java:213)
	at InternalInjectorCreator.injectDynamically(InternalInjectorCreator.java:186)
	at InternalInjectorCreator.build(InternalInjectorCreator.java:113)
	at Guice.createInjector(Guice.java:87)
	at Bootstrap.initialize(Bootstrap.java:366)
	at IcebergConnectorFactory.createConnector(IcebergConnectorFactory.java:88)
	at IcebergConnectorFactory.create(IcebergConnectorFactory.java:56)
	at DefaultCatalogFactory.createConnector(DefaultCatalogFactory.java:199)
	at DefaultCatalogFactory.createCatalog(DefaultCatalogFactory.java:124)
	at LazyCatalogFactory.createCatalog(LazyCatalogFactory.java:44)
	at StaticCatalogManager.lambda$loadInitialCatalogs$1(StaticCatalogManager.java:159)
	at java.base/FutureTask.run(FutureTask.java:328)
	at java.base/Executors$RunnableAdapter.call(Executors.java:545)
	at java.base/FutureTask.run(FutureTask.java:328)
	at DirectExecutor.execute(DirectExecutor.java:30)
	at java.base/ExecutorCompletionService.submit(ExecutorCompletionService.java:187)
	at Executors.executeUntilFailure(Executors.java:46)
	at StaticCatalogManager.loadInitialCatalogs(StaticCatalogManager.java:153)
	at Server.doStart(Server.java:140)
	at Server.lambda$start$0(Server.java:79)
	at io.trino.$gen.Trino_479____20260122_182306_1.run(Unknown Source)
	at Server.start(Server.java:79)
	at TrinoServer.main(TrinoServer.java:37)

24) [Guice/ErrorInjectingConstructor]: SdkClientException: Unable to load region from any of the providers in the chain DefaultAwsRegionProviderChain@3eba813d: [SystemSettingsRegionProvider@5bcdbb5a: Unable to load region from system settings. Region must be specified either via environment variable (AWS_REGION) or  system property (aws.region)., AwsProfileRegionProvider@1c05de90: No region provided in profile: default, InstanceProfileRegionProvider@3879ed80: Unable to contact EC2 metadata service.]
  at S3FileSystemFactory.<init>(S3FileSystemFactory.java:38)
  while locating S3FileSystemFactory
  at java.base/DirectMethodHandleAccessor.invoke(DirectMethodHandleAccessor.java:104)
      \_ installed by: IcebergConnectorFactory$IcebergFileSystemModule -> FileSystemModule -> S3FileSystemModule
  while locating TrinoFileSystemFactory annotated with interface FileSystemS3
  while locating TrinoFileSystemFactory annotated with @Element(setName=,uniqueId=58, type=MAPBINDER, keyType=String)
  at FileSystemModule.createFileSystemFactory(FileSystemModule.java:155)
      \_ for 3rd parameter factories
  at FileSystemModule.createFileSystemFactory(FileSystemModule.java:155)
      \_ installed by: IcebergConnectorFactory$IcebergFileSystemModule -> FileSystemModule
  at DefaultIcebergFileSystemFactory.<init>(DefaultIcebergFileSystemFactory.java:32)
      \_ for 1st parameter fileSystemFactory
  while locating DefaultIcebergFileSystemFactory
  at IcebergModule.configure(IcebergModule.java:141)
  while locating IcebergFileSystemFactory annotated with @RealOptionalBinder$Default
  at TableStatisticsReader.<init>(TableStatisticsReader.java:98)
      \_ for 3rd parameter fileSystemFactory
  at IcebergModule.configure(IcebergModule.java:102)
  while locating TableStatisticsReader

Learn more:
  https://github.com/google/guice/wiki/ERROR_INJECTING_CONSTRUCTOR
Caused by: SdkClientException: Unable to load region from any of the providers in the chain DefaultAwsRegionProviderChain@3eba813d: [SystemSettingsRegionProvider@5bcdbb5a: Unable to load region from system settings. Region must be specified either via environment variable (AWS_REGION) or  system property (aws.region)., AwsProfileRegionProvider@1c05de90: No region provided in profile: default, InstanceProfileRegionProvider@3879ed80: Unable to contact EC2 metadata service.]
	at SdkClientException$BuilderImpl.build(SdkClientException.java:130)
	at AwsRegionProviderChain.getRegion(AwsRegionProviderChain.java:70)
	at AwsDefaultClientBuilder.resolveRegion(AwsDefaultClientBuilder.java:374)
	at AttributeMap$DerivedValue.primeCache(AttributeMap.java:604)
	at AttributeMap$DerivedValue.get(AttributeMap.java:593)
	at AttributeMap$Builder.resolveValue(AttributeMap.java:400)
	at AttributeMap$Builder.internalGet(AttributeMap.java:389)
	at AttributeMap$Builder.access$1300(AttributeMap.java:201)
	at AttributeMap$Builder$1.get(AttributeMap.java:403)
	at AwsDefaultClientBuilder.resolveSigningRegion(AwsDefaultClientBuilder.java:319)
	at AttributeMap$DerivedValue.primeCache(AttributeMap.java:604)
	at AttributeMap$DerivedValue.get(AttributeMap.java:593)
	at AttributeMap$Builder.resolveValue(AttributeMap.java:400)
	at java.base/ArrayList.forEach(ArrayList.java:1604)
	at AttributeMap$Builder.build(AttributeMap.java:362)
	at SdkClientConfiguration$Builder.build(SdkClientConfiguration.java:224)
	at AwsDefaultClientBuilder.finalizeAwsConfiguration(AwsDefaultClientBuilder.java:201)
	at AwsDefaultClientBuilder.finalizeChildConfiguration(AwsDefaultClientBuilder.java:172)
	at SdkDefaultClientBuilder.syncClientConfiguration(SdkDefaultClientBuilder.java:204)
	at DefaultS3ClientBuilder.buildClient(DefaultS3ClientBuilder.java:37)
	at DefaultS3ClientBuilder.buildClient(DefaultS3ClientBuilder.java:26)
	at SdkDefaultClientBuilder.build(SdkDefaultClientBuilder.java:171)
	at S3FileSystemLoader.lambda$s3ClientFactory$0(S3FileSystemLoader.java:211)
	at S3FileSystemLoader.s3PreSigner(S3FileSystemLoader.java:228)
	at S3FileSystemLoader.<init>(S3FileSystemLoader.java:92)
	at S3FileSystemLoader.<init>(S3FileSystemLoader.java:79)
	at S3FileSystemFactory.<init>(S3FileSystemFactory.java:39)
	at S3FileSystemFactory$$FastClassByGuice$$3577f71.GUICE$TRAMPOLINE(<generated>)
	at S3FileSystemFactory$$FastClassByGuice$$3577f71.apply(<generated>)
	at DefaultConstructionProxyFactory$FastClassProxy.newInstance(DefaultConstructionProxyFactory.java:82)
	at ConstructorInjector.provision(ConstructorInjector.java:114)
	at ConstructorInjector.access$000(ConstructorInjector.java:33)
	at ConstructorInjector$1.call(ConstructorInjector.java:98)
	at ProvisionListenerStackCallback$Provision.provision(ProvisionListenerStackCallback.java:109)
	at LifeCycleModule.provision(LifeCycleModule.java:70)
	at ProvisionListenerStackCallback$Provision.provision(ProvisionListenerStackCallback.java:117)
	at ProvisionListenerStackCallback.provision(ProvisionListenerStackCallback.java:66)
	at ConstructorInjector.construct(ConstructorInjector.java:93)
	at ConstructorBindingImpl$Factory.get(ConstructorBindingImpl.java:300)
	at FactoryProxy.get(FactoryProxy.java:60)
	at ProviderToInternalFactoryAdapter.get(ProviderToInternalFactoryAdapter.java:40)
	at SingletonScope$1.get(SingletonScope.java:169)
	at InternalFactoryToProviderAdapter.get(InternalFactoryToProviderAdapter.java:45)
	at FactoryProxy.get(FactoryProxy.java:60)
	at SingleParameterInjector.inject(SingleParameterInjector.java:40)
	at RealMapBinder$ExtensionRealMapProvider.doProvision(RealMapBinder.java:808)
	at RealMapBinder$ExtensionRealMapProvider.doProvision(RealMapBinder.java:743)
	at InternalProviderInstanceBindingImpl$Factory$1.call(InternalProviderInstanceBindingImpl.java:120)
	at ProvisionListenerStackCallback$Provision.provision(ProvisionListenerStackCallback.java:109)
	at LifeCycleModule.provision(LifeCycleModule.java:70)
	at ProvisionListenerStackCallback$Provision.provision(ProvisionListenerStackCallback.java:117)
	at ProvisionListenerStackCallback.provision(ProvisionListenerStackCallback.java:66)
	at InternalProviderInstanceBindingImpl$Factory.get(InternalProviderInstanceBindingImpl.java:115)
	at SingleParameterInjector.inject(SingleParameterInjector.java:40)
	at SingleParameterInjector.getAll(SingleParameterInjector.java:60)
	at ProviderMethod.doProvision(ProviderMethod.java:171)
	at InternalProviderInstanceBindingImpl$CyclicFactory.provision(InternalProviderInstanceBindingImpl.java:185)
	at InternalProviderInstanceBindingImpl$CyclicFactory.access$300(InternalProviderInstanceBindingImpl.java:139)
	at InternalProviderInstanceBindingImpl$CyclicFactory$1.call(InternalProviderInstanceBindingImpl.java:169)
	at ProvisionListenerStackCallback$Provision.provision(ProvisionListenerStackCallback.java:109)
	at LifeCycleModule.provision(LifeCycleModule.java:70)
	at ProvisionListenerStackCallback$Provision.provision(ProvisionListenerStackCallback.java:117)
	at ProvisionListenerStackCallback.provision(ProvisionListenerStackCallback.java:66)
	at InternalProviderInstanceBindingImpl$CyclicFactory.get(InternalProviderInstanceBindingImpl.java:164)
	at ProviderToInternalFactoryAdapter.get(ProviderToInternalFactoryAdapter.java:40)
	at SingletonScope$1.get(SingletonScope.java:169)
	at InternalFactoryToProviderAdapter.get(InternalFactoryToProviderAdapter.java:45)
	at SingleParameterInjector.inject(SingleParameterInjector.java:40)
	at SingleParameterInjector.getAll(SingleParameterInjector.java:60)
	at ConstructorInjector.provision(ConstructorInjector.java:113)
	at ConstructorInjector.access$000(ConstructorInjector.java:33)
	at ConstructorInjector$1.call(ConstructorInjector.java:98)
	at ProvisionListenerStackCallback$Provision.provision(ProvisionListenerStackCallback.java:109)
	at LifeCycleModule.provision(LifeCycleModule.java:70)
	at ProvisionListenerStackCallback$Provision.provision(ProvisionListenerStackCallback.java:117)
	at ProvisionListenerStackCallback.provision(ProvisionListenerStackCallback.java:66)
	at ConstructorInjector.construct(ConstructorInjector.java:93)
	at ConstructorBindingImpl$Factory.get(ConstructorBindingImpl.java:300)
	at FactoryProxy.get(FactoryProxy.java:60)
	at ProviderToInternalFactoryAdapter.get(ProviderToInternalFactoryAdapter.java:40)
	at SingletonScope$1.get(SingletonScope.java:169)
	at InternalFactoryToProviderAdapter.get(InternalFactoryToProviderAdapter.java:45)
	at RealOptionalBinder$RealDirectTypeProvider.doProvision(RealOptionalBinder.java:376)
	at InternalProviderInstanceBindingImpl$Factory$1.call(InternalProviderInstanceBindingImpl.java:120)
	at ProvisionListenerStackCallback$Provision.provision(ProvisionListenerStackCallback.java:109)
	at LifeCycleModule.provision(LifeCycleModule.java:70)
	at ProvisionListenerStackCallback$Provision.provision(ProvisionListenerStackCallback.java:117)
	at ProvisionListenerStackCallback.provision(ProvisionListenerStackCallback.java:66)
	at InternalProviderInstanceBindingImpl$Factory.get(InternalProviderInstanceBindingImpl.java:115)
	at SingleParameterInjector.inject(SingleParameterInjector.java:40)
	at SingleParameterInjector.getAll(SingleParameterInjector.java:60)
	at ConstructorInjector.provision(ConstructorInjector.java:113)
	at ConstructorInjector.access$000(ConstructorInjector.java:33)
	at ConstructorInjector$1.call(ConstructorInjector.java:98)
	at ProvisionListenerStackCallback$Provision.provision(ProvisionListenerStackCallback.java:109)
	at LifeCycleModule.provision(LifeCycleModule.java:70)
	at ProvisionListenerStackCallback$Provision.provision(ProvisionListenerStackCallback.java:117)
	at ProvisionListenerStackCallback.provision(ProvisionListenerStackCallback.java:66)
	at ConstructorInjector.construct(ConstructorInjector.java:93)
	at ConstructorBindingImpl$Factory.get(ConstructorBindingImpl.java:300)
	at ProviderToInternalFactoryAdapter.get(ProviderToInternalFactoryAdapter.java:40)
	at SingletonScope$1.get(SingletonScope.java:169)
	at InternalFactoryToProviderAdapter.get(InternalFactoryToProviderAdapter.java:45)
	at InternalInjectorCreator.loadEagerSingletons(InternalInjectorCreator.java:213)
	at InternalInjectorCreator.injectDynamically(InternalInjectorCreator.java:186)
	at InternalInjectorCreator.build(InternalInjectorCreator.java:113)
	at Guice.createInjector(Guice.java:87)
	at Bootstrap.initialize(Bootstrap.java:366)
	at IcebergConnectorFactory.createConnector(IcebergConnectorFactory.java:88)
	at IcebergConnectorFactory.create(IcebergConnectorFactory.java:56)
	at DefaultCatalogFactory.createConnector(DefaultCatalogFactory.java:199)
	at DefaultCatalogFactory.createCatalog(DefaultCatalogFactory.java:124)
	at LazyCatalogFactory.createCatalog(LazyCatalogFactory.java:44)
	at StaticCatalogManager.lambda$loadInitialCatalogs$1(StaticCatalogManager.java:159)
	at java.base/FutureTask.run(FutureTask.java:328)
	at java.base/Executors$RunnableAdapter.call(Executors.java:545)
	at java.base/FutureTask.run(FutureTask.java:328)
	at DirectExecutor.execute(DirectExecutor.java:30)
	at java.base/ExecutorCompletionService.submit(ExecutorCompletionService.java:187)
	at Executors.executeUntilFailure(Executors.java:46)
	at StaticCatalogManager.loadInitialCatalogs(StaticCatalogManager.java:153)
	at Server.doStart(Server.java:140)
	at Server.lambda$start$0(Server.java:79)
	at io.trino.$gen.Trino_479____20260122_182306_1.run(Unknown Source)
	at Server.start(Server.java:79)
	at TrinoServer.main(TrinoServer.java:37)

25) [Guice/ErrorInjectingConstructor]: SdkClientException: Unable to load region from any of the providers in the chain DefaultAwsRegionProviderChain@5027e367: [SystemSettingsRegionProvider@20459a8c: Unable to load region from system settings. Region must be specified either via environment variable (AWS_REGION) or  system property (aws.region)., AwsProfileRegionProvider@5adaa8a5: No region provided in profile: default, InstanceProfileRegionProvider@a3ca0b4: Unable to contact EC2 metadata service.]
  at S3FileSystemFactory.<init>(S3FileSystemFactory.java:38)
  while locating S3FileSystemFactory
  at java.base/DirectMethodHandleAccessor.invoke(DirectMethodHandleAccessor.java:104)
      \_ installed by: IcebergConnectorFactory$IcebergFileSystemModule -> FileSystemModule -> S3FileSystemModule
  while locating TrinoFileSystemFactory annotated with interface FileSystemS3
  while locating TrinoFileSystemFactory annotated with @Element(setName=,uniqueId=58, type=MAPBINDER, keyType=String)
  at FileSystemModule.createFileSystemFactory(FileSystemModule.java:155)
      \_ for 3rd parameter factories
  at FileSystemModule.createFileSystemFactory(FileSystemModule.java:155)
      \_ installed by: IcebergConnectorFactory$IcebergFileSystemModule -> FileSystemModule
  at TrinoNessieCatalogFactory.<init>(TrinoNessieCatalogFactory.java:52)
      \_ for 3rd parameter fileSystemFactory
  while locating TrinoNessieCatalogFactory
  at java.base/DirectMethodHandleAccessor.invoke(DirectMethodHandleAccessor.java:104)
      \_ installed by: IcebergCatalogModule -> ConditionalModule -> IcebergNessieCatalogModule
  at IcebergMetadataFactory.<init>(IcebergMetadataFactory.java:65)
      \_ for 3rd parameter catalogFactory
  at IcebergModule.configure(IcebergModule.java:104)
  while locating IcebergMetadataFactory

Learn more:
  https://github.com/google/guice/wiki/ERROR_INJECTING_CONSTRUCTOR
Caused by: SdkClientException: Unable to load region from any of the providers in the chain DefaultAwsRegionProviderChain@5027e367: [SystemSettingsRegionProvider@20459a8c: Unable to load region from system settings. Region must be specified either via environment variable (AWS_REGION) or  system property (aws.region)., AwsProfileRegionProvider@5adaa8a5: No region provided in profile: default, InstanceProfileRegionProvider@a3ca0b4: Unable to contact EC2 metadata service.]
	at SdkClientException$BuilderImpl.build(SdkClientException.java:130)
	at AwsRegionProviderChain.getRegion(AwsRegionProviderChain.java:70)
	at AwsDefaultClientBuilder.resolveRegion(AwsDefaultClientBuilder.java:374)
	at AttributeMap$DerivedValue.primeCache(AttributeMap.java:604)
	at AttributeMap$DerivedValue.get(AttributeMap.java:593)
	at AttributeMap$Builder.resolveValue(AttributeMap.java:400)
	at AttributeMap$Builder.internalGet(AttributeMap.java:389)
	at AttributeMap$Builder.access$1300(AttributeMap.java:201)
	at AttributeMap$Builder$1.get(AttributeMap.java:403)
	at AwsDefaultClientBuilder.resolveSigningRegion(AwsDefaultClientBuilder.java:319)
	at AttributeMap$DerivedValue.primeCache(AttributeMap.java:604)
	at AttributeMap$DerivedValue.get(AttributeMap.java:593)
	at AttributeMap$Builder.resolveValue(AttributeMap.java:400)
	at java.base/ArrayList.forEach(ArrayList.java:1604)
	at AttributeMap$Builder.build(AttributeMap.java:362)
	at SdkClientConfiguration$Builder.build(SdkClientConfiguration.java:224)
	at AwsDefaultClientBuilder.finalizeAwsConfiguration(AwsDefaultClientBuilder.java:201)
	at AwsDefaultClientBuilder.finalizeChildConfiguration(AwsDefaultClientBuilder.java:172)
	at SdkDefaultClientBuilder.syncClientConfiguration(SdkDefaultClientBuilder.java:204)
	at DefaultS3ClientBuilder.buildClient(DefaultS3ClientBuilder.java:37)
	at DefaultS3ClientBuilder.buildClient(DefaultS3ClientBuilder.java:26)
	at SdkDefaultClientBuilder.build(SdkDefaultClientBuilder.java:171)
	at S3FileSystemLoader.lambda$s3ClientFactory$0(S3FileSystemLoader.java:211)
	at S3FileSystemLoader.s3PreSigner(S3FileSystemLoader.java:228)
	at S3FileSystemLoader.<init>(S3FileSystemLoader.java:92)
	at S3FileSystemLoader.<init>(S3FileSystemLoader.java:79)
	at S3FileSystemFactory.<init>(S3FileSystemFactory.java:39)
	at S3FileSystemFactory$$FastClassByGuice$$3577f71.GUICE$TRAMPOLINE(<generated>)
	at S3FileSystemFactory$$FastClassByGuice$$3577f71.apply(<generated>)
	at DefaultConstructionProxyFactory$FastClassProxy.newInstance(DefaultConstructionProxyFactory.java:82)
	at ConstructorInjector.provision(ConstructorInjector.java:114)
	at ConstructorInjector.access$000(ConstructorInjector.java:33)
	at ConstructorInjector$1.call(ConstructorInjector.java:98)
	at ProvisionListenerStackCallback$Provision.provision(ProvisionListenerStackCallback.java:109)
	at LifeCycleModule.provision(LifeCycleModule.java:70)
	at ProvisionListenerStackCallback$Provision.provision(ProvisionListenerStackCallback.java:117)
	at ProvisionListenerStackCallback.provision(ProvisionListenerStackCallback.java:66)
	at ConstructorInjector.construct(ConstructorInjector.java:93)
	at ConstructorBindingImpl$Factory.get(ConstructorBindingImpl.java:300)
	at FactoryProxy.get(FactoryProxy.java:60)
	at ProviderToInternalFactoryAdapter.get(ProviderToInternalFactoryAdapter.java:40)
	at SingletonScope$1.get(SingletonScope.java:169)
	at InternalFactoryToProviderAdapter.get(InternalFactoryToProviderAdapter.java:45)
	at FactoryProxy.get(FactoryProxy.java:60)
	at SingleParameterInjector.inject(SingleParameterInjector.java:40)
	at RealMapBinder$ExtensionRealMapProvider.doProvision(RealMapBinder.java:808)
	at RealMapBinder$ExtensionRealMapProvider.doProvision(RealMapBinder.java:743)
	at InternalProviderInstanceBindingImpl$Factory$1.call(InternalProviderInstanceBindingImpl.java:120)
	at ProvisionListenerStackCallback$Provision.provision(ProvisionListenerStackCallback.java:109)
	at LifeCycleModule.provision(LifeCycleModule.java:70)
	at ProvisionListenerStackCallback$Provision.provision(ProvisionListenerStackCallback.java:117)
	at ProvisionListenerStackCallback.provision(ProvisionListenerStackCallback.java:66)
	at InternalProviderInstanceBindingImpl$Factory.get(InternalProviderInstanceBindingImpl.java:115)
	at SingleParameterInjector.inject(SingleParameterInjector.java:40)
	at SingleParameterInjector.getAll(SingleParameterInjector.java:60)
	at ProviderMethod.doProvision(ProviderMethod.java:171)
	at InternalProviderInstanceBindingImpl$CyclicFactory.provision(InternalProviderInstanceBindingImpl.java:185)
	at InternalProviderInstanceBindingImpl$CyclicFactory.access$300(InternalProviderInstanceBindingImpl.java:139)
	at InternalProviderInstanceBindingImpl$CyclicFactory$1.call(InternalProviderInstanceBindingImpl.java:169)
	at ProvisionListenerStackCallback$Provision.provision(ProvisionListenerStackCallback.java:109)
	at LifeCycleModule.provision(LifeCycleModule.java:70)
	at ProvisionListenerStackCallback$Provision.provision(ProvisionListenerStackCallback.java:117)
	at ProvisionListenerStackCallback.provision(ProvisionListenerStackCallback.java:66)
	at InternalProviderInstanceBindingImpl$CyclicFactory.get(InternalProviderInstanceBindingImpl.java:164)
	at ProviderToInternalFactoryAdapter.get(ProviderToInternalFactoryAdapter.java:40)
	at SingletonScope$1.get(SingletonScope.java:169)
	at InternalFactoryToProviderAdapter.get(InternalFactoryToProviderAdapter.java:45)
	at SingleParameterInjector.inject(SingleParameterInjector.java:40)
	at SingleParameterInjector.getAll(SingleParameterInjector.java:60)
	at ConstructorInjector.provision(ConstructorInjector.java:113)
	at ConstructorInjector.access$000(ConstructorInjector.java:33)
	at ConstructorInjector$1.call(ConstructorInjector.java:98)
	at ProvisionListenerStackCallback$Provision.provision(ProvisionListenerStackCallback.java:109)
	at LifeCycleModule.provision(LifeCycleModule.java:70)
	at ProvisionListenerStackCallback$Provision.provision(ProvisionListenerStackCallback.java:117)
	at ProvisionListenerStackCallback.provision(ProvisionListenerStackCallback.java:66)
	at ConstructorInjector.construct(ConstructorInjector.java:93)
	at ConstructorBindingImpl$Factory.get(ConstructorBindingImpl.java:300)
	at FactoryProxy.get(FactoryProxy.java:60)
	at ProviderToInternalFactoryAdapter.get(ProviderToInternalFactoryAdapter.java:40)
	at SingletonScope$1.get(SingletonScope.java:169)
	at InternalFactoryToProviderAdapter.get(InternalFactoryToProviderAdapter.java:45)
	at SingleParameterInjector.inject(SingleParameterInjector.java:40)
	at SingleParameterInjector.getAll(SingleParameterInjector.java:60)
	at ConstructorInjector.provision(ConstructorInjector.java:113)
	at ConstructorInjector.access$000(ConstructorInjector.java:33)
	at ConstructorInjector$1.call(ConstructorInjector.java:98)
	at ProvisionListenerStackCallback$Provision.provision(ProvisionListenerStackCallback.java:109)
	at LifeCycleModule.provision(LifeCycleModule.java:70)
	at ProvisionListenerStackCallback$Provision.provision(ProvisionListenerStackCallback.java:117)
	at ProvisionListenerStackCallback.provision(ProvisionListenerStackCallback.java:66)
	at ConstructorInjector.construct(ConstructorInjector.java:93)
	at ConstructorBindingImpl$Factory.get(ConstructorBindingImpl.java:300)
	at ProviderToInternalFactoryAdapter.get(ProviderToInternalFactoryAdapter.java:40)
	at SingletonScope$1.get(SingletonScope.java:169)
	at InternalFactoryToProviderAdapter.get(InternalFactoryToProviderAdapter.java:45)
	at InternalInjectorCreator.loadEagerSingletons(InternalInjectorCreator.java:213)
	at InternalInjectorCreator.injectDynamically(InternalInjectorCreator.java:186)
	at InternalInjectorCreator.build(InternalInjectorCreator.java:113)
	at Guice.createInjector(Guice.java:87)
	at Bootstrap.initialize(Bootstrap.java:366)
	at IcebergConnectorFactory.createConnector(IcebergConnectorFactory.java:88)
	at IcebergConnectorFactory.create(IcebergConnectorFactory.java:56)
	at DefaultCatalogFactory.createConnector(DefaultCatalogFactory.java:199)
	at DefaultCatalogFactory.createCatalog(DefaultCatalogFactory.java:124)
	at LazyCatalogFactory.createCatalog(LazyCatalogFactory.java:44)
	at StaticCatalogManager.lambda$loadInitialCatalogs$1(StaticCatalogManager.java:159)
	at java.base/FutureTask.run(FutureTask.java:328)
	at java.base/Executors$RunnableAdapter.call(Executors.java:545)
	at java.base/FutureTask.run(FutureTask.java:328)
	at DirectExecutor.execute(DirectExecutor.java:30)
	at java.base/ExecutorCompletionService.submit(ExecutorCompletionService.java:187)
	at Executors.executeUntilFailure(Executors.java:46)
	at StaticCatalogManager.loadInitialCatalogs(StaticCatalogManager.java:153)
	at Server.doStart(Server.java:140)
	at Server.lambda$start$0(Server.java:79)
	at io.trino.$gen.Trino_479____20260122_182306_1.run(Unknown Source)
	at Server.start(Server.java:79)
	at TrinoServer.main(TrinoServer.java:37)

26) [Guice/ErrorInjectingConstructor]: SdkClientException: Unable to load region from any of the providers in the chain DefaultAwsRegionProviderChain@132d4bae: [SystemSettingsRegionProvider@6d532813: Unable to load region from system settings. Region must be specified either via environment variable (AWS_REGION) or  system property (aws.region)., AwsProfileRegionProvider@4b51cb8f: No region provided in profile: default, InstanceProfileRegionProvider@4cc73927: Unable to contact EC2 metadata service.]
  at S3FileSystemFactory.<init>(S3FileSystemFactory.java:38)
  while locating S3FileSystemFactory
  at java.base/DirectMethodHandleAccessor.invoke(DirectMethodHandleAccessor.java:104)
      \_ installed by: IcebergConnectorFactory$IcebergFileSystemModule -> FileSystemModule -> S3FileSystemModule
  while locating TrinoFileSystemFactory annotated with interface FileSystemS3
  while locating TrinoFileSystemFactory annotated with @Element(setName=,uniqueId=58, type=MAPBINDER, keyType=String)
  at FileSystemModule.createFileSystemFactory(FileSystemModule.java:155)
      \_ for 3rd parameter factories
  at FileSystemModule.createFileSystemFactory(FileSystemModule.java:155)
      \_ installed by: IcebergConnectorFactory$IcebergFileSystemModule -> FileSystemModule
  at DefaultIcebergFileSystemFactory.<init>(DefaultIcebergFileSystemFactory.java:32)
      \_ for 1st parameter fileSystemFactory
  while locating DefaultIcebergFileSystemFactory
  at IcebergModule.configure(IcebergModule.java:141)
  while locating IcebergFileSystemFactory annotated with @RealOptionalBinder$Default
  at IcebergPageSourceProviderFactory.<init>(IcebergPageSourceProviderFactory.java:47)
      \_ for 1st parameter fileSystemFactory
  at IcebergModule.configure(IcebergModule.java:88)
  at TableChangesFunctionProcessorProviderFactory.<init>(TableChangesFunctionProcessorProviderFactory.java:36)
      \_ for 1st parameter icebergPageSourceProviderFactory
  at IcebergModule.configure(IcebergModule.java:134)
  while locating TableChangesFunctionProcessorProviderFactory

Learn more:
  https://github.com/google/guice/wiki/ERROR_INJECTING_CONSTRUCTOR
Caused by: SdkClientException: Unable to load region from any of the providers in the chain DefaultAwsRegionProviderChain@132d4bae: [SystemSettingsRegionProvider@6d532813: Unable to load region from system settings. Region must be specified either via environment variable (AWS_REGION) or  system property (aws.region)., AwsProfileRegionProvider@4b51cb8f: No region provided in profile: default, InstanceProfileRegionProvider@4cc73927: Unable to contact EC2 metadata service.]
	at SdkClientException$BuilderImpl.build(SdkClientException.java:130)
	at AwsRegionProviderChain.getRegion(AwsRegionProviderChain.java:70)
	at AwsDefaultClientBuilder.resolveRegion(AwsDefaultClientBuilder.java:374)
	at AttributeMap$DerivedValue.primeCache(AttributeMap.java:604)
	at AttributeMap$DerivedValue.get(AttributeMap.java:593)
	at AttributeMap$Builder.resolveValue(AttributeMap.java:400)
	at AttributeMap$Builder.internalGet(AttributeMap.java:389)
	at AttributeMap$Builder.access$1300(AttributeMap.java:201)
	at AttributeMap$Builder$1.get(AttributeMap.java:403)
	at AwsDefaultClientBuilder.resolveSigningRegion(AwsDefaultClientBuilder.java:319)
	at AttributeMap$DerivedValue.primeCache(AttributeMap.java:604)
	at AttributeMap$DerivedValue.get(AttributeMap.java:593)
	at AttributeMap$Builder.resolveValue(AttributeMap.java:400)
	at java.base/ArrayList.forEach(ArrayList.java:1604)
	at AttributeMap$Builder.build(AttributeMap.java:362)
	at SdkClientConfiguration$Builder.build(SdkClientConfiguration.java:224)
	at AwsDefaultClientBuilder.finalizeAwsConfiguration(AwsDefaultClientBuilder.java:201)
	at AwsDefaultClientBuilder.finalizeChildConfiguration(AwsDefaultClientBuilder.java:172)
	at SdkDefaultClientBuilder.syncClientConfiguration(SdkDefaultClientBuilder.java:204)
	at DefaultS3ClientBuilder.buildClient(DefaultS3ClientBuilder.java:37)
	at DefaultS3ClientBuilder.buildClient(DefaultS3ClientBuilder.java:26)
	at SdkDefaultClientBuilder.build(SdkDefaultClientBuilder.java:171)
	at S3FileSystemLoader.lambda$s3ClientFactory$0(S3FileSystemLoader.java:211)
	at S3FileSystemLoader.s3PreSigner(S3FileSystemLoader.java:228)
	at S3FileSystemLoader.<init>(S3FileSystemLoader.java:92)
	at S3FileSystemLoader.<init>(S3FileSystemLoader.java:79)
	at S3FileSystemFactory.<init>(S3FileSystemFactory.java:39)
	at S3FileSystemFactory$$FastClassByGuice$$3577f71.GUICE$TRAMPOLINE(<generated>)
	at S3FileSystemFactory$$FastClassByGuice$$3577f71.apply(<generated>)
	at DefaultConstructionProxyFactory$FastClassProxy.newInstance(DefaultConstructionProxyFactory.java:82)
	at ConstructorInjector.provision(ConstructorInjector.java:114)
	at ConstructorInjector.access$000(ConstructorInjector.java:33)
	at ConstructorInjector$1.call(ConstructorInjector.java:98)
	at ProvisionListenerStackCallback$Provision.provision(ProvisionListenerStackCallback.java:109)
	at LifeCycleModule.provision(LifeCycleModule.java:70)
	at ProvisionListenerStackCallback$Provision.provision(ProvisionListenerStackCallback.java:117)
	at ProvisionListenerStackCallback.provision(ProvisionListenerStackCallback.java:66)
	at ConstructorInjector.construct(ConstructorInjector.java:93)
	at ConstructorBindingImpl$Factory.get(ConstructorBindingImpl.java:300)
	at FactoryProxy.get(FactoryProxy.java:60)
	at ProviderToInternalFactoryAdapter.get(ProviderToInternalFactoryAdapter.java:40)
	at SingletonScope$1.get(SingletonScope.java:169)
	at InternalFactoryToProviderAdapter.get(InternalFactoryToProviderAdapter.java:45)
	at FactoryProxy.get(FactoryProxy.java:60)
	at SingleParameterInjector.inject(SingleParameterInjector.java:40)
	at RealMapBinder$ExtensionRealMapProvider.doProvision(RealMapBinder.java:808)
	at RealMapBinder$ExtensionRealMapProvider.doProvision(RealMapBinder.java:743)
	at InternalProviderInstanceBindingImpl$Factory$1.call(InternalProviderInstanceBindingImpl.java:120)
	at ProvisionListenerStackCallback$Provision.provision(ProvisionListenerStackCallback.java:109)
	at LifeCycleModule.provision(LifeCycleModule.java:70)
	at ProvisionListenerStackCallback$Provision.provision(ProvisionListenerStackCallback.java:117)
	at ProvisionListenerStackCallback.provision(ProvisionListenerStackCallback.java:66)
	at InternalProviderInstanceBindingImpl$Factory.get(InternalProviderInstanceBindingImpl.java:115)
	at SingleParameterInjector.inject(SingleParameterInjector.java:40)
	at SingleParameterInjector.getAll(SingleParameterInjector.java:60)
	at ProviderMethod.doProvision(ProviderMethod.java:171)
	at InternalProviderInstanceBindingImpl$CyclicFactory.provision(InternalProviderInstanceBindingImpl.java:185)
	at InternalProviderInstanceBindingImpl$CyclicFactory.access$300(InternalProviderInstanceBindingImpl.java:139)
	at InternalProviderInstanceBindingImpl$CyclicFactory$1.call(InternalProviderInstanceBindingImpl.java:169)
	at ProvisionListenerStackCallback$Provision.provision(ProvisionListenerStackCallback.java:109)
	at LifeCycleModule.provision(LifeCycleModule.java:70)
	at ProvisionListenerStackCallback$Provision.provision(ProvisionListenerStackCallback.java:117)
	at ProvisionListenerStackCallback.provision(ProvisionListenerStackCallback.java:66)
	at InternalProviderInstanceBindingImpl$CyclicFactory.get(InternalProviderInstanceBindingImpl.java:164)
	at ProviderToInternalFactoryAdapter.get(ProviderToInternalFactoryAdapter.java:40)
	at SingletonScope$1.get(SingletonScope.java:169)
	at InternalFactoryToProviderAdapter.get(InternalFactoryToProviderAdapter.java:45)
	at SingleParameterInjector.inject(SingleParameterInjector.java:40)
	at SingleParameterInjector.getAll(SingleParameterInjector.java:60)
	at ConstructorInjector.provision(ConstructorInjector.java:113)
	at ConstructorInjector.access$000(ConstructorInjector.java:33)
	at ConstructorInjector$1.call(ConstructorInjector.java:98)
	at ProvisionListenerStackCallback$Provision.provision(ProvisionListenerStackCallback.java:109)
	at LifeCycleModule.provision(LifeCycleModule.java:70)
	at ProvisionListenerStackCallback$Provision.provision(ProvisionListenerStackCallback.java:117)
	at ProvisionListenerStackCallback.provision(ProvisionListenerStackCallback.java:66)
	at ConstructorInjector.construct(ConstructorInjector.java:93)
	at ConstructorBindingImpl$Factory.get(ConstructorBindingImpl.java:300)
	at FactoryProxy.get(FactoryProxy.java:60)
	at ProviderToInternalFactoryAdapter.get(ProviderToInternalFactoryAdapter.java:40)
	at SingletonScope$1.get(SingletonScope.java:169)
	at InternalFactoryToProviderAdapter.get(InternalFactoryToProviderAdapter.java:45)
	at RealOptionalBinder$RealDirectTypeProvider.doProvision(RealOptionalBinder.java:376)
	at InternalProviderInstanceBindingImpl$Factory$1.call(InternalProviderInstanceBindingImpl.java:120)
	at ProvisionListenerStackCallback$Provision.provision(ProvisionListenerStackCallback.java:109)
	at LifeCycleModule.provision(LifeCycleModule.java:70)
	at ProvisionListenerStackCallback$Provision.provision(ProvisionListenerStackCallback.java:117)
	at ProvisionListenerStackCallback.provision(ProvisionListenerStackCallback.java:66)
	at InternalProviderInstanceBindingImpl$Factory.get(InternalProviderInstanceBindingImpl.java:115)
	at SingleParameterInjector.inject(SingleParameterInjector.java:40)
	at SingleParameterInjector.getAll(SingleParameterInjector.java:60)
	at ConstructorInjector.provision(ConstructorInjector.java:113)
	at ConstructorInjector.access$000(ConstructorInjector.java:33)
	at ConstructorInjector$1.call(ConstructorInjector.java:98)
	at ProvisionListenerStackCallback$Provision.provision(ProvisionListenerStackCallback.java:109)
	at LifeCycleModule.provision(LifeCycleModule.java:70)
	at ProvisionListenerStackCallback$Provision.provision(ProvisionListenerStackCallback.java:117)
	at ProvisionListenerStackCallback.provision(ProvisionListenerStackCallback.java:66)
	at ConstructorInjector.construct(ConstructorInjector.java:93)
	at ConstructorBindingImpl$Factory.get(ConstructorBindingImpl.java:300)
	at ProviderToInternalFactoryAdapter.get(ProviderToInternalFactoryAdapter.java:40)
	at SingletonScope$1.get(SingletonScope.java:169)
	at InternalFactoryToProviderAdapter.get(InternalFactoryToProviderAdapter.java:45)
	at SingleParameterInjector.inject(SingleParameterInjector.java:40)
	at SingleParameterInjector.getAll(SingleParameterInjector.java:60)
	at ConstructorInjector.provision(ConstructorInjector.java:113)
	at ConstructorInjector.access$000(ConstructorInjector.java:33)
	at ConstructorInjector$1.call(ConstructorInjector.java:98)
	at ProvisionListenerStackCallback$Provision.provision(ProvisionListenerStackCallback.java:109)
	at LifeCycleModule.provision(LifeCycleModule.java:70)
	at ProvisionListenerStackCallback$Provision.provision(ProvisionListenerStackCallback.java:117)
	at ProvisionListenerStackCallback.provision(ProvisionListenerStackCallback.java:66)
	at ConstructorInjector.construct(ConstructorInjector.java:93)
	at ConstructorBindingImpl$Factory.get(ConstructorBindingImpl.java:300)
	at ProviderToInternalFactoryAdapter.get(ProviderToInternalFactoryAdapter.java:40)
	at SingletonScope$1.get(SingletonScope.java:169)
	at InternalFactoryToProviderAdapter.get(InternalFactoryToProviderAdapter.java:45)
	at InternalInjectorCreator.loadEagerSingletons(InternalInjectorCreator.java:213)
	at InternalInjectorCreator.injectDynamically(InternalInjectorCreator.java:186)
	at InternalInjectorCreator.build(InternalInjectorCreator.java:113)
	at Guice.createInjector(Guice.java:87)
	at Bootstrap.initialize(Bootstrap.java:366)
	at IcebergConnectorFactory.createConnector(IcebergConnectorFactory.java:88)
	at IcebergConnectorFactory.create(IcebergConnectorFactory.java:56)
	at DefaultCatalogFactory.createConnector(DefaultCatalogFactory.java:199)
	at DefaultCatalogFactory.createCatalog(DefaultCatalogFactory.java:124)
	at LazyCatalogFactory.createCatalog(LazyCatalogFactory.java:44)
	at StaticCatalogManager.lambda$loadInitialCatalogs$1(StaticCatalogManager.java:159)
	at java.base/FutureTask.run(FutureTask.java:328)
	at java.base/Executors$RunnableAdapter.call(Executors.java:545)
	at java.base/FutureTask.run(FutureTask.java:328)
	at DirectExecutor.execute(DirectExecutor.java:30)
	at java.base/ExecutorCompletionService.submit(ExecutorCompletionService.java:187)
	at Executors.executeUntilFailure(Executors.java:46)
	at StaticCatalogManager.loadInitialCatalogs(StaticCatalogManager.java:153)
	at Server.doStart(Server.java:140)
	at Server.lambda$start$0(Server.java:79)
	at io.trino.$gen.Trino_479____20260122_182306_1.run(Unknown Source)
	at Server.start(Server.java:79)
	at TrinoServer.main(TrinoServer.java:37)

27) [Guice/ErrorInjectingConstructor]: SdkClientException: Unable to load region from any of the providers in the chain DefaultAwsRegionProviderChain@506ec7ea: [SystemSettingsRegionProvider@66dc812b: Unable to load region from system settings. Region must be specified either via environment variable (AWS_REGION) or  system property (aws.region)., AwsProfileRegionProvider@4575df15: No region provided in profile: default, InstanceProfileRegionProvider@2d17c0ab: Unable to contact EC2 metadata service.]
  at S3FileSystemFactory.<init>(S3FileSystemFactory.java:38)
  while locating S3FileSystemFactory
  at java.base/DirectMethodHandleAccessor.invoke(DirectMethodHandleAccessor.java:104)
      \_ installed by: IcebergConnectorFactory$IcebergFileSystemModule -> FileSystemModule -> S3FileSystemModule
  while locating TrinoFileSystemFactory annotated with interface FileSystemS3
  while locating TrinoFileSystemFactory annotated with @Element(setName=,uniqueId=58, type=MAPBINDER, keyType=String)
  at FileSystemModule.createFileSystemFactory(FileSystemModule.java:155)
      \_ for 3rd parameter factories
  at FileSystemModule.createFileSystemFactory(FileSystemModule.java:155)
      \_ installed by: IcebergConnectorFactory$IcebergFileSystemModule -> FileSystemModule
  at TrinoNessieCatalogFactory.<init>(TrinoNessieCatalogFactory.java:52)
      \_ for 3rd parameter fileSystemFactory
  while locating TrinoNessieCatalogFactory
  at java.base/DirectMethodHandleAccessor.invoke(DirectMethodHandleAccessor.java:104)
      \_ installed by: IcebergCatalogModule -> ConditionalModule -> IcebergNessieCatalogModule
  at IcebergMetadataFactory.<init>(IcebergMetadataFactory.java:65)
      \_ for 3rd parameter catalogFactory
  at IcebergModule.configure(IcebergModule.java:104)
  at IcebergTransactionManager.<init>(IcebergTransactionManager.java:39)
      \_ for 1st parameter metadataFactory
  at IcebergModule.configure(IcebergModule.java:75)
  at IcebergConnector.<init>(IcebergConnector.java:100)
      \_ for 3rd parameter transactionManager
  at IcebergModule.configure(IcebergModule.java:144)
  while locating IcebergConnector

Learn more:
  https://github.com/google/guice/wiki/ERROR_INJECTING_CONSTRUCTOR
Caused by: SdkClientException: Unable to load region from any of the providers in the chain DefaultAwsRegionProviderChain@506ec7ea: [SystemSettingsRegionProvider@66dc812b: Unable to load region from system settings. Region must be specified either via environment variable (AWS_REGION) or  system property (aws.region)., AwsProfileRegionProvider@4575df15: No region provided in profile: default, InstanceProfileRegionProvider@2d17c0ab: Unable to contact EC2 metadata service.]
	at SdkClientException$BuilderImpl.build(SdkClientException.java:130)
	at AwsRegionProviderChain.getRegion(AwsRegionProviderChain.java:70)
	at AwsDefaultClientBuilder.resolveRegion(AwsDefaultClientBuilder.java:374)
	at AttributeMap$DerivedValue.primeCache(AttributeMap.java:604)
	at AttributeMap$DerivedValue.get(AttributeMap.java:593)
	at AttributeMap$Builder.resolveValue(AttributeMap.java:400)
	at AttributeMap$Builder.internalGet(AttributeMap.java:389)
	at AttributeMap$Builder.access$1300(AttributeMap.java:201)
	at AttributeMap$Builder$1.get(AttributeMap.java:403)
	at AwsDefaultClientBuilder.resolveSigningRegion(AwsDefaultClientBuilder.java:319)
	at AttributeMap$DerivedValue.primeCache(AttributeMap.java:604)
	at AttributeMap$DerivedValue.get(AttributeMap.java:593)
	at AttributeMap$Builder.resolveValue(AttributeMap.java:400)
	at java.base/ArrayList.forEach(ArrayList.java:1604)
	at AttributeMap$Builder.build(AttributeMap.java:362)
	at SdkClientConfiguration$Builder.build(SdkClientConfiguration.java:224)
	at AwsDefaultClientBuilder.finalizeAwsConfiguration(AwsDefaultClientBuilder.java:201)
	at AwsDefaultClientBuilder.finalizeChildConfiguration(AwsDefaultClientBuilder.java:172)
	at SdkDefaultClientBuilder.syncClientConfiguration(SdkDefaultClientBuilder.java:204)
	at DefaultS3ClientBuilder.buildClient(DefaultS3ClientBuilder.java:37)
	at DefaultS3ClientBuilder.buildClient(DefaultS3ClientBuilder.java:26)
	at SdkDefaultClientBuilder.build(SdkDefaultClientBuilder.java:171)
	at S3FileSystemLoader.lambda$s3ClientFactory$0(S3FileSystemLoader.java:211)
	at S3FileSystemLoader.s3PreSigner(S3FileSystemLoader.java:228)
	at S3FileSystemLoader.<init>(S3FileSystemLoader.java:92)
	at S3FileSystemLoader.<init>(S3FileSystemLoader.java:79)
	at S3FileSystemFactory.<init>(S3FileSystemFactory.java:39)
	at S3FileSystemFactory$$FastClassByGuice$$3577f71.GUICE$TRAMPOLINE(<generated>)
	at S3FileSystemFactory$$FastClassByGuice$$3577f71.apply(<generated>)
	at DefaultConstructionProxyFactory$FastClassProxy.newInstance(DefaultConstructionProxyFactory.java:82)
	at ConstructorInjector.provision(ConstructorInjector.java:114)
	at ConstructorInjector.access$000(ConstructorInjector.java:33)
	at ConstructorInjector$1.call(ConstructorInjector.java:98)
	at ProvisionListenerStackCallback$Provision.provision(ProvisionListenerStackCallback.java:109)
	at LifeCycleModule.provision(LifeCycleModule.java:70)
	at ProvisionListenerStackCallback$Provision.provision(ProvisionListenerStackCallback.java:117)
	at ProvisionListenerStackCallback.provision(ProvisionListenerStackCallback.java:66)
	at ConstructorInjector.construct(ConstructorInjector.java:93)
	at ConstructorBindingImpl$Factory.get(ConstructorBindingImpl.java:300)
	at FactoryProxy.get(FactoryProxy.java:60)
	at ProviderToInternalFactoryAdapter.get(ProviderToInternalFactoryAdapter.java:40)
	at SingletonScope$1.get(SingletonScope.java:169)
	at InternalFactoryToProviderAdapter.get(InternalFactoryToProviderAdapter.java:45)
	at FactoryProxy.get(FactoryProxy.java:60)
	at SingleParameterInjector.inject(SingleParameterInjector.java:40)
	at RealMapBinder$ExtensionRealMapProvider.doProvision(RealMapBinder.java:808)
	at RealMapBinder$ExtensionRealMapProvider.doProvision(RealMapBinder.java:743)
	at InternalProviderInstanceBindingImpl$Factory$1.call(InternalProviderInstanceBindingImpl.java:120)
	at ProvisionListenerStackCallback$Provision.provision(ProvisionListenerStackCallback.java:109)
	at LifeCycleModule.provision(LifeCycleModule.java:70)
	at ProvisionListenerStackCallback$Provision.provision(ProvisionListenerStackCallback.java:117)
	at ProvisionListenerStackCallback.provision(ProvisionListenerStackCallback.java:66)
	at InternalProviderInstanceBindingImpl$Factory.get(InternalProviderInstanceBindingImpl.java:115)
	at SingleParameterInjector.inject(SingleParameterInjector.java:40)
	at SingleParameterInjector.getAll(SingleParameterInjector.java:60)
	at ProviderMethod.doProvision(ProviderMethod.java:171)
	at InternalProviderInstanceBindingImpl$CyclicFactory.provision(InternalProviderInstanceBindingImpl.java:185)
	at InternalProviderInstanceBindingImpl$CyclicFactory.access$300(InternalProviderInstanceBindingImpl.java:139)
	at InternalProviderInstanceBindingImpl$CyclicFactory$1.call(InternalProviderInstanceBindingImpl.java:169)
	at ProvisionListenerStackCallback$Provision.provision(ProvisionListenerStackCallback.java:109)
	at LifeCycleModule.provision(LifeCycleModule.java:70)
	at ProvisionListenerStackCallback$Provision.provision(ProvisionListenerStackCallback.java:117)
	at ProvisionListenerStackCallback.provision(ProvisionListenerStackCallback.java:66)
	at InternalProviderInstanceBindingImpl$CyclicFactory.get(InternalProviderInstanceBindingImpl.java:164)
	at ProviderToInternalFactoryAdapter.get(ProviderToInternalFactoryAdapter.java:40)
	at SingletonScope$1.get(SingletonScope.java:169)
	at InternalFactoryToProviderAdapter.get(InternalFactoryToProviderAdapter.java:45)
	at SingleParameterInjector.inject(SingleParameterInjector.java:40)
	at SingleParameterInjector.getAll(SingleParameterInjector.java:60)
	at ConstructorInjector.provision(ConstructorInjector.java:113)
	at ConstructorInjector.access$000(ConstructorInjector.java:33)
	at ConstructorInjector$1.call(ConstructorInjector.java:98)
	at ProvisionListenerStackCallback$Provision.provision(ProvisionListenerStackCallback.java:109)
	at LifeCycleModule.provision(LifeCycleModule.java:70)
	at ProvisionListenerStackCallback$Provision.provision(ProvisionListenerStackCallback.java:117)
	at ProvisionListenerStackCallback.provision(ProvisionListenerStackCallback.java:66)
	at ConstructorInjector.construct(ConstructorInjector.java:93)
	at ConstructorBindingImpl$Factory.get(ConstructorBindingImpl.java:300)
	at FactoryProxy.get(FactoryProxy.java:60)
	at ProviderToInternalFactoryAdapter.get(ProviderToInternalFactoryAdapter.java:40)
	at SingletonScope$1.get(SingletonScope.java:169)
	at InternalFactoryToProviderAdapter.get(InternalFactoryToProviderAdapter.java:45)
	at SingleParameterInjector.inject(SingleParameterInjector.java:40)
	at SingleParameterInjector.getAll(SingleParameterInjector.java:60)
	at ConstructorInjector.provision(ConstructorInjector.java:113)
	at ConstructorInjector.access$000(ConstructorInjector.java:33)
	at ConstructorInjector$1.call(ConstructorInjector.java:98)
	at ProvisionListenerStackCallback$Provision.provision(ProvisionListenerStackCallback.java:109)
	at LifeCycleModule.provision(LifeCycleModule.java:70)
	at ProvisionListenerStackCallback$Provision.provision(ProvisionListenerStackCallback.java:117)
	at ProvisionListenerStackCallback.provision(ProvisionListenerStackCallback.java:66)
	at ConstructorInjector.construct(ConstructorInjector.java:93)
	at ConstructorBindingImpl$Factory.get(ConstructorBindingImpl.java:300)
	at ProviderToInternalFactoryAdapter.get(ProviderToInternalFactoryAdapter.java:40)
	at SingletonScope$1.get(SingletonScope.java:169)
	at InternalFactoryToProviderAdapter.get(InternalFactoryToProviderAdapter.java:45)
	at SingleParameterInjector.inject(SingleParameterInjector.java:40)
	at SingleParameterInjector.getAll(SingleParameterInjector.java:60)
	at ConstructorInjector.provision(ConstructorInjector.java:113)
	at ConstructorInjector.access$000(ConstructorInjector.java:33)
	at ConstructorInjector$1.call(ConstructorInjector.java:98)
	at ProvisionListenerStackCallback$Provision.provision(ProvisionListenerStackCallback.java:109)
	at LifeCycleModule.provision(LifeCycleModule.java:70)
	at ProvisionListenerStackCallback$Provision.provision(ProvisionListenerStackCallback.java:117)
	at ProvisionListenerStackCallback.provision(ProvisionListenerStackCallback.java:66)
	at ConstructorInjector.construct(ConstructorInjector.java:93)
	at ConstructorBindingImpl$Factory.get(ConstructorBindingImpl.java:300)
	at ProviderToInternalFactoryAdapter.get(ProviderToInternalFactoryAdapter.java:40)
	at SingletonScope$1.get(SingletonScope.java:169)
	at InternalFactoryToProviderAdapter.get(InternalFactoryToProviderAdapter.java:45)
	at SingleParameterInjector.inject(SingleParameterInjector.java:40)
	at SingleParameterInjector.getAll(SingleParameterInjector.java:60)
	at ConstructorInjector.provision(ConstructorInjector.java:113)
	at ConstructorInjector.access$000(ConstructorInjector.java:33)
	at ConstructorInjector$1.call(ConstructorInjector.java:98)
	at ProvisionListenerStackCallback$Provision.provision(ProvisionListenerStackCallback.java:109)
	at LifeCycleModule.provision(LifeCycleModule.java:70)
	at ProvisionListenerStackCallback$Provision.provision(ProvisionListenerStackCallback.java:117)
	at ProvisionListenerStackCallback.provision(ProvisionListenerStackCallback.java:66)
	at ConstructorInjector.construct(ConstructorInjector.java:93)
	at ConstructorBindingImpl$Factory.get(ConstructorBindingImpl.java:300)
	at ProviderToInternalFactoryAdapter.get(ProviderToInternalFactoryAdapter.java:40)
	at SingletonScope$1.get(SingletonScope.java:169)
	at InternalFactoryToProviderAdapter.get(InternalFactoryToProviderAdapter.java:45)
	at InternalInjectorCreator.loadEagerSingletons(InternalInjectorCreator.java:213)
	at InternalInjectorCreator.injectDynamically(InternalInjectorCreator.java:186)
	at InternalInjectorCreator.build(InternalInjectorCreator.java:113)
	at Guice.createInjector(Guice.java:87)
	at Bootstrap.initialize(Bootstrap.java:366)
	at IcebergConnectorFactory.createConnector(IcebergConnectorFactory.java:88)
	at IcebergConnectorFactory.create(IcebergConnectorFactory.java:56)
	at DefaultCatalogFactory.createConnector(DefaultCatalogFactory.java:199)
	at DefaultCatalogFactory.createCatalog(DefaultCatalogFactory.java:124)
	at LazyCatalogFactory.createCatalog(LazyCatalogFactory.java:44)
	at StaticCatalogManager.lambda$loadInitialCatalogs$1(StaticCatalogManager.java:159)
	at java.base/FutureTask.run(FutureTask.java:328)
	at java.base/Executors$RunnableAdapter.call(Executors.java:545)
	at java.base/FutureTask.run(FutureTask.java:328)
	at DirectExecutor.execute(DirectExecutor.java:30)
	at java.base/ExecutorCompletionService.submit(ExecutorCompletionService.java:187)
	at Executors.executeUntilFailure(Executors.java:46)
	at StaticCatalogManager.loadInitialCatalogs(StaticCatalogManager.java:153)
	at Server.doStart(Server.java:140)
	at Server.lambda$start$0(Server.java:79)
	at io.trino.$gen.Trino_479____20260122_182306_1.run(Unknown Source)
	at Server.start(Server.java:79)
	at TrinoServer.main(TrinoServer.java:37)

27 errors

======================
Full classname legend:
======================
AttributeMap$Builder:                                "software.amazon.awssdk.utils.AttributeMap$Builder"
AttributeMap$Builder$1:                              "software.amazon.awssdk.utils.AttributeMap$Builder$1"
AttributeMap$DerivedValue:                           "software.amazon.awssdk.utils.AttributeMap$DerivedValue"
AwsDefaultClientBuilder:                             "software.amazon.awssdk.awscore.client.builder.AwsDefaultClientBuilder"
AwsProfileRegionProvider:                            "software.amazon.awssdk.regions.providers.AwsProfileRegionProvider"
AwsRegionProviderChain:                              "software.amazon.awssdk.regions.providers.AwsRegionProviderChain"
Bootstrap:                                           "io.airlift.bootstrap.Bootstrap"
BoundProviderFactory:                                "com.google.inject.internal.BoundProviderFactory"
ClassLoaderSafeConnectorPageSinkProvider:            "io.trino.plugin.base.classloader.ClassLoaderSafeConnectorPageSinkProvider"
ClassLoaderSafeConnectorPageSourceProviderFactory:   "io.trino.plugin.base.classloader.ClassLoaderSafeConnectorPageSourceProviderFactory"
ClassLoaderSafeConnectorSplitManager:                "io.trino.plugin.base.classloader.ClassLoaderSafeConnectorSplitManager"
ConditionalModule:                                   "io.airlift.configuration.ConditionalModule"
ConnectorPageSinkProvider:                           "io.trino.spi.connector.ConnectorPageSinkProvider"
ConnectorPageSourceProviderFactory:                  "io.trino.spi.connector.ConnectorPageSourceProviderFactory"
ConnectorSplitManager:                               "io.trino.spi.connector.ConnectorSplitManager"
ConnectorTableFunction:                              "io.trino.spi.function.table.ConnectorTableFunction"
ConstructorBindingImpl$Factory:                      "com.google.inject.internal.ConstructorBindingImpl$Factory"
ConstructorInjector:                                 "com.google.inject.internal.ConstructorInjector"
ConstructorInjector$1:                               "com.google.inject.internal.ConstructorInjector$1"
DefaultAwsRegionProviderChain:                       "software.amazon.awssdk.regions.providers.DefaultAwsRegionProviderChain"
DefaultCatalogFactory:                               "io.trino.connector.DefaultCatalogFactory"
DefaultConstructionProxyFactory$FastClassProxy:      "com.google.inject.internal.DefaultConstructionProxyFactory$FastClassProxy"
DefaultIcebergFileSystemFactory:                     "io.trino.plugin.iceberg.DefaultIcebergFileSystemFactory"
DefaultS3ClientBuilder:                              "software.amazon.awssdk.services.s3.DefaultS3ClientBuilder"
DirectExecutor:                                      "com.google.common.util.concurrent.DirectExecutor"
DirectMethodHandleAccessor:                          "jdk.internal.reflect.DirectMethodHandleAccessor"
Element:                                             "com.google.inject.internal.Element"
ExecutorCompletionService:                           "java.util.concurrent.ExecutorCompletionService"
Executors:                                           "io.trino.util.Executors"
Executors$RunnableAdapter:                           "java.util.concurrent.Executors$RunnableAdapter"
FactoryProxy:                                        "com.google.inject.internal.FactoryProxy"
FileSystemModule:                                    "io.trino.filesystem.manager.FileSystemModule"
FileSystemS3:                                        "io.trino.filesystem.s3.FileSystemS3"
ForClassLoaderSafe:                                  "io.trino.plugin.base.classloader.ForClassLoaderSafe"
FunctionProvider:                                    "io.trino.spi.function.FunctionProvider"
FutureTask:                                          "java.util.concurrent.FutureTask"
Guice:                                               "com.google.inject.Guice"
GuiceMBeanExporter:                                  "org.weakref.jmx.guice.GuiceMBeanExporter"
GuiceMBeanExporter$$FastClassByGuice$$508125:        "org.weakref.jmx.guice.GuiceMBeanExporter$$FastClassByGuice$$508125"
IcebergCatalogModule:                                "io.trino.plugin.iceberg.catalog.IcebergCatalogModule"
IcebergConnector:                                    "io.trino.plugin.iceberg.IcebergConnector"
IcebergConnectorFactory:                             "io.trino.plugin.iceberg.IcebergConnectorFactory"
IcebergConnectorFactory$IcebergFileSystemModule:     "io.trino.plugin.iceberg.IcebergConnectorFactory$IcebergFileSystemModule"
IcebergFileSystemFactory:                            "io.trino.plugin.iceberg.IcebergFileSystemFactory"
IcebergFunctionProvider:                             "io.trino.plugin.iceberg.functions.IcebergFunctionProvider"
IcebergMetadataFactory:                              "io.trino.plugin.iceberg.IcebergMetadataFactory"
IcebergModule:                                       "io.trino.plugin.iceberg.IcebergModule"
IcebergNessieCatalogModule:                          "io.trino.plugin.iceberg.catalog.nessie.IcebergNessieCatalogModule"
IcebergNessieTableOperationsProvider:                "io.trino.plugin.iceberg.catalog.nessie.IcebergNessieTableOperationsProvider"
IcebergPageSinkProvider:                             "io.trino.plugin.iceberg.IcebergPageSinkProvider"
IcebergPageSourceProviderFactory:                    "io.trino.plugin.iceberg.IcebergPageSourceProviderFactory"
IcebergSplitManager:                                 "io.trino.plugin.iceberg.IcebergSplitManager"
IcebergTableOperationsProvider:                      "io.trino.plugin.iceberg.catalog.IcebergTableOperationsProvider"
IcebergTablesSystemTable:                            "io.trino.plugin.iceberg.system.IcebergTablesSystemTable"
IcebergTransactionManager:                           "io.trino.plugin.iceberg.IcebergTransactionManager"
InjectorImpl:                                        "com.google.inject.internal.InjectorImpl"
InjectorImpl$1:                                      "com.google.inject.internal.InjectorImpl$1"
InstanceProfileRegionProvider:                       "software.amazon.awssdk.regions.providers.InstanceProfileRegionProvider"
InternalFactoryToProviderAdapter:                    "com.google.inject.internal.InternalFactoryToProviderAdapter"
InternalInjectorCreator:                             "com.google.inject.internal.InternalInjectorCreator"
InternalProviderInstanceBindingImpl$CyclicFactory:   "com.google.inject.internal.InternalProviderInstanceBindingImpl$CyclicFactory"
InternalProviderInstanceBindingImpl$CyclicFactory$1: "com.google.inject.internal.InternalProviderInstanceBindingImpl$CyclicFactory$1"
InternalProviderInstanceBindingImpl$Factory:         "com.google.inject.internal.InternalProviderInstanceBindingImpl$Factory"
InternalProviderInstanceBindingImpl$Factory$1:       "com.google.inject.internal.InternalProviderInstanceBindingImpl$Factory$1"
LazyCatalogFactory:                                  "io.trino.connector.LazyCatalogFactory"
LifeCycleModule:                                     "io.airlift.bootstrap.LifeCycleModule"
MBeanModule:                                         "org.weakref.jmx.guice.MBeanModule"
Procedure:                                           "io.trino.spi.procedure.Procedure"
ProviderMethod:                                      "com.google.inject.internal.ProviderMethod"
ProviderToInternalFactoryAdapter:                    "com.google.inject.internal.ProviderToInternalFactoryAdapter"
ProvisionListenerStackCallback:                      "com.google.inject.internal.ProvisionListenerStackCallback"
ProvisionListenerStackCallback$Provision:            "com.google.inject.internal.ProvisionListenerStackCallback$Provision"
RealMapBinder$ExtensionRealMapProvider:              "com.google.inject.internal.RealMapBinder$ExtensionRealMapProvider"
RealOptionalBinder$Default:                          "com.google.inject.internal.RealOptionalBinder$Default"
RealOptionalBinder$RealDirectTypeProvider:           "com.google.inject.internal.RealOptionalBinder$RealDirectTypeProvider"
RegisterTableProcedure:                              "io.trino.plugin.iceberg.procedure.RegisterTableProcedure"
RollbackToSnapshotProcedure:                         "io.trino.plugin.iceberg.procedure.RollbackToSnapshotProcedure"
S3FileSystemFactory:                                 "io.trino.filesystem.s3.S3FileSystemFactory"
S3FileSystemFactory$$FastClassByGuice$$3577f71:      "io.trino.filesystem.s3.S3FileSystemFactory$$FastClassByGuice$$3577f71"
S3FileSystemLoader:                                  "io.trino.filesystem.s3.S3FileSystemLoader"
S3FileSystemModule:                                  "io.trino.filesystem.s3.S3FileSystemModule"
SdkClientConfiguration$Builder:                      "software.amazon.awssdk.core.client.config.SdkClientConfiguration$Builder"
SdkClientException:                                  "software.amazon.awssdk.core.exception.SdkClientException"
SdkClientException$BuilderImpl:                      "software.amazon.awssdk.core.exception.SdkClientException$BuilderImpl"
SdkDefaultClientBuilder:                             "software.amazon.awssdk.core.client.builder.SdkDefaultClientBuilder"
Server:                                              "io.trino.server.Server"
SingleParameterInjector:                             "com.google.inject.internal.SingleParameterInjector"
SingletonScope$1:                                    "com.google.inject.internal.SingletonScope$1"
StaticCatalogManager:                                "io.trino.connector.StaticCatalogManager"
SystemSettingsRegionProvider:                        "software.amazon.awssdk.regions.providers.SystemSettingsRegionProvider"
SystemTable:                                         "io.trino.spi.connector.SystemTable"
TableChangesFunctionProcessorProviderFactory:        "io.trino.plugin.iceberg.functions.tablechanges.TableChangesFunctionProcessorProviderFactory"
TableChangesFunctionProvider:                        "io.trino.plugin.iceberg.functions.tablechanges.TableChangesFunctionProvider"
TableStatisticsReader:                               "io.trino.plugin.iceberg.TableStatisticsReader"
TrinoCatalogFactory:                                 "io.trino.plugin.iceberg.catalog.TrinoCatalogFactory"
TrinoFileSystemFactory:                              "io.trino.filesystem.TrinoFileSystemFactory"
TrinoNessieCatalogFactory:                           "io.trino.plugin.iceberg.catalog.nessie.TrinoNessieCatalogFactory"
TrinoServer:                                         "io.trino.server.TrinoServer"
UnregisterTableProcedure:                            "io.trino.plugin.iceberg.procedure.UnregisterTableProcedure"
========================
End of classname legend:
========================

com.google.inject.CreationException: Unable to create injector, see the following errors:

1) [Guice/ErrorInjectingConstructor]: SdkClientException: Unable to load region from any of the providers in the chain DefaultAwsRegionProviderChain@34a51ba5: [SystemSettingsRegionProvider@18315379: Unable to load region from system settings. Region must be specified either via environment variable (AWS_REGION) or  system property (aws.region)., AwsProfileRegionProvider@1058d778: No region provided in profile: default, InstanceProfileRegionProvider@69e22173: Unable to contact EC2 metadata service.]
  at S3FileSystemFactory.<init>(S3FileSystemFactory.java:38)
  while locating S3FileSystemFactory
  at java.base/DirectMethodHandleAccessor.invoke(DirectMethodHandleAccessor.java:104)
      \_ installed by: IcebergConnectorFactory$IcebergFileSystemModule -> FileSystemModule -> S3FileSystemModule
  while locating TrinoFileSystemFactory annotated with interface FileSystemS3
  while locating TrinoFileSystemFactory annotated with @Element(setName=,uniqueId=58, type=MAPBINDER, keyType=String)
  at FileSystemModule.createFileSystemFactory(FileSystemModule.java:155)
      \_ for 3rd parameter factories
  at FileSystemModule.createFileSystemFactory(FileSystemModule.java:155)
      \_ installed by: IcebergConnectorFactory$IcebergFileSystemModule -> FileSystemModule
  at TrinoNessieCatalogFactory.<init>(TrinoNessieCatalogFactory.java:52)
      \_ for 3rd parameter fileSystemFactory
  while locating TrinoNessieCatalogFactory
  at java.base/DirectMethodHandleAccessor.invoke(DirectMethodHandleAccessor.java:104)
      \_ installed by: IcebergCatalogModule -> ConditionalModule -> IcebergNessieCatalogModule
  at IcebergMetadataFactory.<init>(IcebergMetadataFactory.java:65)
      \_ for 3rd parameter catalogFactory
  at IcebergModule.configure(IcebergModule.java:104)
  at IcebergTransactionManager.<init>(IcebergTransactionManager.java:39)
      \_ for 1st parameter metadataFactory
  at IcebergModule.configure(IcebergModule.java:75)
  at IcebergSplitManager.<init>(IcebergSplitManager.java:71)
      \_ for 1st parameter transactionManager
  while locating IcebergSplitManager
  at IcebergModule.configure(IcebergModule.java:85)
  while locating ConnectorSplitManager annotated with interface ForClassLoaderSafe

Learn more:
  https://github.com/google/guice/wiki/ERROR_INJECTING_CONSTRUCTOR
Caused by: SdkClientException: Unable to load region from any of the providers in the chain DefaultAwsRegionProviderChain@34a51ba5: [SystemSettingsRegionProvider@18315379: Unable to load region from system settings. Region must be specified either via environment variable (AWS_REGION) or  system property (aws.region)., AwsProfileRegionProvider@1058d778: No region provided in profile: default, InstanceProfileRegionProvider@69e22173: Unable to contact EC2 metadata service.]
	at SdkClientException$BuilderImpl.build(SdkClientException.java:130)
	at AwsRegionProviderChain.getRegion(AwsRegionProviderChain.java:70)
	at AwsDefaultClientBuilder.resolveRegion(AwsDefaultClientBuilder.java:374)
	at AttributeMap$DerivedValue.primeCache(AttributeMap.java:604)
	at AttributeMap$DerivedValue.get(AttributeMap.java:593)
	at AttributeMap$Builder.resolveValue(AttributeMap.java:400)
	at AttributeMap$Builder.internalGet(AttributeMap.java:389)
	at AttributeMap$Builder.access$1300(AttributeMap.java:201)
	at AttributeMap$Builder$1.get(AttributeMap.java:403)
	at AwsDefaultClientBuilder.resolveSigningRegion(AwsDefaultClientBuilder.java:319)
	at AttributeMap$DerivedValue.primeCache(AttributeMap.java:604)
	at AttributeMap$DerivedValue.get(AttributeMap.java:593)
	at AttributeMap$Builder.resolveValue(AttributeMap.java:400)
	at java.base/ArrayList.forEach(ArrayList.java:1604)
	at AttributeMap$Builder.build(AttributeMap.java:362)
	at SdkClientConfiguration$Builder.build(SdkClientConfiguration.java:224)
	at AwsDefaultClientBuilder.finalizeAwsConfiguration(AwsDefaultClientBuilder.java:201)
	at AwsDefaultClientBuilder.finalizeChildConfiguration(AwsDefaultClientBuilder.java:172)
	at SdkDefaultClientBuilder.syncClientConfiguration(SdkDefaultClientBuilder.java:204)
	at DefaultS3ClientBuilder.buildClient(DefaultS3ClientBuilder.java:37)
	at DefaultS3ClientBuilder.buildClient(DefaultS3ClientBuilder.java:26)
	at SdkDefaultClientBuilder.build(SdkDefaultClientBuilder.java:171)
	at S3FileSystemLoader.lambda$s3ClientFactory$0(S3FileSystemLoader.java:211)
	at S3FileSystemLoader.s3PreSigner(S3FileSystemLoader.java:228)
	at S3FileSystemLoader.<init>(S3FileSystemLoader.java:92)
	at S3FileSystemLoader.<init>(S3FileSystemLoader.java:79)
	at S3FileSystemFactory.<init>(S3FileSystemFactory.java:39)
	at S3FileSystemFactory$$FastClassByGuice$$3577f71.GUICE$TRAMPOLINE(<generated>)
	at S3FileSystemFactory$$FastClassByGuice$$3577f71.apply(<generated>)
	at DefaultConstructionProxyFactory$FastClassProxy.newInstance(DefaultConstructionProxyFactory.java:82)
	at ConstructorInjector.provision(ConstructorInjector.java:114)
	at ConstructorInjector.access$000(ConstructorInjector.java:33)
	at ConstructorInjector$1.call(ConstructorInjector.java:98)
	at ProvisionListenerStackCallback$Provision.provision(ProvisionListenerStackCallback.java:109)
	at LifeCycleModule.provision(LifeCycleModule.java:70)
	at ProvisionListenerStackCallback$Provision.provision(ProvisionListenerStackCallback.java:117)
	at ProvisionListenerStackCallback.provision(ProvisionListenerStackCallback.java:66)
	at ConstructorInjector.construct(ConstructorInjector.java:93)
	at ConstructorBindingImpl$Factory.get(ConstructorBindingImpl.java:300)
	at FactoryProxy.get(FactoryProxy.java:60)
	at ProviderToInternalFactoryAdapter.get(ProviderToInternalFactoryAdapter.java:40)
	at SingletonScope$1.get(SingletonScope.java:169)
	at InternalFactoryToProviderAdapter.get(InternalFactoryToProviderAdapter.java:45)
	at FactoryProxy.get(FactoryProxy.java:60)
	at SingleParameterInjector.inject(SingleParameterInjector.java:40)
	at RealMapBinder$ExtensionRealMapProvider.doProvision(RealMapBinder.java:808)
	at RealMapBinder$ExtensionRealMapProvider.doProvision(RealMapBinder.java:743)
	at InternalProviderInstanceBindingImpl$Factory$1.call(InternalProviderInstanceBindingImpl.java:120)
	at ProvisionListenerStackCallback$Provision.provision(ProvisionListenerStackCallback.java:109)
	at LifeCycleModule.provision(LifeCycleModule.java:70)
	at ProvisionListenerStackCallback$Provision.provision(ProvisionListenerStackCallback.java:117)
	at ProvisionListenerStackCallback.provision(ProvisionListenerStackCallback.java:66)
	at InternalProviderInstanceBindingImpl$Factory.get(InternalProviderInstanceBindingImpl.java:115)
	at SingleParameterInjector.inject(SingleParameterInjector.java:40)
	at SingleParameterInjector.getAll(SingleParameterInjector.java:60)
	at ProviderMethod.doProvision(ProviderMethod.java:171)
	at InternalProviderInstanceBindingImpl$CyclicFactory.provision(InternalProviderInstanceBindingImpl.java:185)
	at InternalProviderInstanceBindingImpl$CyclicFactory.access$300(InternalProviderInstanceBindingImpl.java:139)
	at InternalProviderInstanceBindingImpl$CyclicFactory$1.call(InternalProviderInstanceBindingImpl.java:169)
	at ProvisionListenerStackCallback$Provision.provision(ProvisionListenerStackCallback.java:109)
	at LifeCycleModule.provision(LifeCycleModule.java:70)
	at ProvisionListenerStackCallback$Provision.provision(ProvisionListenerStackCallback.java:117)
	at ProvisionListenerStackCallback.provision(ProvisionListenerStackCallback.java:66)
	at InternalProviderInstanceBindingImpl$CyclicFactory.get(InternalProviderInstanceBindingImpl.java:164)
	at ProviderToInternalFactoryAdapter.get(ProviderToInternalFactoryAdapter.java:40)
	at SingletonScope$1.get(SingletonScope.java:169)
	at InternalFactoryToProviderAdapter.get(InternalFactoryToProviderAdapter.java:45)
	at SingleParameterInjector.inject(SingleParameterInjector.java:40)
	at SingleParameterInjector.getAll(SingleParameterInjector.java:60)
	at ConstructorInjector.provision(ConstructorInjector.java:113)
	at ConstructorInjector.access$000(ConstructorInjector.java:33)
	at ConstructorInjector$1.call(ConstructorInjector.java:98)
	at ProvisionListenerStackCallback$Provision.provision(ProvisionListenerStackCallback.java:109)
	at LifeCycleModule.provision(LifeCycleModule.java:70)
	at ProvisionListenerStackCallback$Provision.provision(ProvisionListenerStackCallback.java:117)
	at ProvisionListenerStackCallback.provision(ProvisionListenerStackCallback.java:66)
	at ConstructorInjector.construct(ConstructorInjector.java:93)
	at ConstructorBindingImpl$Factory.get(ConstructorBindingImpl.java:300)
	at FactoryProxy.get(FactoryProxy.java:60)
	at ProviderToInternalFactoryAdapter.get(ProviderToInternalFactoryAdapter.java:40)
	at SingletonScope$1.get(SingletonScope.java:169)
	at InternalFactoryToProviderAdapter.get(InternalFactoryToProviderAdapter.java:45)
	at SingleParameterInjector.inject(SingleParameterInjector.java:40)
	at SingleParameterInjector.getAll(SingleParameterInjector.java:60)
	at ConstructorInjector.provision(ConstructorInjector.java:113)
	at ConstructorInjector.access$000(ConstructorInjector.java:33)
	at ConstructorInjector$1.call(ConstructorInjector.java:98)
	at ProvisionListenerStackCallback$Provision.provision(ProvisionListenerStackCallback.java:109)
	at LifeCycleModule.provision(LifeCycleModule.java:70)
	at ProvisionListenerStackCallback$Provision.provision(ProvisionListenerStackCallback.java:117)
	at ProvisionListenerStackCallback.provision(ProvisionListenerStackCallback.java:66)
	at ConstructorInjector.construct(ConstructorInjector.java:93)
	at ConstructorBindingImpl$Factory.get(ConstructorBindingImpl.java:300)
	at ProviderToInternalFactoryAdapter.get(ProviderToInternalFactoryAdapter.java:40)
	at SingletonScope$1.get(SingletonScope.java:169)
	at InternalFactoryToProviderAdapter.get(InternalFactoryToProviderAdapter.java:45)
	at SingleParameterInjector.inject(SingleParameterInjector.java:40)
	at SingleParameterInjector.getAll(SingleParameterInjector.java:60)
	at ConstructorInjector.provision(ConstructorInjector.java:113)
	at ConstructorInjector.access$000(ConstructorInjector.java:33)
	at ConstructorInjector$1.call(ConstructorInjector.java:98)
	at ProvisionListenerStackCallback$Provision.provision(ProvisionListenerStackCallback.java:109)
	at LifeCycleModule.provision(LifeCycleModule.java:70)
	at ProvisionListenerStackCallback$Provision.provision(ProvisionListenerStackCallback.java:117)
	at ProvisionListenerStackCallback.provision(ProvisionListenerStackCallback.java:66)
	at ConstructorInjector.construct(ConstructorInjector.java:93)
	at ConstructorBindingImpl$Factory.get(ConstructorBindingImpl.java:300)
	at ProviderToInternalFactoryAdapter.get(ProviderToInternalFactoryAdapter.java:40)
	at SingletonScope$1.get(SingletonScope.java:169)
	at InternalFactoryToProviderAdapter.get(InternalFactoryToProviderAdapter.java:45)
	at SingleParameterInjector.inject(SingleParameterInjector.java:40)
	at SingleParameterInjector.getAll(SingleParameterInjector.java:60)
	at ConstructorInjector.provision(ConstructorInjector.java:113)
	at ConstructorInjector.access$000(ConstructorInjector.java:33)
	at ConstructorInjector$1.call(ConstructorInjector.java:98)
	at ProvisionListenerStackCallback$Provision.provision(ProvisionListenerStackCallback.java:109)
	at LifeCycleModule.provision(LifeCycleModule.java:70)
	at ProvisionListenerStackCallback$Provision.provision(ProvisionListenerStackCallback.java:117)
	at ProvisionListenerStackCallback.provision(ProvisionListenerStackCallback.java:66)
	at ConstructorInjector.construct(ConstructorInjector.java:93)
	at ConstructorBindingImpl$Factory.get(ConstructorBindingImpl.java:300)
	at FactoryProxy.get(FactoryProxy.java:60)
	at ProviderToInternalFactoryAdapter.get(ProviderToInternalFactoryAdapter.java:40)
	at SingletonScope$1.get(SingletonScope.java:169)
	at InternalFactoryToProviderAdapter.get(InternalFactoryToProviderAdapter.java:45)
	at InternalInjectorCreator.loadEagerSingletons(InternalInjectorCreator.java:213)
	at InternalInjectorCreator.injectDynamically(InternalInjectorCreator.java:186)
	at InternalInjectorCreator.build(InternalInjectorCreator.java:113)
	at Guice.createInjector(Guice.java:87)
	at Bootstrap.initialize(Bootstrap.java:366)
	at IcebergConnectorFactory.createConnector(IcebergConnectorFactory.java:88)
	at IcebergConnectorFactory.create(IcebergConnectorFactory.java:56)
	at DefaultCatalogFactory.createConnector(DefaultCatalogFactory.java:199)
	at DefaultCatalogFactory.createCatalog(DefaultCatalogFactory.java:124)
	at LazyCatalogFactory.createCatalog(LazyCatalogFactory.java:44)
	at StaticCatalogManager.lambda$loadInitialCatalogs$1(StaticCatalogManager.java:159)
	at java.base/FutureTask.run(FutureTask.java:328)
	at java.base/Executors$RunnableAdapter.call(Executors.java:545)
	at java.base/FutureTask.run(FutureTask.java:328)
	at DirectExecutor.execute(DirectExecutor.java:30)
	at java.base/ExecutorCompletionService.submit(ExecutorCompletionService.java:187)
	at Executors.executeUntilFailure(Executors.java:46)
	at StaticCatalogManager.loadInitialCatalogs(StaticCatalogManager.java:153)
	at Server.doStart(Server.java:140)
	at Server.lambda$start$0(Server.java:79)
	at io.trino.$gen.Trino_479____20260122_182306_1.run(Unknown Source)
	at Server.start(Server.java:79)
	at TrinoServer.main(TrinoServer.java:37)

2) [Guice/ErrorInjectingConstructor]: SdkClientException: Unable to load region from any of the providers in the chain DefaultAwsRegionProviderChain@3236f72a: [SystemSettingsRegionProvider@71f4b59c: Unable to load region from system settings. Region must be specified either via environment variable (AWS_REGION) or  system property (aws.region)., AwsProfileRegionProvider@6332b193: No region provided in profile: default, InstanceProfileRegionProvider@6013eeb0: Unable to contact EC2 metadata service.]
  at S3FileSystemFactory.<init>(S3FileSystemFactory.java:38)
  while locating S3FileSystemFactory
  at java.base/DirectMethodHandleAccessor.invoke(DirectMethodHandleAccessor.java:104)
      \_ installed by: IcebergConnectorFactory$IcebergFileSystemModule -> FileSystemModule -> S3FileSystemModule
  while locating TrinoFileSystemFactory annotated with interface FileSystemS3
  while locating TrinoFileSystemFactory annotated with @Element(setName=,uniqueId=58, type=MAPBINDER, keyType=String)
  at FileSystemModule.createFileSystemFactory(FileSystemModule.java:155)
      \_ for 3rd parameter factories
  at FileSystemModule.createFileSystemFactory(FileSystemModule.java:155)
      \_ installed by: IcebergConnectorFactory$IcebergFileSystemModule -> FileSystemModule
  at TrinoNessieCatalogFactory.<init>(TrinoNessieCatalogFactory.java:52)
      \_ for 3rd parameter fileSystemFactory
  while locating TrinoNessieCatalogFactory
  at java.base/DirectMethodHandleAccessor.invoke(DirectMethodHandleAccessor.java:104)
      \_ installed by: IcebergCatalogModule -> ConditionalModule -> IcebergNessieCatalogModule
  at IcebergMetadataFactory.<init>(IcebergMetadataFactory.java:65)
      \_ for 3rd parameter catalogFactory
  at IcebergModule.configure(IcebergModule.java:104)
  at IcebergTransactionManager.<init>(IcebergTransactionManager.java:39)
      \_ for 1st parameter metadataFactory
  at IcebergModule.configure(IcebergModule.java:75)
  at IcebergSplitManager.<init>(IcebergSplitManager.java:71)
      \_ for 1st parameter transactionManager
  while locating IcebergSplitManager
  at IcebergModule.configure(IcebergModule.java:85)
  at ClassLoaderSafeConnectorSplitManager.<init>(ClassLoaderSafeConnectorSplitManager.java:37)
      \_ for 1st parameter delegate
  while locating ClassLoaderSafeConnectorSplitManager
  at IcebergModule.configure(IcebergModule.java:86)
  while locating ConnectorSplitManager

Learn more:
  https://github.com/google/guice/wiki/ERROR_INJECTING_CONSTRUCTOR
Caused by: SdkClientException: Unable to load region from any of the providers in the chain DefaultAwsRegionProviderChain@3236f72a: [SystemSettingsRegionProvider@71f4b59c: Unable to load region from system settings. Region must be specified either via environment variable (AWS_REGION) or  system property (aws.region)., AwsProfileRegionProvider@6332b193: No region provided in profile: default, InstanceProfileRegionProvider@6013eeb0: Unable to contact EC2 metadata service.]
	at SdkClientException$BuilderImpl.build(SdkClientException.java:130)
	at AwsRegionProviderChain.getRegion(AwsRegionProviderChain.java:70)
	at AwsDefaultClientBuilder.resolveRegion(AwsDefaultClientBuilder.java:374)
	at AttributeMap$DerivedValue.primeCache(AttributeMap.java:604)
	at AttributeMap$DerivedValue.get(AttributeMap.java:593)
	at AttributeMap$Builder.resolveValue(AttributeMap.java:400)
	at AttributeMap$Builder.internalGet(AttributeMap.java:389)
	at AttributeMap$Builder.access$1300(AttributeMap.java:201)
	at AttributeMap$Builder$1.get(AttributeMap.java:403)
	at AwsDefaultClientBuilder.resolveSigningRegion(AwsDefaultClientBuilder.java:319)
	at AttributeMap$DerivedValue.primeCache(AttributeMap.java:604)
	at AttributeMap$DerivedValue.get(AttributeMap.java:593)
	at AttributeMap$Builder.resolveValue(AttributeMap.java:400)
	at java.base/ArrayList.forEach(ArrayList.java:1604)
	at AttributeMap$Builder.build(AttributeMap.java:362)
	at SdkClientConfiguration$Builder.build(SdkClientConfiguration.java:224)
	at AwsDefaultClientBuilder.finalizeAwsConfiguration(AwsDefaultClientBuilder.java:201)
	at AwsDefaultClientBuilder.finalizeChildConfiguration(AwsDefaultClientBuilder.java:172)
	at SdkDefaultClientBuilder.syncClientConfiguration(SdkDefaultClientBuilder.java:204)
	at DefaultS3ClientBuilder.buildClient(DefaultS3ClientBuilder.java:37)
	at DefaultS3ClientBuilder.buildClient(DefaultS3ClientBuilder.java:26)
	at SdkDefaultClientBuilder.build(SdkDefaultClientBuilder.java:171)
	at S3FileSystemLoader.lambda$s3ClientFactory$0(S3FileSystemLoader.java:211)
	at S3FileSystemLoader.s3PreSigner(S3FileSystemLoader.java:228)
	at S3FileSystemLoader.<init>(S3FileSystemLoader.java:92)
	at S3FileSystemLoader.<init>(S3FileSystemLoader.java:79)
	at S3FileSystemFactory.<init>(S3FileSystemFactory.java:39)
	at S3FileSystemFactory$$FastClassByGuice$$3577f71.GUICE$TRAMPOLINE(<generated>)
	at S3FileSystemFactory$$FastClassByGuice$$3577f71.apply(<generated>)
	at DefaultConstructionProxyFactory$FastClassProxy.newInstance(DefaultConstructionProxyFactory.java:82)
	at ConstructorInjector.provision(ConstructorInjector.java:114)
	at ConstructorInjector.access$000(ConstructorInjector.java:33)
	at ConstructorInjector$1.call(ConstructorInjector.java:98)
	at ProvisionListenerStackCallback$Provision.provision(ProvisionListenerStackCallback.java:109)
	at LifeCycleModule.provision(LifeCycleModule.java:70)
	at ProvisionListenerStackCallback$Provision.provision(ProvisionListenerStackCallback.java:117)
	at ProvisionListenerStackCallback.provision(ProvisionListenerStackCallback.java:66)
	at ConstructorInjector.construct(ConstructorInjector.java:93)
	at ConstructorBindingImpl$Factory.get(ConstructorBindingImpl.java:300)
	at FactoryProxy.get(FactoryProxy.java:60)
	at ProviderToInternalFactoryAdapter.get(ProviderToInternalFactoryAdapter.java:40)
	at SingletonScope$1.get(SingletonScope.java:169)
	at InternalFactoryToProviderAdapter.get(InternalFactoryToProviderAdapter.java:45)
	at FactoryProxy.get(FactoryProxy.java:60)
	at SingleParameterInjector.inject(SingleParameterInjector.java:40)
	at RealMapBinder$ExtensionRealMapProvider.doProvision(RealMapBinder.java:808)
	at RealMapBinder$ExtensionRealMapProvider.doProvision(RealMapBinder.java:743)
	at InternalProviderInstanceBindingImpl$Factory$1.call(InternalProviderInstanceBindingImpl.java:120)
	at ProvisionListenerStackCallback$Provision.provision(ProvisionListenerStackCallback.java:109)
	at LifeCycleModule.provision(LifeCycleModule.java:70)
	at ProvisionListenerStackCallback$Provision.provision(ProvisionListenerStackCallback.java:117)
	at ProvisionListenerStackCallback.provision(ProvisionListenerStackCallback.java:66)
	at InternalProviderInstanceBindingImpl$Factory.get(InternalProviderInstanceBindingImpl.java:115)
	at SingleParameterInjector.inject(SingleParameterInjector.java:40)
	at SingleParameterInjector.getAll(SingleParameterInjector.java:60)
	at ProviderMethod.doProvision(ProviderMethod.java:171)
	at InternalProviderInstanceBindingImpl$CyclicFactory.provision(InternalProviderInstanceBindingImpl.java:185)
	at InternalProviderInstanceBindingImpl$CyclicFactory.access$300(InternalProviderInstanceBindingImpl.java:139)
	at InternalProviderInstanceBindingImpl$CyclicFactory$1.call(InternalProviderInstanceBindingImpl.java:169)
	at ProvisionListenerStackCallback$Provision.provision(ProvisionListenerStackCallback.java:109)
	at LifeCycleModule.provision(LifeCycleModule.java:70)
	at ProvisionListenerStackCallback$Provision.provision(ProvisionListenerStackCallback.java:117)
	at ProvisionListenerStackCallback.provision(ProvisionListenerStackCallback.java:66)
	at InternalProviderInstanceBindingImpl$CyclicFactory.get(InternalProviderInstanceBindingImpl.java:164)
	at ProviderToInternalFactoryAdapter.get(ProviderToInternalFactoryAdapter.java:40)
	at SingletonScope$1.get(SingletonScope.java:169)
	at InternalFactoryToProviderAdapter.get(InternalFactoryToProviderAdapter.java:45)
	at SingleParameterInjector.inject(SingleParameterInjector.java:40)
	at SingleParameterInjector.getAll(SingleParameterInjector.java:60)
	at ConstructorInjector.provision(ConstructorInjector.java:113)
	at ConstructorInjector.access$000(ConstructorInjector.java:33)
	at ConstructorInjector$1.call(ConstructorInjector.java:98)
	at ProvisionListenerStackCallback$Provision.provision(ProvisionListenerStackCallback.java:109)
	at LifeCycleModule.provision(LifeCycleModule.java:70)
	at ProvisionListenerStackCallback$Provision.provision(ProvisionListenerStackCallback.java:117)
	at ProvisionListenerStackCallback.provision(ProvisionListenerStackCallback.java:66)
	at ConstructorInjector.construct(ConstructorInjector.java:93)
	at ConstructorBindingImpl$Factory.get(ConstructorBindingImpl.java:300)
	at FactoryProxy.get(FactoryProxy.java:60)
	at ProviderToInternalFactoryAdapter.get(ProviderToInternalFactoryAdapter.java:40)
	at SingletonScope$1.get(SingletonScope.java:169)
	at InternalFactoryToProviderAdapter.get(InternalFactoryToProviderAdapter.java:45)
	at SingleParameterInjector.inject(SingleParameterInjector.java:40)
	at SingleParameterInjector.getAll(SingleParameterInjector.java:60)
	at ConstructorInjector.provision(ConstructorInjector.java:113)
	at ConstructorInjector.access$000(ConstructorInjector.java:33)
	at ConstructorInjector$1.call(ConstructorInjector.java:98)
	at ProvisionListenerStackCallback$Provision.provision(ProvisionListenerStackCallback.java:109)
	at LifeCycleModule.provision(LifeCycleModule.java:70)
	at ProvisionListenerStackCallback$Provision.provision(ProvisionListenerStackCallback.java:117)
	at ProvisionListenerStackCallback.provision(ProvisionListenerStackCallback.java:66)
	at ConstructorInjector.construct(ConstructorInjector.java:93)
	at ConstructorBindingImpl$Factory.get(ConstructorBindingImpl.java:300)
	at ProviderToInternalFactoryAdapter.get(ProviderToInternalFactoryAdapter.java:40)
	at SingletonScope$1.get(SingletonScope.java:169)
	at InternalFactoryToProviderAdapter.get(InternalFactoryToProviderAdapter.java:45)
	at SingleParameterInjector.inject(SingleParameterInjector.java:40)
	at SingleParameterInjector.getAll(SingleParameterInjector.java:60)
	at ConstructorInjector.provision(ConstructorInjector.java:113)
	at ConstructorInjector.access$000(ConstructorInjector.java:33)
	at ConstructorInjector$1.call(ConstructorInjector.java:98)
	at ProvisionListenerStackCallback$Provision.provision(ProvisionListenerStackCallback.java:109)
	at LifeCycleModule.provision(LifeCycleModule.java:70)
	at ProvisionListenerStackCallback$Provision.provision(ProvisionListenerStackCallback.java:117)
	at ProvisionListenerStackCallback.provision(ProvisionListenerStackCallback.java:66)
	at ConstructorInjector.construct(ConstructorInjector.java:93)
	at ConstructorBindingImpl$Factory.get(ConstructorBindingImpl.java:300)
	at ProviderToInternalFactoryAdapter.get(ProviderToInternalFactoryAdapter.java:40)
	at SingletonScope$1.get(SingletonScope.java:169)
	at InternalFactoryToProviderAdapter.get(InternalFactoryToProviderAdapter.java:45)
	at SingleParameterInjector.inject(SingleParameterInjector.java:40)
	at SingleParameterInjector.getAll(SingleParameterInjector.java:60)
	at ConstructorInjector.provision(ConstructorInjector.java:113)
	at ConstructorInjector.access$000(ConstructorInjector.java:33)
	at ConstructorInjector$1.call(ConstructorInjector.java:98)
	at ProvisionListenerStackCallback$Provision.provision(ProvisionListenerStackCallback.java:109)
	at LifeCycleModule.provision(LifeCycleModule.java:70)
	at ProvisionListenerStackCallback$Provision.provision(ProvisionListenerStackCallback.java:117)
	at ProvisionListenerStackCallback.provision(ProvisionListenerStackCallback.java:66)
	at ConstructorInjector.construct(ConstructorInjector.java:93)
	at ConstructorBindingImpl$Factory.get(ConstructorBindingImpl.java:300)
	at FactoryProxy.get(FactoryProxy.java:60)
	at ProviderToInternalFactoryAdapter.get(ProviderToInternalFactoryAdapter.java:40)
	at SingletonScope$1.get(SingletonScope.java:169)
	at InternalFactoryToProviderAdapter.get(InternalFactoryToProviderAdapter.java:45)
	at SingleParameterInjector.inject(SingleParameterInjector.java:40)
	at SingleParameterInjector.getAll(SingleParameterInjector.java:60)
	at ConstructorInjector.provision(ConstructorInjector.java:113)
	at ConstructorInjector.access$000(ConstructorInjector.java:33)
	at ConstructorInjector$1.call(ConstructorInjector.java:98)
	at ProvisionListenerStackCallback$Provision.provision(ProvisionListenerStackCallback.java:109)
	at LifeCycleModule.provision(LifeCycleModule.java:70)
	at ProvisionListenerStackCallback$Provision.provision(ProvisionListenerStackCallback.java:117)
	at ProvisionListenerStackCallback.provision(ProvisionListenerStackCallback.java:66)
	at ConstructorInjector.construct(ConstructorInjector.java:93)
	at ConstructorBindingImpl$Factory.get(ConstructorBindingImpl.java:300)
	at FactoryProxy.get(FactoryProxy.java:60)
	at ProviderToInternalFactoryAdapter.get(ProviderToInternalFactoryAdapter.java:40)
	at SingletonScope$1.get(SingletonScope.java:169)
	at InternalFactoryToProviderAdapter.get(InternalFactoryToProviderAdapter.java:45)
	at InternalInjectorCreator.loadEagerSingletons(InternalInjectorCreator.java:213)
	at InternalInjectorCreator.injectDynamically(InternalInjectorCreator.java:186)
	at InternalInjectorCreator.build(InternalInjectorCreator.java:113)
	at Guice.createInjector(Guice.java:87)
	at Bootstrap.initialize(Bootstrap.java:366)
	at IcebergConnectorFactory.createConnector(IcebergConnectorFactory.java:88)
	at IcebergConnectorFactory.create(IcebergConnectorFactory.java:56)
	at DefaultCatalogFactory.createConnector(DefaultCatalogFactory.java:199)
	at DefaultCatalogFactory.createCatalog(DefaultCatalogFactory.java:124)
	at LazyCatalogFactory.createCatalog(LazyCatalogFactory.java:44)
	at StaticCatalogManager.lambda$loadInitialCatalogs$1(StaticCatalogManager.java:159)
	at java.base/FutureTask.run(FutureTask.java:328)
	at java.base/Executors$RunnableAdapter.call(Executors.java:545)
	at java.base/FutureTask.run(FutureTask.java:328)
	at DirectExecutor.execute(DirectExecutor.java:30)
	at java.base/ExecutorCompletionService.submit(ExecutorCompletionService.java:187)
	at Executors.executeUntilFailure(Executors.java:46)
	at StaticCatalogManager.loadInitialCatalogs(StaticCatalogManager.java:153)
	at Server.doStart(Server.java:140)
	at Server.lambda$start$0(Server.java:79)
	at io.trino.$gen.Trino_479____20260122_182306_1.run(Unknown Source)
	at Server.start(Server.java:79)
	at TrinoServer.main(TrinoServer.java:37)

3) [Guice/ErrorInjectingConstructor]: SdkClientException: Unable to load region from any of the providers in the chain DefaultAwsRegionProviderChain@763f8abc: [SystemSettingsRegionProvider@443f780: Unable to load region from system settings. Region must be specified either via environment variable (AWS_REGION) or  system property (aws.region)., AwsProfileRegionProvider@162e97af: No region provided in profile: default, InstanceProfileRegionProvider@31cb03fb: Unable to contact EC2 metadata service.]
  at S3FileSystemFactory.<init>(S3FileSystemFactory.java:38)
  while locating S3FileSystemFactory
  at java.base/DirectMethodHandleAccessor.invoke(DirectMethodHandleAccessor.java:104)
      \_ installed by: IcebergConnectorFactory$IcebergFileSystemModule -> FileSystemModule -> S3FileSystemModule
  while locating TrinoFileSystemFactory annotated with interface FileSystemS3
  while locating TrinoFileSystemFactory annotated with @Element(setName=,uniqueId=58, type=MAPBINDER, keyType=String)
  at FileSystemModule.createFileSystemFactory(FileSystemModule.java:155)
      \_ for 3rd parameter factories
  at FileSystemModule.createFileSystemFactory(FileSystemModule.java:155)
      \_ installed by: IcebergConnectorFactory$IcebergFileSystemModule -> FileSystemModule
  at DefaultIcebergFileSystemFactory.<init>(DefaultIcebergFileSystemFactory.java:32)
      \_ for 1st parameter fileSystemFactory
  while locating DefaultIcebergFileSystemFactory
  at IcebergModule.configure(IcebergModule.java:141)
  while locating IcebergFileSystemFactory annotated with @RealOptionalBinder$Default
  at IcebergPageSourceProviderFactory.<init>(IcebergPageSourceProviderFactory.java:47)
      \_ for 1st parameter fileSystemFactory
  at IcebergModule.configure(IcebergModule.java:88)
  while locating IcebergPageSourceProviderFactory
  at IcebergModule.configure(IcebergModule.java:87)
  while locating ConnectorPageSourceProviderFactory annotated with interface ForClassLoaderSafe

Learn more:
  https://github.com/google/guice/wiki/ERROR_INJECTING_CONSTRUCTOR
Caused by: SdkClientException: Unable to load region from any of the providers in the chain DefaultAwsRegionProviderChain@763f8abc: [SystemSettingsRegionProvider@443f780: Unable to load region from system settings. Region must be specified either via environment variable (AWS_REGION) or  system property (aws.region)., AwsProfileRegionProvider@162e97af: No region provided in profile: default, InstanceProfileRegionProvider@31cb03fb: Unable to contact EC2 metadata service.]
	at SdkClientException$BuilderImpl.build(SdkClientException.java:130)
	at AwsRegionProviderChain.getRegion(AwsRegionProviderChain.java:70)
	at AwsDefaultClientBuilder.resolveRegion(AwsDefaultClientBuilder.java:374)
	at AttributeMap$DerivedValue.primeCache(AttributeMap.java:604)
	at AttributeMap$DerivedValue.get(AttributeMap.java:593)
	at AttributeMap$Builder.resolveValue(AttributeMap.java:400)
	at AttributeMap$Builder.internalGet(AttributeMap.java:389)
	at AttributeMap$Builder.access$1300(AttributeMap.java:201)
	at AttributeMap$Builder$1.get(AttributeMap.java:403)
	at AwsDefaultClientBuilder.resolveSigningRegion(AwsDefaultClientBuilder.java:319)
	at AttributeMap$DerivedValue.primeCache(AttributeMap.java:604)
	at AttributeMap$DerivedValue.get(AttributeMap.java:593)
	at AttributeMap$Builder.resolveValue(AttributeMap.java:400)
	at java.base/ArrayList.forEach(ArrayList.java:1604)
	at AttributeMap$Builder.build(AttributeMap.java:362)
	at SdkClientConfiguration$Builder.build(SdkClientConfiguration.java:224)
	at AwsDefaultClientBuilder.finalizeAwsConfiguration(AwsDefaultClientBuilder.java:201)
	at AwsDefaultClientBuilder.finalizeChildConfiguration(AwsDefaultClientBuilder.java:172)
	at SdkDefaultClientBuilder.syncClientConfiguration(SdkDefaultClientBuilder.java:204)
	at DefaultS3ClientBuilder.buildClient(DefaultS3ClientBuilder.java:37)
	at DefaultS3ClientBuilder.buildClient(DefaultS3ClientBuilder.java:26)
	at SdkDefaultClientBuilder.build(SdkDefaultClientBuilder.java:171)
	at S3FileSystemLoader.lambda$s3ClientFactory$0(S3FileSystemLoader.java:211)
	at S3FileSystemLoader.s3PreSigner(S3FileSystemLoader.java:228)
	at S3FileSystemLoader.<init>(S3FileSystemLoader.java:92)
	at S3FileSystemLoader.<init>(S3FileSystemLoader.java:79)
	at S3FileSystemFactory.<init>(S3FileSystemFactory.java:39)
	at S3FileSystemFactory$$FastClassByGuice$$3577f71.GUICE$TRAMPOLINE(<generated>)
	at S3FileSystemFactory$$FastClassByGuice$$3577f71.apply(<generated>)
	at DefaultConstructionProxyFactory$FastClassProxy.newInstance(DefaultConstructionProxyFactory.java:82)
	at ConstructorInjector.provision(ConstructorInjector.java:114)
	at ConstructorInjector.access$000(ConstructorInjector.java:33)
	at ConstructorInjector$1.call(ConstructorInjector.java:98)
	at ProvisionListenerStackCallback$Provision.provision(ProvisionListenerStackCallback.java:109)
	at LifeCycleModule.provision(LifeCycleModule.java:70)
	at ProvisionListenerStackCallback$Provision.provision(ProvisionListenerStackCallback.java:117)
	at ProvisionListenerStackCallback.provision(ProvisionListenerStackCallback.java:66)
	at ConstructorInjector.construct(ConstructorInjector.java:93)
	at ConstructorBindingImpl$Factory.get(ConstructorBindingImpl.java:300)
	at FactoryProxy.get(FactoryProxy.java:60)
	at ProviderToInternalFactoryAdapter.get(ProviderToInternalFactoryAdapter.java:40)
	at SingletonScope$1.get(SingletonScope.java:169)
	at InternalFactoryToProviderAdapter.get(InternalFactoryToProviderAdapter.java:45)
	at FactoryProxy.get(FactoryProxy.java:60)
	at SingleParameterInjector.inject(SingleParameterInjector.java:40)
	at RealMapBinder$ExtensionRealMapProvider.doProvision(RealMapBinder.java:808)
	at RealMapBinder$ExtensionRealMapProvider.doProvision(RealMapBinder.java:743)
	at InternalProviderInstanceBindingImpl$Factory$1.call(InternalProviderInstanceBindingImpl.java:120)
	at ProvisionListenerStackCallback$Provision.provision(ProvisionListenerStackCallback.java:109)
	at LifeCycleModule.provision(LifeCycleModule.java:70)
	at ProvisionListenerStackCallback$Provision.provision(ProvisionListenerStackCallback.java:117)
	at ProvisionListenerStackCallback.provision(ProvisionListenerStackCallback.java:66)
	at InternalProviderInstanceBindingImpl$Factory.get(InternalProviderInstanceBindingImpl.java:115)
	at SingleParameterInjector.inject(SingleParameterInjector.java:40)
	at SingleParameterInjector.getAll(SingleParameterInjector.java:60)
	at ProviderMethod.doProvision(ProviderMethod.java:171)
	at InternalProviderInstanceBindingImpl$CyclicFactory.provision(InternalProviderInstanceBindingImpl.java:185)
	at InternalProviderInstanceBindingImpl$CyclicFactory.access$300(InternalProviderInstanceBindingImpl.java:139)
	at InternalProviderInstanceBindingImpl$CyclicFactory$1.call(InternalProviderInstanceBindingImpl.java:169)
	at ProvisionListenerStackCallback$Provision.provision(ProvisionListenerStackCallback.java:109)
	at LifeCycleModule.provision(LifeCycleModule.java:70)
	at ProvisionListenerStackCallback$Provision.provision(ProvisionListenerStackCallback.java:117)
	at ProvisionListenerStackCallback.provision(ProvisionListenerStackCallback.java:66)
	at InternalProviderInstanceBindingImpl$CyclicFactory.get(InternalProviderInstanceBindingImpl.java:164)
	at ProviderToInternalFactoryAdapter.get(ProviderToInternalFactoryAdapter.java:40)
	at SingletonScope$1.get(SingletonScope.java:169)
	at InternalFactoryToProviderAdapter.get(InternalFactoryToProviderAdapter.java:45)
	at SingleParameterInjector.inject(SingleParameterInjector.java:40)
	at SingleParameterInjector.getAll(SingleParameterInjector.java:60)
	at ConstructorInjector.provision(ConstructorInjector.java:113)
	at ConstructorInjector.access$000(ConstructorInjector.java:33)
	at ConstructorInjector$1.call(ConstructorInjector.java:98)
	at ProvisionListenerStackCallback$Provision.provision(ProvisionListenerStackCallback.java:109)
	at LifeCycleModule.provision(LifeCycleModule.java:70)
	at ProvisionListenerStackCallback$Provision.provision(ProvisionListenerStackCallback.java:117)
	at ProvisionListenerStackCallback.provision(ProvisionListenerStackCallback.java:66)
	at ConstructorInjector.construct(ConstructorInjector.java:93)
	at ConstructorBindingImpl$Factory.get(ConstructorBindingImpl.java:300)
	at FactoryProxy.get(FactoryProxy.java:60)
	at ProviderToInternalFactoryAdapter.get(ProviderToInternalFactoryAdapter.java:40)
	at SingletonScope$1.get(SingletonScope.java:169)
	at InternalFactoryToProviderAdapter.get(InternalFactoryToProviderAdapter.java:45)
	at RealOptionalBinder$RealDirectTypeProvider.doProvision(RealOptionalBinder.java:376)
	at InternalProviderInstanceBindingImpl$Factory$1.call(InternalProviderInstanceBindingImpl.java:120)
	at ProvisionListenerStackCallback$Provision.provision(ProvisionListenerStackCallback.java:109)
	at LifeCycleModule.provision(LifeCycleModule.java:70)
	at ProvisionListenerStackCallback$Provision.provision(ProvisionListenerStackCallback.java:117)
	at ProvisionListenerStackCallback.provision(ProvisionListenerStackCallback.java:66)
	at InternalProviderInstanceBindingImpl$Factory.get(InternalProviderInstanceBindingImpl.java:115)
	at SingleParameterInjector.inject(SingleParameterInjector.java:40)
	at SingleParameterInjector.getAll(SingleParameterInjector.java:60)
	at ConstructorInjector.provision(ConstructorInjector.java:113)
	at ConstructorInjector.access$000(ConstructorInjector.java:33)
	at ConstructorInjector$1.call(ConstructorInjector.java:98)
	at ProvisionListenerStackCallback$Provision.provision(ProvisionListenerStackCallback.java:109)
	at LifeCycleModule.provision(LifeCycleModule.java:70)
	at ProvisionListenerStackCallback$Provision.provision(ProvisionListenerStackCallback.java:117)
	at ProvisionListenerStackCallback.provision(ProvisionListenerStackCallback.java:66)
	at ConstructorInjector.construct(ConstructorInjector.java:93)
	at ConstructorBindingImpl$Factory.get(ConstructorBindingImpl.java:300)
	at ProviderToInternalFactoryAdapter.get(ProviderToInternalFactoryAdapter.java:40)
	at SingletonScope$1.get(SingletonScope.java:169)
	at InternalFactoryToProviderAdapter.get(InternalFactoryToProviderAdapter.java:45)
	at FactoryProxy.get(FactoryProxy.java:60)
	at ProviderToInternalFactoryAdapter.get(ProviderToInternalFactoryAdapter.java:40)
	at SingletonScope$1.get(SingletonScope.java:169)
	at InternalFactoryToProviderAdapter.get(InternalFactoryToProviderAdapter.java:45)
	at InternalInjectorCreator.loadEagerSingletons(InternalInjectorCreator.java:213)
	at InternalInjectorCreator.injectDynamically(InternalInjectorCreator.java:186)
	at InternalInjectorCreator.build(InternalInjectorCreator.java:113)
	at Guice.createInjector(Guice.java:87)
	at Bootstrap.initialize(Bootstrap.java:366)
	at IcebergConnectorFactory.createConnector(IcebergConnectorFactory.java:88)
	at IcebergConnectorFactory.create(IcebergConnectorFactory.java:56)
	at DefaultCatalogFactory.createConnector(DefaultCatalogFactory.java:199)
	at DefaultCatalogFactory.createCatalog(DefaultCatalogFactory.java:124)
	at LazyCatalogFactory.createCatalog(LazyCatalogFactory.java:44)
	at StaticCatalogManager.lambda$loadInitialCatalogs$1(StaticCatalogManager.java:159)
	at java.base/FutureTask.run(FutureTask.java:328)
	at java.base/Executors$RunnableAdapter.call(Executors.java:545)
	at java.base/FutureTask.run(FutureTask.java:328)
	at DirectExecutor.execute(DirectExecutor.java:30)
	at java.base/ExecutorCompletionService.submit(ExecutorCompletionService.java:187)
	at Executors.executeUntilFailure(Executors.java:46)
	at StaticCatalogManager.loadInitialCatalogs(StaticCatalogManager.java:153)
	at Server.doStart(Server.java:140)
	at Server.lambda$start$0(Server.java:79)
	at io.trino.$gen.Trino_479____20260122_182306_1.run(Unknown Source)
	at Server.start(Server.java:79)
	at TrinoServer.main(TrinoServer.java:37)

4) [Guice/ErrorInjectingConstructor]: SdkClientException: Unable to load region from any of the providers in the chain DefaultAwsRegionProviderChain@5d657a3a: [SystemSettingsRegionProvider@6b0f06b9: Unable to load region from system settings. Region must be specified either via environment variable (AWS_REGION) or  system property (aws.region)., AwsProfileRegionProvider@17d28608: No region provided in profile: default, InstanceProfileRegionProvider@38ea499c: Unable to contact EC2 metadata service.]
  at S3FileSystemFactory.<init>(S3FileSystemFactory.java:38)
  while locating S3FileSystemFactory
  at java.base/DirectMethodHandleAccessor.invoke(DirectMethodHandleAccessor.java:104)
      \_ installed by: IcebergConnectorFactory$IcebergFileSystemModule -> FileSystemModule -> S3FileSystemModule
  while locating TrinoFileSystemFactory annotated with interface FileSystemS3
  while locating TrinoFileSystemFactory annotated with @Element(setName=,uniqueId=58, type=MAPBINDER, keyType=String)
  at FileSystemModule.createFileSystemFactory(FileSystemModule.java:155)
      \_ for 3rd parameter factories
  at FileSystemModule.createFileSystemFactory(FileSystemModule.java:155)
      \_ installed by: IcebergConnectorFactory$IcebergFileSystemModule -> FileSystemModule
  at DefaultIcebergFileSystemFactory.<init>(DefaultIcebergFileSystemFactory.java:32)
      \_ for 1st parameter fileSystemFactory
  while locating DefaultIcebergFileSystemFactory
  at IcebergModule.configure(IcebergModule.java:141)
  while locating IcebergFileSystemFactory annotated with @RealOptionalBinder$Default
  at IcebergPageSourceProviderFactory.<init>(IcebergPageSourceProviderFactory.java:47)
      \_ for 1st parameter fileSystemFactory
  at IcebergModule.configure(IcebergModule.java:88)
  while locating IcebergPageSourceProviderFactory
  at IcebergModule.configure(IcebergModule.java:87)
  at ClassLoaderSafeConnectorPageSourceProviderFactory.<init>(ClassLoaderSafeConnectorPageSourceProviderFactory.java:31)
      \_ for 1st parameter delegate
  while locating ClassLoaderSafeConnectorPageSourceProviderFactory
  at IcebergModule.configure(IcebergModule.java:89)
  while locating ConnectorPageSourceProviderFactory

Learn more:
  https://github.com/google/guice/wiki/ERROR_INJECTING_CONSTRUCTOR
Caused by: SdkClientException: Unable to load region from any of the providers in the chain DefaultAwsRegionProviderChain@5d657a3a: [SystemSettingsRegionProvider@6b0f06b9: Unable to load region from system settings. Region must be specified either via environment variable (AWS_REGION) or  system property (aws.region)., AwsProfileRegionProvider@17d28608: No region provided in profile: default, InstanceProfileRegionProvider@38ea499c: Unable to contact EC2 metadata service.]
	at SdkClientException$BuilderImpl.build(SdkClientException.java:130)
	at AwsRegionProviderChain.getRegion(AwsRegionProviderChain.java:70)
	at AwsDefaultClientBuilder.resolveRegion(AwsDefaultClientBuilder.java:374)
	at AttributeMap$DerivedValue.primeCache(AttributeMap.java:604)
	at AttributeMap$DerivedValue.get(AttributeMap.java:593)
	at AttributeMap$Builder.resolveValue(AttributeMap.java:400)
	at AttributeMap$Builder.internalGet(AttributeMap.java:389)
	at AttributeMap$Builder.access$1300(AttributeMap.java:201)
	at AttributeMap$Builder$1.get(AttributeMap.java:403)
	at AwsDefaultClientBuilder.resolveSigningRegion(AwsDefaultClientBuilder.java:319)
	at AttributeMap$DerivedValue.primeCache(AttributeMap.java:604)
	at AttributeMap$DerivedValue.get(AttributeMap.java:593)
	at AttributeMap$Builder.resolveValue(AttributeMap.java:400)
	at java.base/ArrayList.forEach(ArrayList.java:1604)
	at AttributeMap$Builder.build(AttributeMap.java:362)
	at SdkClientConfiguration$Builder.build(SdkClientConfiguration.java:224)
	at AwsDefaultClientBuilder.finalizeAwsConfiguration(AwsDefaultClientBuilder.java:201)
	at AwsDefaultClientBuilder.finalizeChildConfiguration(AwsDefaultClientBuilder.java:172)
	at SdkDefaultClientBuilder.syncClientConfiguration(SdkDefaultClientBuilder.java:204)
	at DefaultS3ClientBuilder.buildClient(DefaultS3ClientBuilder.java:37)
	at DefaultS3ClientBuilder.buildClient(DefaultS3ClientBuilder.java:26)
	at SdkDefaultClientBuilder.build(SdkDefaultClientBuilder.java:171)
	at S3FileSystemLoader.lambda$s3ClientFactory$0(S3FileSystemLoader.java:211)
	at S3FileSystemLoader.s3PreSigner(S3FileSystemLoader.java:228)
	at S3FileSystemLoader.<init>(S3FileSystemLoader.java:92)
	at S3FileSystemLoader.<init>(S3FileSystemLoader.java:79)
	at S3FileSystemFactory.<init>(S3FileSystemFactory.java:39)
	at S3FileSystemFactory$$FastClassByGuice$$3577f71.GUICE$TRAMPOLINE(<generated>)
	at S3FileSystemFactory$$FastClassByGuice$$3577f71.apply(<generated>)
	at DefaultConstructionProxyFactory$FastClassProxy.newInstance(DefaultConstructionProxyFactory.java:82)
	at ConstructorInjector.provision(ConstructorInjector.java:114)
	at ConstructorInjector.access$000(ConstructorInjector.java:33)
	at ConstructorInjector$1.call(ConstructorInjector.java:98)
	at ProvisionListenerStackCallback$Provision.provision(ProvisionListenerStackCallback.java:109)
	at LifeCycleModule.provision(LifeCycleModule.java:70)
	at ProvisionListenerStackCallback$Provision.provision(ProvisionListenerStackCallback.java:117)
	at ProvisionListenerStackCallback.provision(ProvisionListenerStackCallback.java:66)
	at ConstructorInjector.construct(ConstructorInjector.java:93)
	at ConstructorBindingImpl$Factory.get(ConstructorBindingImpl.java:300)
	at FactoryProxy.get(FactoryProxy.java:60)
	at ProviderToInternalFactoryAdapter.get(ProviderToInternalFactoryAdapter.java:40)
	at SingletonScope$1.get(SingletonScope.java:169)
	at InternalFactoryToProviderAdapter.get(InternalFactoryToProviderAdapter.java:45)
	at FactoryProxy.get(FactoryProxy.java:60)
	at SingleParameterInjector.inject(SingleParameterInjector.java:40)
	at RealMapBinder$ExtensionRealMapProvider.doProvision(RealMapBinder.java:808)
	at RealMapBinder$ExtensionRealMapProvider.doProvision(RealMapBinder.java:743)
	at InternalProviderInstanceBindingImpl$Factory$1.call(InternalProviderInstanceBindingImpl.java:120)
	at ProvisionListenerStackCallback$Provision.provision(ProvisionListenerStackCallback.java:109)
	at LifeCycleModule.provision(LifeCycleModule.java:70)
	at ProvisionListenerStackCallback$Provision.provision(ProvisionListenerStackCallback.java:117)
	at ProvisionListenerStackCallback.provision(ProvisionListenerStackCallback.java:66)
	at InternalProviderInstanceBindingImpl$Factory.get(InternalProviderInstanceBindingImpl.java:115)
	at SingleParameterInjector.inject(SingleParameterInjector.java:40)
	at SingleParameterInjector.getAll(SingleParameterInjector.java:60)
	at ProviderMethod.doProvision(ProviderMethod.java:171)
	at InternalProviderInstanceBindingImpl$CyclicFactory.provision(InternalProviderInstanceBindingImpl.java:185)
	at InternalProviderInstanceBindingImpl$CyclicFactory.access$300(InternalProviderInstanceBindingImpl.java:139)
	at InternalProviderInstanceBindingImpl$CyclicFactory$1.call(InternalProviderInstanceBindingImpl.java:169)
	at ProvisionListenerStackCallback$Provision.provision(ProvisionListenerStackCallback.java:109)
	at LifeCycleModule.provision(LifeCycleModule.java:70)
	at ProvisionListenerStackCallback$Provision.provision(ProvisionListenerStackCallback.java:117)
	at ProvisionListenerStackCallback.provision(ProvisionListenerStackCallback.java:66)
	at InternalProviderInstanceBindingImpl$CyclicFactory.get(InternalProviderInstanceBindingImpl.java:164)
	at ProviderToInternalFactoryAdapter.get(ProviderToInternalFactoryAdapter.java:40)
	at SingletonScope$1.get(SingletonScope.java:169)
	at InternalFactoryToProviderAdapter.get(InternalFactoryToProviderAdapter.java:45)
	at SingleParameterInjector.inject(SingleParameterInjector.java:40)
	at SingleParameterInjector.getAll(SingleParameterInjector.java:60)
	at ConstructorInjector.provision(ConstructorInjector.java:113)
	at ConstructorInjector.access$000(ConstructorInjector.java:33)
	at ConstructorInjector$1.call(ConstructorInjector.java:98)
	at ProvisionListenerStackCallback$Provision.provision(ProvisionListenerStackCallback.java:109)
	at LifeCycleModule.provision(LifeCycleModule.java:70)
	at ProvisionListenerStackCallback$Provision.provision(ProvisionListenerStackCallback.java:117)
	at ProvisionListenerStackCallback.provision(ProvisionListenerStackCallback.java:66)
	at ConstructorInjector.construct(ConstructorInjector.java:93)
	at ConstructorBindingImpl$Factory.get(ConstructorBindingImpl.java:300)
	at FactoryProxy.get(FactoryProxy.java:60)
	at ProviderToInternalFactoryAdapter.get(ProviderToInternalFactoryAdapter.java:40)
	at SingletonScope$1.get(SingletonScope.java:169)
	at InternalFactoryToProviderAdapter.get(InternalFactoryToProviderAdapter.java:45)
	at RealOptionalBinder$RealDirectTypeProvider.doProvision(RealOptionalBinder.java:376)
	at InternalProviderInstanceBindingImpl$Factory$1.call(InternalProviderInstanceBindingImpl.java:120)
	at ProvisionListenerStackCallback$Provision.provision(ProvisionListenerStackCallback.java:109)
	at LifeCycleModule.provision(LifeCycleModule.java:70)
	at ProvisionListenerStackCallback$Provision.provision(ProvisionListenerStackCallback.java:117)
	at ProvisionListenerStackCallback.provision(ProvisionListenerStackCallback.java:66)
	at InternalProviderInstanceBindingImpl$Factory.get(InternalProviderInstanceBindingImpl.java:115)
	at SingleParameterInjector.inject(SingleParameterInjector.java:40)
	at SingleParameterInjector.getAll(SingleParameterInjector.java:60)
	at ConstructorInjector.provision(ConstructorInjector.java:113)
	at ConstructorInjector.access$000(ConstructorInjector.java:33)
	at ConstructorInjector$1.call(ConstructorInjector.java:98)
	at ProvisionListenerStackCallback$Provision.provision(ProvisionListenerStackCallback.java:109)
	at LifeCycleModule.provision(LifeCycleModule.java:70)
	at ProvisionListenerStackCallback$Provision.provision(ProvisionListenerStackCallback.java:117)
	at ProvisionListenerStackCallback.provision(ProvisionListenerStackCallback.java:66)
	at ConstructorInjector.construct(ConstructorInjector.java:93)
	at ConstructorBindingImpl$Factory.get(ConstructorBindingImpl.java:300)
	at ProviderToInternalFactoryAdapter.get(ProviderToInternalFactoryAdapter.java:40)
	at SingletonScope$1.get(SingletonScope.java:169)
	at InternalFactoryToProviderAdapter.get(InternalFactoryToProviderAdapter.java:45)
	at FactoryProxy.get(FactoryProxy.java:60)
	at ProviderToInternalFactoryAdapter.get(ProviderToInternalFactoryAdapter.java:40)
	at SingletonScope$1.get(SingletonScope.java:169)
	at InternalFactoryToProviderAdapter.get(InternalFactoryToProviderAdapter.java:45)
	at SingleParameterInjector.inject(SingleParameterInjector.java:40)
	at SingleParameterInjector.getAll(SingleParameterInjector.java:60)
	at ConstructorInjector.provision(ConstructorInjector.java:113)
	at ConstructorInjector.access$000(ConstructorInjector.java:33)
	at ConstructorInjector$1.call(ConstructorInjector.java:98)
	at ProvisionListenerStackCallback$Provision.provision(ProvisionListenerStackCallback.java:109)
	at LifeCycleModule.provision(LifeCycleModule.java:70)
	at ProvisionListenerStackCallback$Provision.provision(ProvisionListenerStackCallback.java:117)
	at ProvisionListenerStackCallback.provision(ProvisionListenerStackCallback.java:66)
	at ConstructorInjector.construct(ConstructorInjector.java:93)
	at ConstructorBindingImpl$Factory.get(ConstructorBindingImpl.java:300)
	at FactoryProxy.get(FactoryProxy.java:60)
	at ProviderToInternalFactoryAdapter.get(ProviderToInternalFactoryAdapter.java:40)
	at SingletonScope$1.get(SingletonScope.java:169)
	at InternalFactoryToProviderAdapter.get(InternalFactoryToProviderAdapter.java:45)
	at InternalInjectorCreator.loadEagerSingletons(InternalInjectorCreator.java:213)
	at InternalInjectorCreator.injectDynamically(InternalInjectorCreator.java:186)
	at InternalInjectorCreator.build(InternalInjectorCreator.java:113)
	at Guice.createInjector(Guice.java:87)
	at Bootstrap.initialize(Bootstrap.java:366)
	at IcebergConnectorFactory.createConnector(IcebergConnectorFactory.java:88)
	at IcebergConnectorFactory.create(IcebergConnectorFactory.java:56)
	at DefaultCatalogFactory.createConnector(DefaultCatalogFactory.java:199)
	at DefaultCatalogFactory.createCatalog(DefaultCatalogFactory.java:124)
	at LazyCatalogFactory.createCatalog(LazyCatalogFactory.java:44)
	at StaticCatalogManager.lambda$loadInitialCatalogs$1(StaticCatalogManager.java:159)
	at java.base/FutureTask.run(FutureTask.java:328)
	at java.base/Executors$RunnableAdapter.call(Executors.java:545)
	at java.base/FutureTask.run(FutureTask.java:328)
	at DirectExecutor.execute(DirectExecutor.java:30)
	at java.base/ExecutorCompletionService.submit(ExecutorCompletionService.java:187)
	at Executors.executeUntilFailure(Executors.java:46)
	at StaticCatalogManager.loadInitialCatalogs(StaticCatalogManager.java:153)
	at Server.doStart(Server.java:140)
	at Server.lambda$start$0(Server.java:79)
	at io.trino.$gen.Trino_479____20260122_182306_1.run(Unknown Source)
	at Server.start(Server.java:79)
	at TrinoServer.main(TrinoServer.java:37)

5) [Guice/ErrorInjectingConstructor]: SdkClientException: Unable to load region from any of the providers in the chain DefaultAwsRegionProviderChain@290505f8: [SystemSettingsRegionProvider@5d6eb90d: Unable to load region from system settings. Region must be specified either via environment variable (AWS_REGION) or  system property (aws.region)., AwsProfileRegionProvider@1ffb6ee8: No region provided in profile: default, InstanceProfileRegionProvider@3f8d1391: Unable to contact EC2 metadata service.]
  at S3FileSystemFactory.<init>(S3FileSystemFactory.java:38)
  while locating S3FileSystemFactory
  at java.base/DirectMethodHandleAccessor.invoke(DirectMethodHandleAccessor.java:104)
      \_ installed by: IcebergConnectorFactory$IcebergFileSystemModule -> FileSystemModule -> S3FileSystemModule
  while locating TrinoFileSystemFactory annotated with interface FileSystemS3
  while locating TrinoFileSystemFactory annotated with @Element(setName=,uniqueId=58, type=MAPBINDER, keyType=String)
  at FileSystemModule.createFileSystemFactory(FileSystemModule.java:155)
      \_ for 3rd parameter factories
  at FileSystemModule.createFileSystemFactory(FileSystemModule.java:155)
      \_ installed by: IcebergConnectorFactory$IcebergFileSystemModule -> FileSystemModule
  at DefaultIcebergFileSystemFactory.<init>(DefaultIcebergFileSystemFactory.java:32)
      \_ for 1st parameter fileSystemFactory
  while locating DefaultIcebergFileSystemFactory
  at IcebergModule.configure(IcebergModule.java:141)
  while locating IcebergFileSystemFactory annotated with @RealOptionalBinder$Default
  at IcebergPageSinkProvider.<init>(IcebergPageSinkProvider.java:72)
      \_ for 1st parameter fileSystemFactory
  while locating IcebergPageSinkProvider
  at IcebergModule.configure(IcebergModule.java:90)
  while locating ConnectorPageSinkProvider annotated with interface ForClassLoaderSafe

Learn more:
  https://github.com/google/guice/wiki/ERROR_INJECTING_CONSTRUCTOR
Caused by: SdkClientException: Unable to load region from any of the providers in the chain DefaultAwsRegionProviderChain@290505f8: [SystemSettingsRegionProvider@5d6eb90d: Unable to load region from system settings. Region must be specified either via environment variable (AWS_REGION) or  system property (aws.region)., AwsProfileRegionProvider@1ffb6ee8: No region provided in profile: default, InstanceProfileRegionProvider@3f8d1391: Unable to contact EC2 metadata service.]
	at SdkClientException$BuilderImpl.build(SdkClientException.java:130)
	at AwsRegionProviderChain.getRegion(AwsRegionProviderChain.java:70)
	at AwsDefaultClientBuilder.resolveRegion(AwsDefaultClientBuilder.java:374)
	at AttributeMap$DerivedValue.primeCache(AttributeMap.java:604)
	at AttributeMap$DerivedValue.get(AttributeMap.java:593)
	at AttributeMap$Builder.resolveValue(AttributeMap.java:400)
	at AttributeMap$Builder.internalGet(AttributeMap.java:389)
	at AttributeMap$Builder.access$1300(AttributeMap.java:201)
	at AttributeMap$Builder$1.get(AttributeMap.java:403)
	at AwsDefaultClientBuilder.resolveSigningRegion(AwsDefaultClientBuilder.java:319)
	at AttributeMap$DerivedValue.primeCache(AttributeMap.java:604)
	at AttributeMap$DerivedValue.get(AttributeMap.java:593)
	at AttributeMap$Builder.resolveValue(AttributeMap.java:400)
	at java.base/ArrayList.forEach(ArrayList.java:1604)
	at AttributeMap$Builder.build(AttributeMap.java:362)
	at SdkClientConfiguration$Builder.build(SdkClientConfiguration.java:224)
	at AwsDefaultClientBuilder.finalizeAwsConfiguration(AwsDefaultClientBuilder.java:201)
	at AwsDefaultClientBuilder.finalizeChildConfiguration(AwsDefaultClientBuilder.java:172)
	at SdkDefaultClientBuilder.syncClientConfiguration(SdkDefaultClientBuilder.java:204)
	at DefaultS3ClientBuilder.buildClient(DefaultS3ClientBuilder.java:37)
	at DefaultS3ClientBuilder.buildClient(DefaultS3ClientBuilder.java:26)
	at SdkDefaultClientBuilder.build(SdkDefaultClientBuilder.java:171)
	at S3FileSystemLoader.lambda$s3ClientFactory$0(S3FileSystemLoader.java:211)
	at S3FileSystemLoader.s3PreSigner(S3FileSystemLoader.java:228)
	at S3FileSystemLoader.<init>(S3FileSystemLoader.java:92)
	at S3FileSystemLoader.<init>(S3FileSystemLoader.java:79)
	at S3FileSystemFactory.<init>(S3FileSystemFactory.java:39)
	at S3FileSystemFactory$$FastClassByGuice$$3577f71.GUICE$TRAMPOLINE(<generated>)
	at S3FileSystemFactory$$FastClassByGuice$$3577f71.apply(<generated>)
	at DefaultConstructionProxyFactory$FastClassProxy.newInstance(DefaultConstructionProxyFactory.java:82)
	at ConstructorInjector.provision(ConstructorInjector.java:114)
	at ConstructorInjector.access$000(ConstructorInjector.java:33)
	at ConstructorInjector$1.call(ConstructorInjector.java:98)
	at ProvisionListenerStackCallback$Provision.provision(ProvisionListenerStackCallback.java:109)
	at LifeCycleModule.provision(LifeCycleModule.java:70)
	at ProvisionListenerStackCallback$Provision.provision(ProvisionListenerStackCallback.java:117)
	at ProvisionListenerStackCallback.provision(ProvisionListenerStackCallback.java:66)
	at ConstructorInjector.construct(ConstructorInjector.java:93)
	at ConstructorBindingImpl$Factory.get(ConstructorBindingImpl.java:300)
	at FactoryProxy.get(FactoryProxy.java:60)
	at ProviderToInternalFactoryAdapter.get(ProviderToInternalFactoryAdapter.java:40)
	at SingletonScope$1.get(SingletonScope.java:169)
	at InternalFactoryToProviderAdapter.get(InternalFactoryToProviderAdapter.java:45)
	at FactoryProxy.get(FactoryProxy.java:60)
	at SingleParameterInjector.inject(SingleParameterInjector.java:40)
	at RealMapBinder$ExtensionRealMapProvider.doProvision(RealMapBinder.java:808)
	at RealMapBinder$ExtensionRealMapProvider.doProvision(RealMapBinder.java:743)
	at InternalProviderInstanceBindingImpl$Factory$1.call(InternalProviderInstanceBindingImpl.java:120)
	at ProvisionListenerStackCallback$Provision.provision(ProvisionListenerStackCallback.java:109)
	at LifeCycleModule.provision(LifeCycleModule.java:70)
	at ProvisionListenerStackCallback$Provision.provision(ProvisionListenerStackCallback.java:117)
	at ProvisionListenerStackCallback.provision(ProvisionListenerStackCallback.java:66)
	at InternalProviderInstanceBindingImpl$Factory.get(InternalProviderInstanceBindingImpl.java:115)
	at SingleParameterInjector.inject(SingleParameterInjector.java:40)
	at SingleParameterInjector.getAll(SingleParameterInjector.java:60)
	at ProviderMethod.doProvision(ProviderMethod.java:171)
	at InternalProviderInstanceBindingImpl$CyclicFactory.provision(InternalProviderInstanceBindingImpl.java:185)
	at InternalProviderInstanceBindingImpl$CyclicFactory.access$300(InternalProviderInstanceBindingImpl.java:139)
	at InternalProviderInstanceBindingImpl$CyclicFactory$1.call(InternalProviderInstanceBindingImpl.java:169)
	at ProvisionListenerStackCallback$Provision.provision(ProvisionListenerStackCallback.java:109)
	at LifeCycleModule.provision(LifeCycleModule.java:70)
	at ProvisionListenerStackCallback$Provision.provision(ProvisionListenerStackCallback.java:117)
	at ProvisionListenerStackCallback.provision(ProvisionListenerStackCallback.java:66)
	at InternalProviderInstanceBindingImpl$CyclicFactory.get(InternalProviderInstanceBindingImpl.java:164)
	at ProviderToInternalFactoryAdapter.get(ProviderToInternalFactoryAdapter.java:40)
	at SingletonScope$1.get(SingletonScope.java:169)
	at InternalFactoryToProviderAdapter.get(InternalFactoryToProviderAdapter.java:45)
	at SingleParameterInjector.inject(SingleParameterInjector.java:40)
	at SingleParameterInjector.getAll(SingleParameterInjector.java:60)
	at ConstructorInjector.provision(ConstructorInjector.java:113)
	at ConstructorInjector.access$000(ConstructorInjector.java:33)
	at ConstructorInjector$1.call(ConstructorInjector.java:98)
	at ProvisionListenerStackCallback$Provision.provision(ProvisionListenerStackCallback.java:109)
	at LifeCycleModule.provision(LifeCycleModule.java:70)
	at ProvisionListenerStackCallback$Provision.provision(ProvisionListenerStackCallback.java:117)
	at ProvisionListenerStackCallback.provision(ProvisionListenerStackCallback.java:66)
	at ConstructorInjector.construct(ConstructorInjector.java:93)
	at ConstructorBindingImpl$Factory.get(ConstructorBindingImpl.java:300)
	at FactoryProxy.get(FactoryProxy.java:60)
	at ProviderToInternalFactoryAdapter.get(ProviderToInternalFactoryAdapter.java:40)
	at SingletonScope$1.get(SingletonScope.java:169)
	at InternalFactoryToProviderAdapter.get(InternalFactoryToProviderAdapter.java:45)
	at RealOptionalBinder$RealDirectTypeProvider.doProvision(RealOptionalBinder.java:376)
	at InternalProviderInstanceBindingImpl$Factory$1.call(InternalProviderInstanceBindingImpl.java:120)
	at ProvisionListenerStackCallback$Provision.provision(ProvisionListenerStackCallback.java:109)
	at LifeCycleModule.provision(LifeCycleModule.java:70)
	at ProvisionListenerStackCallback$Provision.provision(ProvisionListenerStackCallback.java:117)
	at ProvisionListenerStackCallback.provision(ProvisionListenerStackCallback.java:66)
	at InternalProviderInstanceBindingImpl$Factory.get(InternalProviderInstanceBindingImpl.java:115)
	at SingleParameterInjector.inject(SingleParameterInjector.java:40)
	at SingleParameterInjector.getAll(SingleParameterInjector.java:60)
	at ConstructorInjector.provision(ConstructorInjector.java:113)
	at ConstructorInjector.access$000(ConstructorInjector.java:33)
	at ConstructorInjector$1.call(ConstructorInjector.java:98)
	at ProvisionListenerStackCallback$Provision.provision(ProvisionListenerStackCallback.java:109)
	at LifeCycleModule.provision(LifeCycleModule.java:70)
	at ProvisionListenerStackCallback$Provision.provision(ProvisionListenerStackCallback.java:117)
	at ProvisionListenerStackCallback.provision(ProvisionListenerStackCallback.java:66)
	at ConstructorInjector.construct(ConstructorInjector.java:93)
	at ConstructorBindingImpl$Factory.get(ConstructorBindingImpl.java:300)
	at FactoryProxy.get(FactoryProxy.java:60)
	at ProviderToInternalFactoryAdapter.get(ProviderToInternalFactoryAdapter.java:40)
	at SingletonScope$1.get(SingletonScope.java:169)
	at InternalFactoryToProviderAdapter.get(InternalFactoryToProviderAdapter.java:45)
	at InternalInjectorCreator.loadEagerSingletons(InternalInjectorCreator.java:213)
	at InternalInjectorCreator.injectDynamically(InternalInjectorCreator.java:186)
	at InternalInjectorCreator.build(InternalInjectorCreator.java:113)
	at Guice.createInjector(Guice.java:87)
	at Bootstrap.initialize(Bootstrap.java:366)
	at IcebergConnectorFactory.createConnector(IcebergConnectorFactory.java:88)
	at IcebergConnectorFactory.create(IcebergConnectorFactory.java:56)
	at DefaultCatalogFactory.createConnector(DefaultCatalogFactory.java:199)
	at DefaultCatalogFactory.createCatalog(DefaultCatalogFactory.java:124)
	at LazyCatalogFactory.createCatalog(LazyCatalogFactory.java:44)
	at StaticCatalogManager.lambda$loadInitialCatalogs$1(StaticCatalogManager.java:159)
	at java.base/FutureTask.run(FutureTask.java:328)
	at java.base/Executors$RunnableAdapter.call(Executors.java:545)
	at java.base/FutureTask.run(FutureTask.java:328)
	at DirectExecutor.execute(DirectExecutor.java:30)
	at java.base/ExecutorCompletionService.submit(ExecutorCompletionService.java:187)
	at Executors.executeUntilFailure(Executors.java:46)
	at StaticCatalogManager.loadInitialCatalogs(StaticCatalogManager.java:153)
	at Server.doStart(Server.java:140)
	at Server.lambda$start$0(Server.java:79)
	at io.trino.$gen.Trino_479____20260122_182306_1.run(Unknown Source)
	at Server.start(Server.java:79)
	at TrinoServer.main(TrinoServer.java:37)

6) [Guice/ErrorInjectingConstructor]: SdkClientException: Unable to load region from any of the providers in the chain DefaultAwsRegionProviderChain@4d17097b: [SystemSettingsRegionProvider@45c1455: Unable to load region from system settings. Region must be specified either via environment variable (AWS_REGION) or  system property (aws.region)., AwsProfileRegionProvider@2152797: No region provided in profile: default, InstanceProfileRegionProvider@6047fd63: Unable to contact EC2 metadata service.]
  at S3FileSystemFactory.<init>(S3FileSystemFactory.java:38)
  while locating S3FileSystemFactory
  at java.base/DirectMethodHandleAccessor.invoke(DirectMethodHandleAccessor.java:104)
      \_ installed by: IcebergConnectorFactory$IcebergFileSystemModule -> FileSystemModule -> S3FileSystemModule
  while locating TrinoFileSystemFactory annotated with interface FileSystemS3
  while locating TrinoFileSystemFactory annotated with @Element(setName=,uniqueId=58, type=MAPBINDER, keyType=String)
  at FileSystemModule.createFileSystemFactory(FileSystemModule.java:155)
      \_ for 3rd parameter factories
  at FileSystemModule.createFileSystemFactory(FileSystemModule.java:155)
      \_ installed by: IcebergConnectorFactory$IcebergFileSystemModule -> FileSystemModule
  at DefaultIcebergFileSystemFactory.<init>(DefaultIcebergFileSystemFactory.java:32)
      \_ for 1st parameter fileSystemFactory
  while locating DefaultIcebergFileSystemFactory
  at IcebergModule.configure(IcebergModule.java:141)
  while locating IcebergFileSystemFactory annotated with @RealOptionalBinder$Default
  at IcebergPageSinkProvider.<init>(IcebergPageSinkProvider.java:72)
      \_ for 1st parameter fileSystemFactory
  while locating IcebergPageSinkProvider
  at IcebergModule.configure(IcebergModule.java:90)
  at ClassLoaderSafeConnectorPageSinkProvider.<init>(ClassLoaderSafeConnectorPageSinkProvider.java:39)
      \_ for 1st parameter delegate
  while locating ClassLoaderSafeConnectorPageSinkProvider
  at IcebergModule.configure(IcebergModule.java:91)
  while locating ConnectorPageSinkProvider

Learn more:
  https://github.com/google/guice/wiki/ERROR_INJECTING_CONSTRUCTOR
Caused by: SdkClientException: Unable to load region from any of the providers in the chain DefaultAwsRegionProviderChain@4d17097b: [SystemSettingsRegionProvider@45c1455: Unable to load region from system settings. Region must be specified either via environment variable (AWS_REGION) or  system property (aws.region)., AwsProfileRegionProvider@2152797: No region provided in profile: default, InstanceProfileRegionProvider@6047fd63: Unable to contact EC2 metadata service.]
	at SdkClientException$BuilderImpl.build(SdkClientException.java:130)
	at AwsRegionProviderChain.getRegion(AwsRegionProviderChain.java:70)
	at AwsDefaultClientBuilder.resolveRegion(AwsDefaultClientBuilder.java:374)
	at AttributeMap$DerivedValue.primeCache(AttributeMap.java:604)
	at AttributeMap$DerivedValue.get(AttributeMap.java:593)
	at AttributeMap$Builder.resolveValue(AttributeMap.java:400)
	at AttributeMap$Builder.internalGet(AttributeMap.java:389)
	at AttributeMap$Builder.access$1300(AttributeMap.java:201)
	at AttributeMap$Builder$1.get(AttributeMap.java:403)
	at AwsDefaultClientBuilder.resolveSigningRegion(AwsDefaultClientBuilder.java:319)
	at AttributeMap$DerivedValue.primeCache(AttributeMap.java:604)
	at AttributeMap$DerivedValue.get(AttributeMap.java:593)
	at AttributeMap$Builder.resolveValue(AttributeMap.java:400)
	at java.base/ArrayList.forEach(ArrayList.java:1604)
	at AttributeMap$Builder.build(AttributeMap.java:362)
	at SdkClientConfiguration$Builder.build(SdkClientConfiguration.java:224)
	at AwsDefaultClientBuilder.finalizeAwsConfiguration(AwsDefaultClientBuilder.java:201)
	at AwsDefaultClientBuilder.finalizeChildConfiguration(AwsDefaultClientBuilder.java:172)
	at SdkDefaultClientBuilder.syncClientConfiguration(SdkDefaultClientBuilder.java:204)
	at DefaultS3ClientBuilder.buildClient(DefaultS3ClientBuilder.java:37)
	at DefaultS3ClientBuilder.buildClient(DefaultS3ClientBuilder.java:26)
	at SdkDefaultClientBuilder.build(SdkDefaultClientBuilder.java:171)
	at S3FileSystemLoader.lambda$s3ClientFactory$0(S3FileSystemLoader.java:211)
	at S3FileSystemLoader.s3PreSigner(S3FileSystemLoader.java:228)
	at S3FileSystemLoader.<init>(S3FileSystemLoader.java:92)
	at S3FileSystemLoader.<init>(S3FileSystemLoader.java:79)
	at S3FileSystemFactory.<init>(S3FileSystemFactory.java:39)
	at S3FileSystemFactory$$FastClassByGuice$$3577f71.GUICE$TRAMPOLINE(<generated>)
	at S3FileSystemFactory$$FastClassByGuice$$3577f71.apply(<generated>)
	at DefaultConstructionProxyFactory$FastClassProxy.newInstance(DefaultConstructionProxyFactory.java:82)
	at ConstructorInjector.provision(ConstructorInjector.java:114)
	at ConstructorInjector.access$000(ConstructorInjector.java:33)
	at ConstructorInjector$1.call(ConstructorInjector.java:98)
	at ProvisionListenerStackCallback$Provision.provision(ProvisionListenerStackCallback.java:109)
	at LifeCycleModule.provision(LifeCycleModule.java:70)
	at ProvisionListenerStackCallback$Provision.provision(ProvisionListenerStackCallback.java:117)
	at ProvisionListenerStackCallback.provision(ProvisionListenerStackCallback.java:66)
	at ConstructorInjector.construct(ConstructorInjector.java:93)
	at ConstructorBindingImpl$Factory.get(ConstructorBindingImpl.java:300)
	at FactoryProxy.get(FactoryProxy.java:60)
	at ProviderToInternalFactoryAdapter.get(ProviderToInternalFactoryAdapter.java:40)
	at SingletonScope$1.get(SingletonScope.java:169)
	at InternalFactoryToProviderAdapter.get(InternalFactoryToProviderAdapter.java:45)
	at FactoryProxy.get(FactoryProxy.java:60)
	at SingleParameterInjector.inject(SingleParameterInjector.java:40)
	at RealMapBinder$ExtensionRealMapProvider.doProvision(RealMapBinder.java:808)
	at RealMapBinder$ExtensionRealMapProvider.doProvision(RealMapBinder.java:743)
	at InternalProviderInstanceBindingImpl$Factory$1.call(InternalProviderInstanceBindingImpl.java:120)
	at ProvisionListenerStackCallback$Provision.provision(ProvisionListenerStackCallback.java:109)
	at LifeCycleModule.provision(LifeCycleModule.java:70)
	at ProvisionListenerStackCallback$Provision.provision(ProvisionListenerStackCallback.java:117)
	at ProvisionListenerStackCallback.provision(ProvisionListenerStackCallback.java:66)
	at InternalProviderInstanceBindingImpl$Factory.get(InternalProviderInstanceBindingImpl.java:115)
	at SingleParameterInjector.inject(SingleParameterInjector.java:40)
	at SingleParameterInjector.getAll(SingleParameterInjector.java:60)
	at ProviderMethod.doProvision(ProviderMethod.java:171)
	at InternalProviderInstanceBindingImpl$CyclicFactory.provision(InternalProviderInstanceBindingImpl.java:185)
	at InternalProviderInstanceBindingImpl$CyclicFactory.access$300(InternalProviderInstanceBindingImpl.java:139)
	at InternalProviderInstanceBindingImpl$CyclicFactory$1.call(InternalProviderInstanceBindingImpl.java:169)
	at ProvisionListenerStackCallback$Provision.provision(ProvisionListenerStackCallback.java:109)
	at LifeCycleModule.provision(LifeCycleModule.java:70)
	at ProvisionListenerStackCallback$Provision.provision(ProvisionListenerStackCallback.java:117)
	at ProvisionListenerStackCallback.provision(ProvisionListenerStackCallback.java:66)
	at InternalProviderInstanceBindingImpl$CyclicFactory.get(InternalProviderInstanceBindingImpl.java:164)
	at ProviderToInternalFactoryAdapter.get(ProviderToInternalFactoryAdapter.java:40)
	at SingletonScope$1.get(SingletonScope.java:169)
	at InternalFactoryToProviderAdapter.get(InternalFactoryToProviderAdapter.java:45)
	at SingleParameterInjector.inject(SingleParameterInjector.java:40)
	at SingleParameterInjector.getAll(SingleParameterInjector.java:60)
	at ConstructorInjector.provision(ConstructorInjector.java:113)
	at ConstructorInjector.access$000(ConstructorInjector.java:33)
	at ConstructorInjector$1.call(ConstructorInjector.java:98)
	at ProvisionListenerStackCallback$Provision.provision(ProvisionListenerStackCallback.java:109)
	at LifeCycleModule.provision(LifeCycleModule.java:70)
	at ProvisionListenerStackCallback$Provision.provision(ProvisionListenerStackCallback.java:117)
	at ProvisionListenerStackCallback.provision(ProvisionListenerStackCallback.java:66)
	at ConstructorInjector.construct(ConstructorInjector.java:93)
	at ConstructorBindingImpl$Factory.get(ConstructorBindingImpl.java:300)
	at FactoryProxy.get(FactoryProxy.java:60)
	at ProviderToInternalFactoryAdapter.get(ProviderToInternalFactoryAdapter.java:40)
	at SingletonScope$1.get(SingletonScope.java:169)
	at InternalFactoryToProviderAdapter.get(InternalFactoryToProviderAdapter.java:45)
	at RealOptionalBinder$RealDirectTypeProvider.doProvision(RealOptionalBinder.java:376)
	at InternalProviderInstanceBindingImpl$Factory$1.call(InternalProviderInstanceBindingImpl.java:120)
	at ProvisionListenerStackCallback$Provision.provision(ProvisionListenerStackCallback.java:109)
	at LifeCycleModule.provision(LifeCycleModule.java:70)
	at ProvisionListenerStackCallback$Provision.provision(ProvisionListenerStackCallback.java:117)
	at ProvisionListenerStackCallback.provision(ProvisionListenerStackCallback.java:66)
	at InternalProviderInstanceBindingImpl$Factory.get(InternalProviderInstanceBindingImpl.java:115)
	at SingleParameterInjector.inject(SingleParameterInjector.java:40)
	at SingleParameterInjector.getAll(SingleParameterInjector.java:60)
	at ConstructorInjector.provision(ConstructorInjector.java:113)
	at ConstructorInjector.access$000(ConstructorInjector.java:33)
	at ConstructorInjector$1.call(ConstructorInjector.java:98)
	at ProvisionListenerStackCallback$Provision.provision(ProvisionListenerStackCallback.java:109)
	at LifeCycleModule.provision(LifeCycleModule.java:70)
	at ProvisionListenerStackCallback$Provision.provision(ProvisionListenerStackCallback.java:117)
	at ProvisionListenerStackCallback.provision(ProvisionListenerStackCallback.java:66)
	at ConstructorInjector.construct(ConstructorInjector.java:93)
	at ConstructorBindingImpl$Factory.get(ConstructorBindingImpl.java:300)
	at FactoryProxy.get(FactoryProxy.java:60)
	at ProviderToInternalFactoryAdapter.get(ProviderToInternalFactoryAdapter.java:40)
	at SingletonScope$1.get(SingletonScope.java:169)
	at InternalFactoryToProviderAdapter.get(InternalFactoryToProviderAdapter.java:45)
	at SingleParameterInjector.inject(SingleParameterInjector.java:40)
	at SingleParameterInjector.getAll(SingleParameterInjector.java:60)
	at ConstructorInjector.provision(ConstructorInjector.java:113)
	at ConstructorInjector.access$000(ConstructorInjector.java:33)
	at ConstructorInjector$1.call(ConstructorInjector.java:98)
	at ProvisionListenerStackCallback$Provision.provision(ProvisionListenerStackCallback.java:109)
	at LifeCycleModule.provision(LifeCycleModule.java:70)
	at ProvisionListenerStackCallback$Provision.provision(ProvisionListenerStackCallback.java:117)
	at ProvisionListenerStackCallback.provision(ProvisionListenerStackCallback.java:66)
	at ConstructorInjector.construct(ConstructorInjector.java:93)
	at ConstructorBindingImpl$Factory.get(ConstructorBindingImpl.java:300)
	at FactoryProxy.get(FactoryProxy.java:60)
	at ProviderToInternalFactoryAdapter.get(ProviderToInternalFactoryAdapter.java:40)
	at SingletonScope$1.get(SingletonScope.java:169)
	at InternalFactoryToProviderAdapter.get(InternalFactoryToProviderAdapter.java:45)
	at InternalInjectorCreator.loadEagerSingletons(InternalInjectorCreator.java:213)
	at InternalInjectorCreator.injectDynamically(InternalInjectorCreator.java:186)
	at InternalInjectorCreator.build(InternalInjectorCreator.java:113)
	at Guice.createInjector(Guice.java:87)
	at Bootstrap.initialize(Bootstrap.java:366)
	at IcebergConnectorFactory.createConnector(IcebergConnectorFactory.java:88)
	at IcebergConnectorFactory.create(IcebergConnectorFactory.java:56)
	at DefaultCatalogFactory.createConnector(DefaultCatalogFactory.java:199)
	at DefaultCatalogFactory.createCatalog(DefaultCatalogFactory.java:124)
	at LazyCatalogFactory.createCatalog(LazyCatalogFactory.java:44)
	at StaticCatalogManager.lambda$loadInitialCatalogs$1(StaticCatalogManager.java:159)
	at java.base/FutureTask.run(FutureTask.java:328)
	at java.base/Executors$RunnableAdapter.call(Executors.java:545)
	at java.base/FutureTask.run(FutureTask.java:328)
	at DirectExecutor.execute(DirectExecutor.java:30)
	at java.base/ExecutorCompletionService.submit(ExecutorCompletionService.java:187)
	at Executors.executeUntilFailure(Executors.java:46)
	at StaticCatalogManager.loadInitialCatalogs(StaticCatalogManager.java:153)
	at Server.doStart(Server.java:140)
	at Server.lambda$start$0(Server.java:79)
	at io.trino.$gen.Trino_479____20260122_182306_1.run(Unknown Source)
	at Server.start(Server.java:79)
	at TrinoServer.main(TrinoServer.java:37)

7) [Guice/ErrorInjectingConstructor]: SdkClientException: Unable to load region from any of the providers in the chain DefaultAwsRegionProviderChain@16cb3161: [SystemSettingsRegionProvider@7de621f: Unable to load region from system settings. Region must be specified either via environment variable (AWS_REGION) or  system property (aws.region)., AwsProfileRegionProvider@447e49c: No region provided in profile: default, InstanceProfileRegionProvider@22651b3a: Unable to contact EC2 metadata service.]
  at S3FileSystemFactory.<init>(S3FileSystemFactory.java:38)
  while locating S3FileSystemFactory
  at java.base/DirectMethodHandleAccessor.invoke(DirectMethodHandleAccessor.java:104)
      \_ installed by: IcebergConnectorFactory$IcebergFileSystemModule -> FileSystemModule -> S3FileSystemModule
  while locating TrinoFileSystemFactory annotated with interface FileSystemS3
  while locating TrinoFileSystemFactory annotated with @Element(setName=,uniqueId=58, type=MAPBINDER, keyType=String)
  at FileSystemModule.createFileSystemFactory(FileSystemModule.java:155)
      \_ for 3rd parameter factories
  at FileSystemModule.createFileSystemFactory(FileSystemModule.java:155)
      \_ installed by: IcebergConnectorFactory$IcebergFileSystemModule -> FileSystemModule
  at TrinoNessieCatalogFactory.<init>(TrinoNessieCatalogFactory.java:52)
      \_ for 3rd parameter fileSystemFactory
  while locating TrinoNessieCatalogFactory
  at java.base/DirectMethodHandleAccessor.invoke(DirectMethodHandleAccessor.java:104)
      \_ installed by: IcebergCatalogModule -> ConditionalModule -> IcebergNessieCatalogModule
  at RollbackToSnapshotProcedure.<init>(RollbackToSnapshotProcedure.java:53)
      \_ for 1st parameter catalogFactory
  while locating RollbackToSnapshotProcedure
  at IcebergModule.configure(IcebergModule.java:118)
  while locating Procedure annotated with @Element(setName=,uniqueId=37, type=MULTIBINDER, keyType=)

Learn more:
  https://github.com/google/guice/wiki/ERROR_INJECTING_CONSTRUCTOR
Caused by: SdkClientException: Unable to load region from any of the providers in the chain DefaultAwsRegionProviderChain@16cb3161: [SystemSettingsRegionProvider@7de621f: Unable to load region from system settings. Region must be specified either via environment variable (AWS_REGION) or  system property (aws.region)., AwsProfileRegionProvider@447e49c: No region provided in profile: default, InstanceProfileRegionProvider@22651b3a: Unable to contact EC2 metadata service.]
	at SdkClientException$BuilderImpl.build(SdkClientException.java:130)
	at AwsRegionProviderChain.getRegion(AwsRegionProviderChain.java:70)
	at AwsDefaultClientBuilder.resolveRegion(AwsDefaultClientBuilder.java:374)
	at AttributeMap$DerivedValue.primeCache(AttributeMap.java:604)
	at AttributeMap$DerivedValue.get(AttributeMap.java:593)
	at AttributeMap$Builder.resolveValue(AttributeMap.java:400)
	at AttributeMap$Builder.internalGet(AttributeMap.java:389)
	at AttributeMap$Builder.access$1300(AttributeMap.java:201)
	at AttributeMap$Builder$1.get(AttributeMap.java:403)
	at AwsDefaultClientBuilder.resolveSigningRegion(AwsDefaultClientBuilder.java:319)
	at AttributeMap$DerivedValue.primeCache(AttributeMap.java:604)
	at AttributeMap$DerivedValue.get(AttributeMap.java:593)
	at AttributeMap$Builder.resolveValue(AttributeMap.java:400)
	at java.base/ArrayList.forEach(ArrayList.java:1604)
	at AttributeMap$Builder.build(AttributeMap.java:362)
	at SdkClientConfiguration$Builder.build(SdkClientConfiguration.java:224)
	at AwsDefaultClientBuilder.finalizeAwsConfiguration(AwsDefaultClientBuilder.java:201)
	at AwsDefaultClientBuilder.finalizeChildConfiguration(AwsDefaultClientBuilder.java:172)
	at SdkDefaultClientBuilder.syncClientConfiguration(SdkDefaultClientBuilder.java:204)
	at DefaultS3ClientBuilder.buildClient(DefaultS3ClientBuilder.java:37)
	at DefaultS3ClientBuilder.buildClient(DefaultS3ClientBuilder.java:26)
	at SdkDefaultClientBuilder.build(SdkDefaultClientBuilder.java:171)
	at S3FileSystemLoader.lambda$s3ClientFactory$0(S3FileSystemLoader.java:211)
	at S3FileSystemLoader.s3PreSigner(S3FileSystemLoader.java:228)
	at S3FileSystemLoader.<init>(S3FileSystemLoader.java:92)
	at S3FileSystemLoader.<init>(S3FileSystemLoader.java:79)
	at S3FileSystemFactory.<init>(S3FileSystemFactory.java:39)
	at S3FileSystemFactory$$FastClassByGuice$$3577f71.GUICE$TRAMPOLINE(<generated>)
	at S3FileSystemFactory$$FastClassByGuice$$3577f71.apply(<generated>)
	at DefaultConstructionProxyFactory$FastClassProxy.newInstance(DefaultConstructionProxyFactory.java:82)
	at ConstructorInjector.provision(ConstructorInjector.java:114)
	at ConstructorInjector.access$000(ConstructorInjector.java:33)
	at ConstructorInjector$1.call(ConstructorInjector.java:98)
	at ProvisionListenerStackCallback$Provision.provision(ProvisionListenerStackCallback.java:109)
	at LifeCycleModule.provision(LifeCycleModule.java:70)
	at ProvisionListenerStackCallback$Provision.provision(ProvisionListenerStackCallback.java:117)
	at ProvisionListenerStackCallback.provision(ProvisionListenerStackCallback.java:66)
	at ConstructorInjector.construct(ConstructorInjector.java:93)
	at ConstructorBindingImpl$Factory.get(ConstructorBindingImpl.java:300)
	at FactoryProxy.get(FactoryProxy.java:60)
	at ProviderToInternalFactoryAdapter.get(ProviderToInternalFactoryAdapter.java:40)
	at SingletonScope$1.get(SingletonScope.java:169)
	at InternalFactoryToProviderAdapter.get(InternalFactoryToProviderAdapter.java:45)
	at FactoryProxy.get(FactoryProxy.java:60)
	at SingleParameterInjector.inject(SingleParameterInjector.java:40)
	at RealMapBinder$ExtensionRealMapProvider.doProvision(RealMapBinder.java:808)
	at RealMapBinder$ExtensionRealMapProvider.doProvision(RealMapBinder.java:743)
	at InternalProviderInstanceBindingImpl$Factory$1.call(InternalProviderInstanceBindingImpl.java:120)
	at ProvisionListenerStackCallback$Provision.provision(ProvisionListenerStackCallback.java:109)
	at LifeCycleModule.provision(LifeCycleModule.java:70)
	at ProvisionListenerStackCallback$Provision.provision(ProvisionListenerStackCallback.java:117)
	at ProvisionListenerStackCallback.provision(ProvisionListenerStackCallback.java:66)
	at InternalProviderInstanceBindingImpl$Factory.get(InternalProviderInstanceBindingImpl.java:115)
	at SingleParameterInjector.inject(SingleParameterInjector.java:40)
	at SingleParameterInjector.getAll(SingleParameterInjector.java:60)
	at ProviderMethod.doProvision(ProviderMethod.java:171)
	at InternalProviderInstanceBindingImpl$CyclicFactory.provision(InternalProviderInstanceBindingImpl.java:185)
	at InternalProviderInstanceBindingImpl$CyclicFactory.access$300(InternalProviderInstanceBindingImpl.java:139)
	at InternalProviderInstanceBindingImpl$CyclicFactory$1.call(InternalProviderInstanceBindingImpl.java:169)
	at ProvisionListenerStackCallback$Provision.provision(ProvisionListenerStackCallback.java:109)
	at LifeCycleModule.provision(LifeCycleModule.java:70)
	at ProvisionListenerStackCallback$Provision.provision(ProvisionListenerStackCallback.java:117)
	at ProvisionListenerStackCallback.provision(ProvisionListenerStackCallback.java:66)
	at InternalProviderInstanceBindingImpl$CyclicFactory.get(InternalProviderInstanceBindingImpl.java:164)
	at ProviderToInternalFactoryAdapter.get(ProviderToInternalFactoryAdapter.java:40)
	at SingletonScope$1.get(SingletonScope.java:169)
	at InternalFactoryToProviderAdapter.get(InternalFactoryToProviderAdapter.java:45)
	at SingleParameterInjector.inject(SingleParameterInjector.java:40)
	at SingleParameterInjector.getAll(SingleParameterInjector.java:60)
	at ConstructorInjector.provision(ConstructorInjector.java:113)
	at ConstructorInjector.access$000(ConstructorInjector.java:33)
	at ConstructorInjector$1.call(ConstructorInjector.java:98)
	at ProvisionListenerStackCallback$Provision.provision(ProvisionListenerStackCallback.java:109)
	at LifeCycleModule.provision(LifeCycleModule.java:70)
	at ProvisionListenerStackCallback$Provision.provision(ProvisionListenerStackCallback.java:117)
	at ProvisionListenerStackCallback.provision(ProvisionListenerStackCallback.java:66)
	at ConstructorInjector.construct(ConstructorInjector.java:93)
	at ConstructorBindingImpl$Factory.get(ConstructorBindingImpl.java:300)
	at FactoryProxy.get(FactoryProxy.java:60)
	at ProviderToInternalFactoryAdapter.get(ProviderToInternalFactoryAdapter.java:40)
	at SingletonScope$1.get(SingletonScope.java:169)
	at InternalFactoryToProviderAdapter.get(InternalFactoryToProviderAdapter.java:45)
	at SingleParameterInjector.inject(SingleParameterInjector.java:40)
	at SingleParameterInjector.getAll(SingleParameterInjector.java:60)
	at ConstructorInjector.provision(ConstructorInjector.java:113)
	at ConstructorInjector.access$000(ConstructorInjector.java:33)
	at ConstructorInjector$1.call(ConstructorInjector.java:98)
	at ProvisionListenerStackCallback$Provision.provision(ProvisionListenerStackCallback.java:109)
	at LifeCycleModule.provision(LifeCycleModule.java:70)
	at ProvisionListenerStackCallback$Provision.provision(ProvisionListenerStackCallback.java:117)
	at ProvisionListenerStackCallback.provision(ProvisionListenerStackCallback.java:66)
	at ConstructorInjector.construct(ConstructorInjector.java:93)
	at ConstructorBindingImpl$Factory.get(ConstructorBindingImpl.java:300)
	at BoundProviderFactory.get(BoundProviderFactory.java:58)
	at ProviderToInternalFactoryAdapter.get(ProviderToInternalFactoryAdapter.java:40)
	at SingletonScope$1.get(SingletonScope.java:169)
	at InternalFactoryToProviderAdapter.get(InternalFactoryToProviderAdapter.java:45)
	at InternalInjectorCreator.loadEagerSingletons(InternalInjectorCreator.java:213)
	at InternalInjectorCreator.injectDynamically(InternalInjectorCreator.java:186)
	at InternalInjectorCreator.build(InternalInjectorCreator.java:113)
	at Guice.createInjector(Guice.java:87)
	at Bootstrap.initialize(Bootstrap.java:366)
	at IcebergConnectorFactory.createConnector(IcebergConnectorFactory.java:88)
	at IcebergConnectorFactory.create(IcebergConnectorFactory.java:56)
	at DefaultCatalogFactory.createConnector(DefaultCatalogFactory.java:199)
	at DefaultCatalogFactory.createCatalog(DefaultCatalogFactory.java:124)
	at LazyCatalogFactory.createCatalog(LazyCatalogFactory.java:44)
	at StaticCatalogManager.lambda$loadInitialCatalogs$1(StaticCatalogManager.java:159)
	at java.base/FutureTask.run(FutureTask.java:328)
	at java.base/Executors$RunnableAdapter.call(Executors.java:545)
	at java.base/FutureTask.run(FutureTask.java:328)
	at DirectExecutor.execute(DirectExecutor.java:30)
	at java.base/ExecutorCompletionService.submit(ExecutorCompletionService.java:187)
	at Executors.executeUntilFailure(Executors.java:46)
	at StaticCatalogManager.loadInitialCatalogs(StaticCatalogManager.java:153)
	at Server.doStart(Server.java:140)
	at Server.lambda$start$0(Server.java:79)
	at io.trino.$gen.Trino_479____20260122_182306_1.run(Unknown Source)
	at Server.start(Server.java:79)
	at TrinoServer.main(TrinoServer.java:37)

8) [Guice/ErrorInjectingConstructor]: SdkClientException: Unable to load region from any of the providers in the chain DefaultAwsRegionProviderChain@103109d3: [SystemSettingsRegionProvider@41ad05d0: Unable to load region from system settings. Region must be specified either via environment variable (AWS_REGION) or  system property (aws.region)., AwsProfileRegionProvider@720aa646: No region provided in profile: default, InstanceProfileRegionProvider@46628728: Unable to contact EC2 metadata service.]
  at S3FileSystemFactory.<init>(S3FileSystemFactory.java:38)
  while locating S3FileSystemFactory
  at java.base/DirectMethodHandleAccessor.invoke(DirectMethodHandleAccessor.java:104)
      \_ installed by: IcebergConnectorFactory$IcebergFileSystemModule -> FileSystemModule -> S3FileSystemModule
  while locating TrinoFileSystemFactory annotated with interface FileSystemS3
  while locating TrinoFileSystemFactory annotated with @Element(setName=,uniqueId=58, type=MAPBINDER, keyType=String)
  at FileSystemModule.createFileSystemFactory(FileSystemModule.java:155)
      \_ for 3rd parameter factories
  at FileSystemModule.createFileSystemFactory(FileSystemModule.java:155)
      \_ installed by: IcebergConnectorFactory$IcebergFileSystemModule -> FileSystemModule
  at TrinoNessieCatalogFactory.<init>(TrinoNessieCatalogFactory.java:52)
      \_ for 3rd parameter fileSystemFactory
  while locating TrinoNessieCatalogFactory
  at java.base/DirectMethodHandleAccessor.invoke(DirectMethodHandleAccessor.java:104)
      \_ installed by: IcebergCatalogModule -> ConditionalModule -> IcebergNessieCatalogModule
  at RegisterTableProcedure.<init>(RegisterTableProcedure.java:89)
      \_ for 1st parameter catalogFactory
  while locating RegisterTableProcedure
  at IcebergModule.configure(IcebergModule.java:119)
  while locating Procedure annotated with @Element(setName=,uniqueId=38, type=MULTIBINDER, keyType=)

Learn more:
  https://github.com/google/guice/wiki/ERROR_INJECTING_CONSTRUCTOR
Caused by: SdkClientException: Unable to load region from any of the providers in the chain DefaultAwsRegionProviderChain@103109d3: [SystemSettingsRegionProvider@41ad05d0: Unable to load region from system settings. Region must be specified either via environment variable (AWS_REGION) or  system property (aws.region)., AwsProfileRegionProvider@720aa646: No region provided in profile: default, InstanceProfileRegionProvider@46628728: Unable to contact EC2 metadata service.]
	at SdkClientException$BuilderImpl.build(SdkClientException.java:130)
	at AwsRegionProviderChain.getRegion(AwsRegionProviderChain.java:70)
	at AwsDefaultClientBuilder.resolveRegion(AwsDefaultClientBuilder.java:374)
	at AttributeMap$DerivedValue.primeCache(AttributeMap.java:604)
	at AttributeMap$DerivedValue.get(AttributeMap.java:593)
	at AttributeMap$Builder.resolveValue(AttributeMap.java:400)
	at AttributeMap$Builder.internalGet(AttributeMap.java:389)
	at AttributeMap$Builder.access$1300(AttributeMap.java:201)
	at AttributeMap$Builder$1.get(AttributeMap.java:403)
	at AwsDefaultClientBuilder.resolveSigningRegion(AwsDefaultClientBuilder.java:319)
	at AttributeMap$DerivedValue.primeCache(AttributeMap.java:604)
	at AttributeMap$DerivedValue.get(AttributeMap.java:593)
	at AttributeMap$Builder.resolveValue(AttributeMap.java:400)
	at java.base/ArrayList.forEach(ArrayList.java:1604)
	at AttributeMap$Builder.build(AttributeMap.java:362)
	at SdkClientConfiguration$Builder.build(SdkClientConfiguration.java:224)
	at AwsDefaultClientBuilder.finalizeAwsConfiguration(AwsDefaultClientBuilder.java:201)
	at AwsDefaultClientBuilder.finalizeChildConfiguration(AwsDefaultClientBuilder.java:172)
	at SdkDefaultClientBuilder.syncClientConfiguration(SdkDefaultClientBuilder.java:204)
	at DefaultS3ClientBuilder.buildClient(DefaultS3ClientBuilder.java:37)
	at DefaultS3ClientBuilder.buildClient(DefaultS3ClientBuilder.java:26)
	at SdkDefaultClientBuilder.build(SdkDefaultClientBuilder.java:171)
	at S3FileSystemLoader.lambda$s3ClientFactory$0(S3FileSystemLoader.java:211)
	at S3FileSystemLoader.s3PreSigner(S3FileSystemLoader.java:228)
	at S3FileSystemLoader.<init>(S3FileSystemLoader.java:92)
	at S3FileSystemLoader.<init>(S3FileSystemLoader.java:79)
	at S3FileSystemFactory.<init>(S3FileSystemFactory.java:39)
	at S3FileSystemFactory$$FastClassByGuice$$3577f71.GUICE$TRAMPOLINE(<generated>)
	at S3FileSystemFactory$$FastClassByGuice$$3577f71.apply(<generated>)
	at DefaultConstructionProxyFactory$FastClassProxy.newInstance(DefaultConstructionProxyFactory.java:82)
	at ConstructorInjector.provision(ConstructorInjector.java:114)
	at ConstructorInjector.access$000(ConstructorInjector.java:33)
	at ConstructorInjector$1.call(ConstructorInjector.java:98)
	at ProvisionListenerStackCallback$Provision.provision(ProvisionListenerStackCallback.java:109)
	at LifeCycleModule.provision(LifeCycleModule.java:70)
	at ProvisionListenerStackCallback$Provision.provision(ProvisionListenerStackCallback.java:117)
	at ProvisionListenerStackCallback.provision(ProvisionListenerStackCallback.java:66)
	at ConstructorInjector.construct(ConstructorInjector.java:93)
	at ConstructorBindingImpl$Factory.get(ConstructorBindingImpl.java:300)
	at FactoryProxy.get(FactoryProxy.java:60)
	at ProviderToInternalFactoryAdapter.get(ProviderToInternalFactoryAdapter.java:40)
	at SingletonScope$1.get(SingletonScope.java:169)
	at InternalFactoryToProviderAdapter.get(InternalFactoryToProviderAdapter.java:45)
	at FactoryProxy.get(FactoryProxy.java:60)
	at SingleParameterInjector.inject(SingleParameterInjector.java:40)
	at RealMapBinder$ExtensionRealMapProvider.doProvision(RealMapBinder.java:808)
	at RealMapBinder$ExtensionRealMapProvider.doProvision(RealMapBinder.java:743)
	at InternalProviderInstanceBindingImpl$Factory$1.call(InternalProviderInstanceBindingImpl.java:120)
	at ProvisionListenerStackCallback$Provision.provision(ProvisionListenerStackCallback.java:109)
	at LifeCycleModule.provision(LifeCycleModule.java:70)
	at ProvisionListenerStackCallback$Provision.provision(ProvisionListenerStackCallback.java:117)
	at ProvisionListenerStackCallback.provision(ProvisionListenerStackCallback.java:66)
	at InternalProviderInstanceBindingImpl$Factory.get(InternalProviderInstanceBindingImpl.java:115)
	at SingleParameterInjector.inject(SingleParameterInjector.java:40)
	at SingleParameterInjector.getAll(SingleParameterInjector.java:60)
	at ProviderMethod.doProvision(ProviderMethod.java:171)
	at InternalProviderInstanceBindingImpl$CyclicFactory.provision(InternalProviderInstanceBindingImpl.java:185)
	at InternalProviderInstanceBindingImpl$CyclicFactory.access$300(InternalProviderInstanceBindingImpl.java:139)
	at InternalProviderInstanceBindingImpl$CyclicFactory$1.call(InternalProviderInstanceBindingImpl.java:169)
	at ProvisionListenerStackCallback$Provision.provision(ProvisionListenerStackCallback.java:109)
	at LifeCycleModule.provision(LifeCycleModule.java:70)
	at ProvisionListenerStackCallback$Provision.provision(ProvisionListenerStackCallback.java:117)
	at ProvisionListenerStackCallback.provision(ProvisionListenerStackCallback.java:66)
	at InternalProviderInstanceBindingImpl$CyclicFactory.get(InternalProviderInstanceBindingImpl.java:164)
	at ProviderToInternalFactoryAdapter.get(ProviderToInternalFactoryAdapter.java:40)
	at SingletonScope$1.get(SingletonScope.java:169)
	at InternalFactoryToProviderAdapter.get(InternalFactoryToProviderAdapter.java:45)
	at SingleParameterInjector.inject(SingleParameterInjector.java:40)
	at SingleParameterInjector.getAll(SingleParameterInjector.java:60)
	at ConstructorInjector.provision(ConstructorInjector.java:113)
	at ConstructorInjector.access$000(ConstructorInjector.java:33)
	at ConstructorInjector$1.call(ConstructorInjector.java:98)
	at ProvisionListenerStackCallback$Provision.provision(ProvisionListenerStackCallback.java:109)
	at LifeCycleModule.provision(LifeCycleModule.java:70)
	at ProvisionListenerStackCallback$Provision.provision(ProvisionListenerStackCallback.java:117)
	at ProvisionListenerStackCallback.provision(ProvisionListenerStackCallback.java:66)
	at ConstructorInjector.construct(ConstructorInjector.java:93)
	at ConstructorBindingImpl$Factory.get(ConstructorBindingImpl.java:300)
	at FactoryProxy.get(FactoryProxy.java:60)
	at ProviderToInternalFactoryAdapter.get(ProviderToInternalFactoryAdapter.java:40)
	at SingletonScope$1.get(SingletonScope.java:169)
	at InternalFactoryToProviderAdapter.get(InternalFactoryToProviderAdapter.java:45)
	at SingleParameterInjector.inject(SingleParameterInjector.java:40)
	at SingleParameterInjector.getAll(SingleParameterInjector.java:60)
	at ConstructorInjector.provision(ConstructorInjector.java:113)
	at ConstructorInjector.access$000(ConstructorInjector.java:33)
	at ConstructorInjector$1.call(ConstructorInjector.java:98)
	at ProvisionListenerStackCallback$Provision.provision(ProvisionListenerStackCallback.java:109)
	at LifeCycleModule.provision(LifeCycleModule.java:70)
	at ProvisionListenerStackCallback$Provision.provision(ProvisionListenerStackCallback.java:117)
	at ProvisionListenerStackCallback.provision(ProvisionListenerStackCallback.java:66)
	at ConstructorInjector.construct(ConstructorInjector.java:93)
	at ConstructorBindingImpl$Factory.get(ConstructorBindingImpl.java:300)
	at BoundProviderFactory.get(BoundProviderFactory.java:58)
	at ProviderToInternalFactoryAdapter.get(ProviderToInternalFactoryAdapter.java:40)
	at SingletonScope$1.get(SingletonScope.java:169)
	at InternalFactoryToProviderAdapter.get(InternalFactoryToProviderAdapter.java:45)
	at InternalInjectorCreator.loadEagerSingletons(InternalInjectorCreator.java:213)
	at InternalInjectorCreator.injectDynamically(InternalInjectorCreator.java:186)
	at InternalInjectorCreator.build(InternalInjectorCreator.java:113)
	at Guice.createInjector(Guice.java:87)
	at Bootstrap.initialize(Bootstrap.java:366)
	at IcebergConnectorFactory.createConnector(IcebergConnectorFactory.java:88)
	at IcebergConnectorFactory.create(IcebergConnectorFactory.java:56)
	at DefaultCatalogFactory.createConnector(DefaultCatalogFactory.java:199)
	at DefaultCatalogFactory.createCatalog(DefaultCatalogFactory.java:124)
	at LazyCatalogFactory.createCatalog(LazyCatalogFactory.java:44)
	at StaticCatalogManager.lambda$loadInitialCatalogs$1(StaticCatalogManager.java:159)
	at java.base/FutureTask.run(FutureTask.java:328)
	at java.base/Executors$RunnableAdapter.call(Executors.java:545)
	at java.base/FutureTask.run(FutureTask.java:328)
	at DirectExecutor.execute(DirectExecutor.java:30)
	at java.base/ExecutorCompletionService.submit(ExecutorCompletionService.java:187)
	at Executors.executeUntilFailure(Executors.java:46)
	at StaticCatalogManager.loadInitialCatalogs(StaticCatalogManager.java:153)
	at Server.doStart(Server.java:140)
	at Server.lambda$start$0(Server.java:79)
	at io.trino.$gen.Trino_479____20260122_182306_1.run(Unknown Source)
	at Server.start(Server.java:79)
	at TrinoServer.main(TrinoServer.java:37)

9) [Guice/ErrorInjectingConstructor]: SdkClientException: Unable to load region from any of the providers in the chain DefaultAwsRegionProviderChain@131c8412: [SystemSettingsRegionProvider@27cd355a: Unable to load region from system settings. Region must be specified either via environment variable (AWS_REGION) or  system property (aws.region)., AwsProfileRegionProvider@7369aeec: No region provided in profile: default, InstanceProfileRegionProvider@6da5a213: Unable to contact EC2 metadata service.]
  at S3FileSystemFactory.<init>(S3FileSystemFactory.java:38)
  while locating S3FileSystemFactory
  at java.base/DirectMethodHandleAccessor.invoke(DirectMethodHandleAccessor.java:104)
      \_ installed by: IcebergConnectorFactory$IcebergFileSystemModule -> FileSystemModule -> S3FileSystemModule
  while locating TrinoFileSystemFactory annotated with interface FileSystemS3
  while locating TrinoFileSystemFactory annotated with @Element(setName=,uniqueId=58, type=MAPBINDER, keyType=String)
  at FileSystemModule.createFileSystemFactory(FileSystemModule.java:155)
      \_ for 3rd parameter factories
  at FileSystemModule.createFileSystemFactory(FileSystemModule.java:155)
      \_ installed by: IcebergConnectorFactory$IcebergFileSystemModule -> FileSystemModule
  at TrinoNessieCatalogFactory.<init>(TrinoNessieCatalogFactory.java:52)
      \_ for 3rd parameter fileSystemFactory
  while locating TrinoNessieCatalogFactory
  at java.base/DirectMethodHandleAccessor.invoke(DirectMethodHandleAccessor.java:104)
      \_ installed by: IcebergCatalogModule -> ConditionalModule -> IcebergNessieCatalogModule
  at UnregisterTableProcedure.<init>(UnregisterTableProcedure.java:60)
      \_ for 1st parameter catalogFactory
  while locating UnregisterTableProcedure
  at IcebergModule.configure(IcebergModule.java:120)
  while locating Procedure annotated with @Element(setName=,uniqueId=39, type=MULTIBINDER, keyType=)

Learn more:
  https://github.com/google/guice/wiki/ERROR_INJECTING_CONSTRUCTOR
Caused by: SdkClientException: Unable to load region from any of the providers in the chain DefaultAwsRegionProviderChain@131c8412: [SystemSettingsRegionProvider@27cd355a: Unable to load region from system settings. Region must be specified either via environment variable (AWS_REGION) or  system property (aws.region)., AwsProfileRegionProvider@7369aeec: No region provided in profile: default, InstanceProfileRegionProvider@6da5a213: Unable to contact EC2 metadata service.]
	at SdkClientException$BuilderImpl.build(SdkClientException.java:130)
	at AwsRegionProviderChain.getRegion(AwsRegionProviderChain.java:70)
	at AwsDefaultClientBuilder.resolveRegion(AwsDefaultClientBuilder.java:374)
	at AttributeMap$DerivedValue.primeCache(AttributeMap.java:604)
	at AttributeMap$DerivedValue.get(AttributeMap.java:593)
	at AttributeMap$Builder.resolveValue(AttributeMap.java:400)
	at AttributeMap$Builder.internalGet(AttributeMap.java:389)
	at AttributeMap$Builder.access$1300(AttributeMap.java:201)
	at AttributeMap$Builder$1.get(AttributeMap.java:403)
	at AwsDefaultClientBuilder.resolveSigningRegion(AwsDefaultClientBuilder.java:319)
	at AttributeMap$DerivedValue.primeCache(AttributeMap.java:604)
	at AttributeMap$DerivedValue.get(AttributeMap.java:593)
	at AttributeMap$Builder.resolveValue(AttributeMap.java:400)
	at java.base/ArrayList.forEach(ArrayList.java:1604)
	at AttributeMap$Builder.build(AttributeMap.java:362)
	at SdkClientConfiguration$Builder.build(SdkClientConfiguration.java:224)
	at AwsDefaultClientBuilder.finalizeAwsConfiguration(AwsDefaultClientBuilder.java:201)
	at AwsDefaultClientBuilder.finalizeChildConfiguration(AwsDefaultClientBuilder.java:172)
	at SdkDefaultClientBuilder.syncClientConfiguration(SdkDefaultClientBuilder.java:204)
	at DefaultS3ClientBuilder.buildClient(DefaultS3ClientBuilder.java:37)
	at DefaultS3ClientBuilder.buildClient(DefaultS3ClientBuilder.java:26)
	at SdkDefaultClientBuilder.build(SdkDefaultClientBuilder.java:171)
	at S3FileSystemLoader.lambda$s3ClientFactory$0(S3FileSystemLoader.java:211)
	at S3FileSystemLoader.s3PreSigner(S3FileSystemLoader.java:228)
	at S3FileSystemLoader.<init>(S3FileSystemLoader.java:92)
	at S3FileSystemLoader.<init>(S3FileSystemLoader.java:79)
	at S3FileSystemFactory.<init>(S3FileSystemFactory.java:39)
	at S3FileSystemFactory$$FastClassByGuice$$3577f71.GUICE$TRAMPOLINE(<generated>)
	at S3FileSystemFactory$$FastClassByGuice$$3577f71.apply(<generated>)
	at DefaultConstructionProxyFactory$FastClassProxy.newInstance(DefaultConstructionProxyFactory.java:82)
	at ConstructorInjector.provision(ConstructorInjector.java:114)
	at ConstructorInjector.access$000(ConstructorInjector.java:33)
	at ConstructorInjector$1.call(ConstructorInjector.java:98)
	at ProvisionListenerStackCallback$Provision.provision(ProvisionListenerStackCallback.java:109)
	at LifeCycleModule.provision(LifeCycleModule.java:70)
	at ProvisionListenerStackCallback$Provision.provision(ProvisionListenerStackCallback.java:117)
	at ProvisionListenerStackCallback.provision(ProvisionListenerStackCallback.java:66)
	at ConstructorInjector.construct(ConstructorInjector.java:93)
	at ConstructorBindingImpl$Factory.get(ConstructorBindingImpl.java:300)
	at FactoryProxy.get(FactoryProxy.java:60)
	at ProviderToInternalFactoryAdapter.get(ProviderToInternalFactoryAdapter.java:40)
	at SingletonScope$1.get(SingletonScope.java:169)
	at InternalFactoryToProviderAdapter.get(InternalFactoryToProviderAdapter.java:45)
	at FactoryProxy.get(FactoryProxy.java:60)
	at SingleParameterInjector.inject(SingleParameterInjector.java:40)
	at RealMapBinder$ExtensionRealMapProvider.doProvision(RealMapBinder.java:808)
	at RealMapBinder$ExtensionRealMapProvider.doProvision(RealMapBinder.java:743)
	at InternalProviderInstanceBindingImpl$Factory$1.call(InternalProviderInstanceBindingImpl.java:120)
	at ProvisionListenerStackCallback$Provision.provision(ProvisionListenerStackCallback.java:109)
	at LifeCycleModule.provision(LifeCycleModule.java:70)
	at ProvisionListenerStackCallback$Provision.provision(ProvisionListenerStackCallback.java:117)
	at ProvisionListenerStackCallback.provision(ProvisionListenerStackCallback.java:66)
	at InternalProviderInstanceBindingImpl$Factory.get(InternalProviderInstanceBindingImpl.java:115)
	at SingleParameterInjector.inject(SingleParameterInjector.java:40)
	at SingleParameterInjector.getAll(SingleParameterInjector.java:60)
	at ProviderMethod.doProvision(ProviderMethod.java:171)
	at InternalProviderInstanceBindingImpl$CyclicFactory.provision(InternalProviderInstanceBindingImpl.java:185)
	at InternalProviderInstanceBindingImpl$CyclicFactory.access$300(InternalProviderInstanceBindingImpl.java:139)
	at InternalProviderInstanceBindingImpl$CyclicFactory$1.call(InternalProviderInstanceBindingImpl.java:169)
	at ProvisionListenerStackCallback$Provision.provision(ProvisionListenerStackCallback.java:109)
	at LifeCycleModule.provision(LifeCycleModule.java:70)
	at ProvisionListenerStackCallback$Provision.provision(ProvisionListenerStackCallback.java:117)
	at ProvisionListenerStackCallback.provision(ProvisionListenerStackCallback.java:66)
	at InternalProviderInstanceBindingImpl$CyclicFactory.get(InternalProviderInstanceBindingImpl.java:164)
	at ProviderToInternalFactoryAdapter.get(ProviderToInternalFactoryAdapter.java:40)
	at SingletonScope$1.get(SingletonScope.java:169)
	at InternalFactoryToProviderAdapter.get(InternalFactoryToProviderAdapter.java:45)
	at SingleParameterInjector.inject(SingleParameterInjector.java:40)
	at SingleParameterInjector.getAll(SingleParameterInjector.java:60)
	at ConstructorInjector.provision(ConstructorInjector.java:113)
	at ConstructorInjector.access$000(ConstructorInjector.java:33)
	at ConstructorInjector$1.call(ConstructorInjector.java:98)
	at ProvisionListenerStackCallback$Provision.provision(ProvisionListenerStackCallback.java:109)
	at LifeCycleModule.provision(LifeCycleModule.java:70)
	at ProvisionListenerStackCallback$Provision.provision(ProvisionListenerStackCallback.java:117)
	at ProvisionListenerStackCallback.provision(ProvisionListenerStackCallback.java:66)
	at ConstructorInjector.construct(ConstructorInjector.java:93)
	at ConstructorBindingImpl$Factory.get(ConstructorBindingImpl.java:300)
	at FactoryProxy.get(FactoryProxy.java:60)
	at ProviderToInternalFactoryAdapter.get(ProviderToInternalFactoryAdapter.java:40)
	at SingletonScope$1.get(SingletonScope.java:169)
	at InternalFactoryToProviderAdapter.get(InternalFactoryToProviderAdapter.java:45)
	at SingleParameterInjector.inject(SingleParameterInjector.java:40)
	at SingleParameterInjector.getAll(SingleParameterInjector.java:60)
	at ConstructorInjector.provision(ConstructorInjector.java:113)
	at ConstructorInjector.access$000(ConstructorInjector.java:33)
	at ConstructorInjector$1.call(ConstructorInjector.java:98)
	at ProvisionListenerStackCallback$Provision.provision(ProvisionListenerStackCallback.java:109)
	at LifeCycleModule.provision(LifeCycleModule.java:70)
	at ProvisionListenerStackCallback$Provision.provision(ProvisionListenerStackCallback.java:117)
	at ProvisionListenerStackCallback.provision(ProvisionListenerStackCallback.java:66)
	at ConstructorInjector.construct(ConstructorInjector.java:93)
	at ConstructorBindingImpl$Factory.get(ConstructorBindingImpl.java:300)
	at BoundProviderFactory.get(BoundProviderFactory.java:58)
	at ProviderToInternalFactoryAdapter.get(ProviderToInternalFactoryAdapter.java:40)
	at SingletonScope$1.get(SingletonScope.java:169)
	at InternalFactoryToProviderAdapter.get(InternalFactoryToProviderAdapter.java:45)
	at InternalInjectorCreator.loadEagerSingletons(InternalInjectorCreator.java:213)
	at InternalInjectorCreator.injectDynamically(InternalInjectorCreator.java:186)
	at InternalInjectorCreator.build(InternalInjectorCreator.java:113)
	at Guice.createInjector(Guice.java:87)
	at Bootstrap.initialize(Bootstrap.java:366)
	at IcebergConnectorFactory.createConnector(IcebergConnectorFactory.java:88)
	at IcebergConnectorFactory.create(IcebergConnectorFactory.java:56)
	at DefaultCatalogFactory.createConnector(DefaultCatalogFactory.java:199)
	at DefaultCatalogFactory.createCatalog(DefaultCatalogFactory.java:124)
	at LazyCatalogFactory.createCatalog(LazyCatalogFactory.java:44)
	at StaticCatalogManager.lambda$loadInitialCatalogs$1(StaticCatalogManager.java:159)
	at java.base/FutureTask.run(FutureTask.java:328)
	at java.base/Executors$RunnableAdapter.call(Executors.java:545)
	at java.base/FutureTask.run(FutureTask.java:328)
	at DirectExecutor.execute(DirectExecutor.java:30)
	at java.base/ExecutorCompletionService.submit(ExecutorCompletionService.java:187)
	at Executors.executeUntilFailure(Executors.java:46)
	at StaticCatalogManager.loadInitialCatalogs(StaticCatalogManager.java:153)
	at Server.doStart(Server.java:140)
	at Server.lambda$start$0(Server.java:79)
	at io.trino.$gen.Trino_479____20260122_182306_1.run(Unknown Source)
	at Server.start(Server.java:79)
	at TrinoServer.main(TrinoServer.java:37)

10) [Guice/ErrorInjectingConstructor]: SdkClientException: Unable to load region from any of the providers in the chain DefaultAwsRegionProviderChain@8ad99cd: [SystemSettingsRegionProvider@5048b102: Unable to load region from system settings. Region must be specified either via environment variable (AWS_REGION) or  system property (aws.region)., AwsProfileRegionProvider@4642534a: No region provided in profile: default, InstanceProfileRegionProvider@848f6dd: Unable to contact EC2 metadata service.]
  at S3FileSystemFactory.<init>(S3FileSystemFactory.java:38)
  while locating S3FileSystemFactory
  at java.base/DirectMethodHandleAccessor.invoke(DirectMethodHandleAccessor.java:104)
      \_ installed by: IcebergConnectorFactory$IcebergFileSystemModule -> FileSystemModule -> S3FileSystemModule
  while locating TrinoFileSystemFactory annotated with interface FileSystemS3
  while locating TrinoFileSystemFactory annotated with @Element(setName=,uniqueId=58, type=MAPBINDER, keyType=String)
  at FileSystemModule.createFileSystemFactory(FileSystemModule.java:155)
      \_ for 3rd parameter factories
  at FileSystemModule.createFileSystemFactory(FileSystemModule.java:155)
      \_ installed by: IcebergConnectorFactory$IcebergFileSystemModule -> FileSystemModule
  at TrinoNessieCatalogFactory.<init>(TrinoNessieCatalogFactory.java:52)
      \_ for 3rd parameter fileSystemFactory
  while locating TrinoNessieCatalogFactory
  at java.base/DirectMethodHandleAccessor.invoke(DirectMethodHandleAccessor.java:104)
      \_ installed by: IcebergCatalogModule -> ConditionalModule -> IcebergNessieCatalogModule
  at TableChangesFunctionProvider.<init>(TableChangesFunctionProvider.java:33)
      \_ for 1st parameter trinoCatalogFactory
  while locating TableChangesFunctionProvider
  at IcebergModule.configure(IcebergModule.java:132)
  while locating ConnectorTableFunction annotated with @Element(setName=,uniqueId=48, type=MULTIBINDER, keyType=)

Learn more:
  https://github.com/google/guice/wiki/ERROR_INJECTING_CONSTRUCTOR
Caused by: SdkClientException: Unable to load region from any of the providers in the chain DefaultAwsRegionProviderChain@8ad99cd: [SystemSettingsRegionProvider@5048b102: Unable to load region from system settings. Region must be specified either via environment variable (AWS_REGION) or  system property (aws.region)., AwsProfileRegionProvider@4642534a: No region provided in profile: default, InstanceProfileRegionProvider@848f6dd: Unable to contact EC2 metadata service.]
	at SdkClientException$BuilderImpl.build(SdkClientException.java:130)
	at AwsRegionProviderChain.getRegion(AwsRegionProviderChain.java:70)
	at AwsDefaultClientBuilder.resolveRegion(AwsDefaultClientBuilder.java:374)
	at AttributeMap$DerivedValue.primeCache(AttributeMap.java:604)
	at AttributeMap$DerivedValue.get(AttributeMap.java:593)
	at AttributeMap$Builder.resolveValue(AttributeMap.java:400)
	at AttributeMap$Builder.internalGet(AttributeMap.java:389)
	at AttributeMap$Builder.access$1300(AttributeMap.java:201)
	at AttributeMap$Builder$1.get(AttributeMap.java:403)
	at AwsDefaultClientBuilder.resolveSigningRegion(AwsDefaultClientBuilder.java:319)
	at AttributeMap$DerivedValue.primeCache(AttributeMap.java:604)
	at AttributeMap$DerivedValue.get(AttributeMap.java:593)
	at AttributeMap$Builder.resolveValue(AttributeMap.java:400)
	at java.base/ArrayList.forEach(ArrayList.java:1604)
	at AttributeMap$Builder.build(AttributeMap.java:362)
	at SdkClientConfiguration$Builder.build(SdkClientConfiguration.java:224)
	at AwsDefaultClientBuilder.finalizeAwsConfiguration(AwsDefaultClientBuilder.java:201)
	at AwsDefaultClientBuilder.finalizeChildConfiguration(AwsDefaultClientBuilder.java:172)
	at SdkDefaultClientBuilder.syncClientConfiguration(SdkDefaultClientBuilder.java:204)
	at DefaultS3ClientBuilder.buildClient(DefaultS3ClientBuilder.java:37)
	at DefaultS3ClientBuilder.buildClient(DefaultS3ClientBuilder.java:26)
	at SdkDefaultClientBuilder.build(SdkDefaultClientBuilder.java:171)
	at S3FileSystemLoader.lambda$s3ClientFactory$0(S3FileSystemLoader.java:211)
	at S3FileSystemLoader.s3PreSigner(S3FileSystemLoader.java:228)
	at S3FileSystemLoader.<init>(S3FileSystemLoader.java:92)
	at S3FileSystemLoader.<init>(S3FileSystemLoader.java:79)
	at S3FileSystemFactory.<init>(S3FileSystemFactory.java:39)
	at S3FileSystemFactory$$FastClassByGuice$$3577f71.GUICE$TRAMPOLINE(<generated>)
	at S3FileSystemFactory$$FastClassByGuice$$3577f71.apply(<generated>)
	at DefaultConstructionProxyFactory$FastClassProxy.newInstance(DefaultConstructionProxyFactory.java:82)
	at ConstructorInjector.provision(ConstructorInjector.java:114)
	at ConstructorInjector.access$000(ConstructorInjector.java:33)
	at ConstructorInjector$1.call(ConstructorInjector.java:98)
	at ProvisionListenerStackCallback$Provision.provision(ProvisionListenerStackCallback.java:109)
	at LifeCycleModule.provision(LifeCycleModule.java:70)
	at ProvisionListenerStackCallback$Provision.provision(ProvisionListenerStackCallback.java:117)
	at ProvisionListenerStackCallback.provision(ProvisionListenerStackCallback.java:66)
	at ConstructorInjector.construct(ConstructorInjector.java:93)
	at ConstructorBindingImpl$Factory.get(ConstructorBindingImpl.java:300)
	at FactoryProxy.get(FactoryProxy.java:60)
	at ProviderToInternalFactoryAdapter.get(ProviderToInternalFactoryAdapter.java:40)
	at SingletonScope$1.get(SingletonScope.java:169)
	at InternalFactoryToProviderAdapter.get(InternalFactoryToProviderAdapter.java:45)
	at FactoryProxy.get(FactoryProxy.java:60)
	at SingleParameterInjector.inject(SingleParameterInjector.java:40)
	at RealMapBinder$ExtensionRealMapProvider.doProvision(RealMapBinder.java:808)
	at RealMapBinder$ExtensionRealMapProvider.doProvision(RealMapBinder.java:743)
	at InternalProviderInstanceBindingImpl$Factory$1.call(InternalProviderInstanceBindingImpl.java:120)
	at ProvisionListenerStackCallback$Provision.provision(ProvisionListenerStackCallback.java:109)
	at LifeCycleModule.provision(LifeCycleModule.java:70)
	at ProvisionListenerStackCallback$Provision.provision(ProvisionListenerStackCallback.java:117)
	at ProvisionListenerStackCallback.provision(ProvisionListenerStackCallback.java:66)
	at InternalProviderInstanceBindingImpl$Factory.get(InternalProviderInstanceBindingImpl.java:115)
	at SingleParameterInjector.inject(SingleParameterInjector.java:40)
	at SingleParameterInjector.getAll(SingleParameterInjector.java:60)
	at ProviderMethod.doProvision(ProviderMethod.java:171)
	at InternalProviderInstanceBindingImpl$CyclicFactory.provision(InternalProviderInstanceBindingImpl.java:185)
	at InternalProviderInstanceBindingImpl$CyclicFactory.access$300(InternalProviderInstanceBindingImpl.java:139)
	at InternalProviderInstanceBindingImpl$CyclicFactory$1.call(InternalProviderInstanceBindingImpl.java:169)
	at ProvisionListenerStackCallback$Provision.provision(ProvisionListenerStackCallback.java:109)
	at LifeCycleModule.provision(LifeCycleModule.java:70)
	at ProvisionListenerStackCallback$Provision.provision(ProvisionListenerStackCallback.java:117)
	at ProvisionListenerStackCallback.provision(ProvisionListenerStackCallback.java:66)
	at InternalProviderInstanceBindingImpl$CyclicFactory.get(InternalProviderInstanceBindingImpl.java:164)
	at ProviderToInternalFactoryAdapter.get(ProviderToInternalFactoryAdapter.java:40)
	at SingletonScope$1.get(SingletonScope.java:169)
	at InternalFactoryToProviderAdapter.get(InternalFactoryToProviderAdapter.java:45)
	at SingleParameterInjector.inject(SingleParameterInjector.java:40)
	at SingleParameterInjector.getAll(SingleParameterInjector.java:60)
	at ConstructorInjector.provision(ConstructorInjector.java:113)
	at ConstructorInjector.access$000(ConstructorInjector.java:33)
	at ConstructorInjector$1.call(ConstructorInjector.java:98)
	at ProvisionListenerStackCallback$Provision.provision(ProvisionListenerStackCallback.java:109)
	at LifeCycleModule.provision(LifeCycleModule.java:70)
	at ProvisionListenerStackCallback$Provision.provision(ProvisionListenerStackCallback.java:117)
	at ProvisionListenerStackCallback.provision(ProvisionListenerStackCallback.java:66)
	at ConstructorInjector.construct(ConstructorInjector.java:93)
	at ConstructorBindingImpl$Factory.get(ConstructorBindingImpl.java:300)
	at FactoryProxy.get(FactoryProxy.java:60)
	at ProviderToInternalFactoryAdapter.get(ProviderToInternalFactoryAdapter.java:40)
	at SingletonScope$1.get(SingletonScope.java:169)
	at InternalFactoryToProviderAdapter.get(InternalFactoryToProviderAdapter.java:45)
	at SingleParameterInjector.inject(SingleParameterInjector.java:40)
	at SingleParameterInjector.getAll(SingleParameterInjector.java:60)
	at ConstructorInjector.provision(ConstructorInjector.java:113)
	at ConstructorInjector.access$000(ConstructorInjector.java:33)
	at ConstructorInjector$1.call(ConstructorInjector.java:98)
	at ProvisionListenerStackCallback$Provision.provision(ProvisionListenerStackCallback.java:109)
	at LifeCycleModule.provision(LifeCycleModule.java:70)
	at ProvisionListenerStackCallback$Provision.provision(ProvisionListenerStackCallback.java:117)
	at ProvisionListenerStackCallback.provision(ProvisionListenerStackCallback.java:66)
	at ConstructorInjector.construct(ConstructorInjector.java:93)
	at ConstructorBindingImpl$Factory.get(ConstructorBindingImpl.java:300)
	at BoundProviderFactory.get(BoundProviderFactory.java:58)
	at ProviderToInternalFactoryAdapter.get(ProviderToInternalFactoryAdapter.java:40)
	at SingletonScope$1.get(SingletonScope.java:169)
	at InternalFactoryToProviderAdapter.get(InternalFactoryToProviderAdapter.java:45)
	at InternalInjectorCreator.loadEagerSingletons(InternalInjectorCreator.java:213)
	at InternalInjectorCreator.injectDynamically(InternalInjectorCreator.java:186)
	at InternalInjectorCreator.build(InternalInjectorCreator.java:113)
	at Guice.createInjector(Guice.java:87)
	at Bootstrap.initialize(Bootstrap.java:366)
	at IcebergConnectorFactory.createConnector(IcebergConnectorFactory.java:88)
	at IcebergConnectorFactory.create(IcebergConnectorFactory.java:56)
	at DefaultCatalogFactory.createConnector(DefaultCatalogFactory.java:199)
	at DefaultCatalogFactory.createCatalog(DefaultCatalogFactory.java:124)
	at LazyCatalogFactory.createCatalog(LazyCatalogFactory.java:44)
	at StaticCatalogManager.lambda$loadInitialCatalogs$1(StaticCatalogManager.java:159)
	at java.base/FutureTask.run(FutureTask.java:328)
	at java.base/Executors$RunnableAdapter.call(Executors.java:545)
	at java.base/FutureTask.run(FutureTask.java:328)
	at DirectExecutor.execute(DirectExecutor.java:30)
	at java.base/ExecutorCompletionService.submit(ExecutorCompletionService.java:187)
	at Executors.executeUntilFailure(Executors.java:46)
	at StaticCatalogManager.loadInitialCatalogs(StaticCatalogManager.java:153)
	at Server.doStart(Server.java:140)
	at Server.lambda$start$0(Server.java:79)
	at io.trino.$gen.Trino_479____20260122_182306_1.run(Unknown Source)
	at Server.start(Server.java:79)
	at TrinoServer.main(TrinoServer.java:37)

11) [Guice/ErrorInjectingConstructor]: SdkClientException: Unable to load region from any of the providers in the chain DefaultAwsRegionProviderChain@2d296418: [SystemSettingsRegionProvider@79fa2af2: Unable to load region from system settings. Region must be specified either via environment variable (AWS_REGION) or  system property (aws.region)., AwsProfileRegionProvider@2acd6251: No region provided in profile: default, InstanceProfileRegionProvider@6b94db6a: Unable to contact EC2 metadata service.]
  at S3FileSystemFactory.<init>(S3FileSystemFactory.java:38)
  while locating S3FileSystemFactory
  at java.base/DirectMethodHandleAccessor.invoke(DirectMethodHandleAccessor.java:104)
      \_ installed by: IcebergConnectorFactory$IcebergFileSystemModule -> FileSystemModule -> S3FileSystemModule
  while locating TrinoFileSystemFactory annotated with interface FileSystemS3
  while locating TrinoFileSystemFactory annotated with @Element(setName=,uniqueId=58, type=MAPBINDER, keyType=String)
  at FileSystemModule.createFileSystemFactory(FileSystemModule.java:155)
      \_ for 3rd parameter factories
  at FileSystemModule.createFileSystemFactory(FileSystemModule.java:155)
      \_ installed by: IcebergConnectorFactory$IcebergFileSystemModule -> FileSystemModule
  at DefaultIcebergFileSystemFactory.<init>(DefaultIcebergFileSystemFactory.java:32)
      \_ for 1st parameter fileSystemFactory
  while locating DefaultIcebergFileSystemFactory
  at IcebergModule.configure(IcebergModule.java:141)
  while locating IcebergFileSystemFactory annotated with @RealOptionalBinder$Default
  at IcebergPageSourceProviderFactory.<init>(IcebergPageSourceProviderFactory.java:47)
      \_ for 1st parameter fileSystemFactory
  at IcebergModule.configure(IcebergModule.java:88)
  at TableChangesFunctionProcessorProviderFactory.<init>(TableChangesFunctionProcessorProviderFactory.java:36)
      \_ for 1st parameter icebergPageSourceProviderFactory
  at IcebergModule.configure(IcebergModule.java:134)
  at IcebergFunctionProvider.<init>(IcebergFunctionProvider.java:118)
      \_ for 1st parameter tableChangesFunctionProcessorProviderFactory
  while locating IcebergFunctionProvider
  at IcebergModule.configure(IcebergModule.java:133)
  while locating FunctionProvider

Learn more:
  https://github.com/google/guice/wiki/ERROR_INJECTING_CONSTRUCTOR
Caused by: SdkClientException: Unable to load region from any of the providers in the chain DefaultAwsRegionProviderChain@2d296418: [SystemSettingsRegionProvider@79fa2af2: Unable to load region from system settings. Region must be specified either via environment variable (AWS_REGION) or  system property (aws.region)., AwsProfileRegionProvider@2acd6251: No region provided in profile: default, InstanceProfileRegionProvider@6b94db6a: Unable to contact EC2 metadata service.]
	at SdkClientException$BuilderImpl.build(SdkClientException.java:130)
	at AwsRegionProviderChain.getRegion(AwsRegionProviderChain.java:70)
	at AwsDefaultClientBuilder.resolveRegion(AwsDefaultClientBuilder.java:374)
	at AttributeMap$DerivedValue.primeCache(AttributeMap.java:604)
	at AttributeMap$DerivedValue.get(AttributeMap.java:593)
	at AttributeMap$Builder.resolveValue(AttributeMap.java:400)
	at AttributeMap$Builder.internalGet(AttributeMap.java:389)
	at AttributeMap$Builder.access$1300(AttributeMap.java:201)
	at AttributeMap$Builder$1.get(AttributeMap.java:403)
	at AwsDefaultClientBuilder.resolveSigningRegion(AwsDefaultClientBuilder.java:319)
	at AttributeMap$DerivedValue.primeCache(AttributeMap.java:604)
	at AttributeMap$DerivedValue.get(AttributeMap.java:593)
	at AttributeMap$Builder.resolveValue(AttributeMap.java:400)
	at java.base/ArrayList.forEach(ArrayList.java:1604)
	at AttributeMap$Builder.build(AttributeMap.java:362)
	at SdkClientConfiguration$Builder.build(SdkClientConfiguration.java:224)
	at AwsDefaultClientBuilder.finalizeAwsConfiguration(AwsDefaultClientBuilder.java:201)
	at AwsDefaultClientBuilder.finalizeChildConfiguration(AwsDefaultClientBuilder.java:172)
	at SdkDefaultClientBuilder.syncClientConfiguration(SdkDefaultClientBuilder.java:204)
	at DefaultS3ClientBuilder.buildClient(DefaultS3ClientBuilder.java:37)
	at DefaultS3ClientBuilder.buildClient(DefaultS3ClientBuilder.java:26)
	at SdkDefaultClientBuilder.build(SdkDefaultClientBuilder.java:171)
	at S3FileSystemLoader.lambda$s3ClientFactory$0(S3FileSystemLoader.java:211)
	at S3FileSystemLoader.s3PreSigner(S3FileSystemLoader.java:228)
	at S3FileSystemLoader.<init>(S3FileSystemLoader.java:92)
	at S3FileSystemLoader.<init>(S3FileSystemLoader.java:79)
	at S3FileSystemFactory.<init>(S3FileSystemFactory.java:39)
	at S3FileSystemFactory$$FastClassByGuice$$3577f71.GUICE$TRAMPOLINE(<generated>)
	at S3FileSystemFactory$$FastClassByGuice$$3577f71.apply(<generated>)
	at DefaultConstructionProxyFactory$FastClassProxy.newInstance(DefaultConstructionProxyFactory.java:82)
	at ConstructorInjector.provision(ConstructorInjector.java:114)
	at ConstructorInjector.access$000(ConstructorInjector.java:33)
	at ConstructorInjector$1.call(ConstructorInjector.java:98)
	at ProvisionListenerStackCallback$Provision.provision(ProvisionListenerStackCallback.java:109)
	at LifeCycleModule.provision(LifeCycleModule.java:70)
	at ProvisionListenerStackCallback$Provision.provision(ProvisionListenerStackCallback.java:117)
	at ProvisionListenerStackCallback.provision(ProvisionListenerStackCallback.java:66)
	at ConstructorInjector.construct(ConstructorInjector.java:93)
	at ConstructorBindingImpl$Factory.get(ConstructorBindingImpl.java:300)
	at FactoryProxy.get(FactoryProxy.java:60)
	at ProviderToInternalFactoryAdapter.get(ProviderToInternalFactoryAdapter.java:40)
	at SingletonScope$1.get(SingletonScope.java:169)
	at InternalFactoryToProviderAdapter.get(InternalFactoryToProviderAdapter.java:45)
	at FactoryProxy.get(FactoryProxy.java:60)
	at SingleParameterInjector.inject(SingleParameterInjector.java:40)
	at RealMapBinder$ExtensionRealMapProvider.doProvision(RealMapBinder.java:808)
	at RealMapBinder$ExtensionRealMapProvider.doProvision(RealMapBinder.java:743)
	at InternalProviderInstanceBindingImpl$Factory$1.call(InternalProviderInstanceBindingImpl.java:120)
	at ProvisionListenerStackCallback$Provision.provision(ProvisionListenerStackCallback.java:109)
	at LifeCycleModule.provision(LifeCycleModule.java:70)
	at ProvisionListenerStackCallback$Provision.provision(ProvisionListenerStackCallback.java:117)
	at ProvisionListenerStackCallback.provision(ProvisionListenerStackCallback.java:66)
	at InternalProviderInstanceBindingImpl$Factory.get(InternalProviderInstanceBindingImpl.java:115)
	at SingleParameterInjector.inject(SingleParameterInjector.java:40)
	at SingleParameterInjector.getAll(SingleParameterInjector.java:60)
	at ProviderMethod.doProvision(ProviderMethod.java:171)
	at InternalProviderInstanceBindingImpl$CyclicFactory.provision(InternalProviderInstanceBindingImpl.java:185)
	at InternalProviderInstanceBindingImpl$CyclicFactory.access$300(InternalProviderInstanceBindingImpl.java:139)
	at InternalProviderInstanceBindingImpl$CyclicFactory$1.call(InternalProviderInstanceBindingImpl.java:169)
	at ProvisionListenerStackCallback$Provision.provision(ProvisionListenerStackCallback.java:109)
	at LifeCycleModule.provision(LifeCycleModule.java:70)
	at ProvisionListenerStackCallback$Provision.provision(ProvisionListenerStackCallback.java:117)
	at ProvisionListenerStackCallback.provision(ProvisionListenerStackCallback.java:66)
	at InternalProviderInstanceBindingImpl$CyclicFactory.get(InternalProviderInstanceBindingImpl.java:164)
	at ProviderToInternalFactoryAdapter.get(ProviderToInternalFactoryAdapter.java:40)
	at SingletonScope$1.get(SingletonScope.java:169)
	at InternalFactoryToProviderAdapter.get(InternalFactoryToProviderAdapter.java:45)
	at SingleParameterInjector.inject(SingleParameterInjector.java:40)
	at SingleParameterInjector.getAll(SingleParameterInjector.java:60)
	at ConstructorInjector.provision(ConstructorInjector.java:113)
	at ConstructorInjector.access$000(ConstructorInjector.java:33)
	at ConstructorInjector$1.call(ConstructorInjector.java:98)
	at ProvisionListenerStackCallback$Provision.provision(ProvisionListenerStackCallback.java:109)
	at LifeCycleModule.provision(LifeCycleModule.java:70)
	at ProvisionListenerStackCallback$Provision.provision(ProvisionListenerStackCallback.java:117)
	at ProvisionListenerStackCallback.provision(ProvisionListenerStackCallback.java:66)
	at ConstructorInjector.construct(ConstructorInjector.java:93)
	at ConstructorBindingImpl$Factory.get(ConstructorBindingImpl.java:300)
	at FactoryProxy.get(FactoryProxy.java:60)
	at ProviderToInternalFactoryAdapter.get(ProviderToInternalFactoryAdapter.java:40)
	at SingletonScope$1.get(SingletonScope.java:169)
	at InternalFactoryToProviderAdapter.get(InternalFactoryToProviderAdapter.java:45)
	at RealOptionalBinder$RealDirectTypeProvider.doProvision(RealOptionalBinder.java:376)
	at InternalProviderInstanceBindingImpl$Factory$1.call(InternalProviderInstanceBindingImpl.java:120)
	at ProvisionListenerStackCallback$Provision.provision(ProvisionListenerStackCallback.java:109)
	at LifeCycleModule.provision(LifeCycleModule.java:70)
	at ProvisionListenerStackCallback$Provision.provision(ProvisionListenerStackCallback.java:117)
	at ProvisionListenerStackCallback.provision(ProvisionListenerStackCallback.java:66)
	at InternalProviderInstanceBindingImpl$Factory.get(InternalProviderInstanceBindingImpl.java:115)
	at SingleParameterInjector.inject(SingleParameterInjector.java:40)
	at SingleParameterInjector.getAll(SingleParameterInjector.java:60)
	at ConstructorInjector.provision(ConstructorInjector.java:113)
	at ConstructorInjector.access$000(ConstructorInjector.java:33)
	at ConstructorInjector$1.call(ConstructorInjector.java:98)
	at ProvisionListenerStackCallback$Provision.provision(ProvisionListenerStackCallback.java:109)
	at LifeCycleModule.provision(LifeCycleModule.java:70)
	at ProvisionListenerStackCallback$Provision.provision(ProvisionListenerStackCallback.java:117)
	at ProvisionListenerStackCallback.provision(ProvisionListenerStackCallback.java:66)
	at ConstructorInjector.construct(ConstructorInjector.java:93)
	at ConstructorBindingImpl$Factory.get(ConstructorBindingImpl.java:300)
	at ProviderToInternalFactoryAdapter.get(ProviderToInternalFactoryAdapter.java:40)
	at SingletonScope$1.get(SingletonScope.java:169)
	at InternalFactoryToProviderAdapter.get(InternalFactoryToProviderAdapter.java:45)
	at SingleParameterInjector.inject(SingleParameterInjector.java:40)
	at SingleParameterInjector.getAll(SingleParameterInjector.java:60)
	at ConstructorInjector.provision(ConstructorInjector.java:113)
	at ConstructorInjector.access$000(ConstructorInjector.java:33)
	at ConstructorInjector$1.call(ConstructorInjector.java:98)
	at ProvisionListenerStackCallback$Provision.provision(ProvisionListenerStackCallback.java:109)
	at LifeCycleModule.provision(LifeCycleModule.java:70)
	at ProvisionListenerStackCallback$Provision.provision(ProvisionListenerStackCallback.java:117)
	at ProvisionListenerStackCallback.provision(ProvisionListenerStackCallback.java:66)
	at ConstructorInjector.construct(ConstructorInjector.java:93)
	at ConstructorBindingImpl$Factory.get(ConstructorBindingImpl.java:300)
	at ProviderToInternalFactoryAdapter.get(ProviderToInternalFactoryAdapter.java:40)
	at SingletonScope$1.get(SingletonScope.java:169)
	at InternalFactoryToProviderAdapter.get(InternalFactoryToProviderAdapter.java:45)
	at SingleParameterInjector.inject(SingleParameterInjector.java:40)
	at SingleParameterInjector.getAll(SingleParameterInjector.java:60)
	at ConstructorInjector.provision(ConstructorInjector.java:113)
	at ConstructorInjector.access$000(ConstructorInjector.java:33)
	at ConstructorInjector$1.call(ConstructorInjector.java:98)
	at ProvisionListenerStackCallback$Provision.provision(ProvisionListenerStackCallback.java:109)
	at LifeCycleModule.provision(LifeCycleModule.java:70)
	at ProvisionListenerStackCallback$Provision.provision(ProvisionListenerStackCallback.java:117)
	at ProvisionListenerStackCallback.provision(ProvisionListenerStackCallback.java:66)
	at ConstructorInjector.construct(ConstructorInjector.java:93)
	at ConstructorBindingImpl$Factory.get(ConstructorBindingImpl.java:300)
	at FactoryProxy.get(FactoryProxy.java:60)
	at ProviderToInternalFactoryAdapter.get(ProviderToInternalFactoryAdapter.java:40)
	at SingletonScope$1.get(SingletonScope.java:169)
	at InternalFactoryToProviderAdapter.get(InternalFactoryToProviderAdapter.java:45)
	at InternalInjectorCreator.loadEagerSingletons(InternalInjectorCreator.java:213)
	at InternalInjectorCreator.injectDynamically(InternalInjectorCreator.java:186)
	at InternalInjectorCreator.build(InternalInjectorCreator.java:113)
	at Guice.createInjector(Guice.java:87)
	at Bootstrap.initialize(Bootstrap.java:366)
	at IcebergConnectorFactory.createConnector(IcebergConnectorFactory.java:88)
	at IcebergConnectorFactory.create(IcebergConnectorFactory.java:56)
	at DefaultCatalogFactory.createConnector(DefaultCatalogFactory.java:199)
	at DefaultCatalogFactory.createCatalog(DefaultCatalogFactory.java:124)
	at LazyCatalogFactory.createCatalog(LazyCatalogFactory.java:44)
	at StaticCatalogManager.lambda$loadInitialCatalogs$1(StaticCatalogManager.java:159)
	at java.base/FutureTask.run(FutureTask.java:328)
	at java.base/Executors$RunnableAdapter.call(Executors.java:545)
	at java.base/FutureTask.run(FutureTask.java:328)
	at DirectExecutor.execute(DirectExecutor.java:30)
	at java.base/ExecutorCompletionService.submit(ExecutorCompletionService.java:187)
	at Executors.executeUntilFailure(Executors.java:46)
	at StaticCatalogManager.loadInitialCatalogs(StaticCatalogManager.java:153)
	at Server.doStart(Server.java:140)
	at Server.lambda$start$0(Server.java:79)
	at io.trino.$gen.Trino_479____20260122_182306_1.run(Unknown Source)
	at Server.start(Server.java:79)
	at TrinoServer.main(TrinoServer.java:37)

12) [Guice/ErrorInjectingConstructor]: SdkClientException: Unable to load region from any of the providers in the chain DefaultAwsRegionProviderChain@2f2a8ce2: [SystemSettingsRegionProvider@55c13347: Unable to load region from system settings. Region must be specified either via environment variable (AWS_REGION) or  system property (aws.region)., AwsProfileRegionProvider@684e436b: No region provided in profile: default, InstanceProfileRegionProvider@277c87e5: Unable to contact EC2 metadata service.]
  at S3FileSystemFactory.<init>(S3FileSystemFactory.java:38)
  while locating S3FileSystemFactory
  at java.base/DirectMethodHandleAccessor.invoke(DirectMethodHandleAccessor.java:104)
      \_ installed by: IcebergConnectorFactory$IcebergFileSystemModule -> FileSystemModule -> S3FileSystemModule
  while locating TrinoFileSystemFactory annotated with interface FileSystemS3
  while locating TrinoFileSystemFactory annotated with @Element(setName=,uniqueId=58, type=MAPBINDER, keyType=String)
  at FileSystemModule.createFileSystemFactory(FileSystemModule.java:155)
      \_ for 3rd parameter factories
  at FileSystemModule.createFileSystemFactory(FileSystemModule.java:155)
      \_ installed by: IcebergConnectorFactory$IcebergFileSystemModule -> FileSystemModule
  at TrinoNessieCatalogFactory.<init>(TrinoNessieCatalogFactory.java:52)
      \_ for 3rd parameter fileSystemFactory
  while locating TrinoNessieCatalogFactory
  at java.base/DirectMethodHandleAccessor.invoke(DirectMethodHandleAccessor.java:104)
      \_ installed by: IcebergCatalogModule -> ConditionalModule -> IcebergNessieCatalogModule
  at IcebergTablesSystemTable.<init>(IcebergTablesSystemTable.java:60)
      \_ for 1st parameter catalogFactory
  while locating IcebergTablesSystemTable
  at IcebergModule.configure(IcebergModule.java:137)
  while locating SystemTable annotated with @Element(setName=,uniqueId=49, type=MULTIBINDER, keyType=)

Learn more:
  https://github.com/google/guice/wiki/ERROR_INJECTING_CONSTRUCTOR
Caused by: SdkClientException: Unable to load region from any of the providers in the chain DefaultAwsRegionProviderChain@2f2a8ce2: [SystemSettingsRegionProvider@55c13347: Unable to load region from system settings. Region must be specified either via environment variable (AWS_REGION) or  system property (aws.region)., AwsProfileRegionProvider@684e436b: No region provided in profile: default, InstanceProfileRegionProvider@277c87e5: Unable to contact EC2 metadata service.]
	at SdkClientException$BuilderImpl.build(SdkClientException.java:130)
	at AwsRegionProviderChain.getRegion(AwsRegionProviderChain.java:70)
	at AwsDefaultClientBuilder.resolveRegion(AwsDefaultClientBuilder.java:374)
	at AttributeMap$DerivedValue.primeCache(AttributeMap.java:604)
	at AttributeMap$DerivedValue.get(AttributeMap.java:593)
	at AttributeMap$Builder.resolveValue(AttributeMap.java:400)
	at AttributeMap$Builder.internalGet(AttributeMap.java:389)
	at AttributeMap$Builder.access$1300(AttributeMap.java:201)
	at AttributeMap$Builder$1.get(AttributeMap.java:403)
	at AwsDefaultClientBuilder.resolveSigningRegion(AwsDefaultClientBuilder.java:319)
	at AttributeMap$DerivedValue.primeCache(AttributeMap.java:604)
	at AttributeMap$DerivedValue.get(AttributeMap.java:593)
	at AttributeMap$Builder.resolveValue(AttributeMap.java:400)
	at java.base/ArrayList.forEach(ArrayList.java:1604)
	at AttributeMap$Builder.build(AttributeMap.java:362)
	at SdkClientConfiguration$Builder.build(SdkClientConfiguration.java:224)
	at AwsDefaultClientBuilder.finalizeAwsConfiguration(AwsDefaultClientBuilder.java:201)
	at AwsDefaultClientBuilder.finalizeChildConfiguration(AwsDefaultClientBuilder.java:172)
	at SdkDefaultClientBuilder.syncClientConfiguration(SdkDefaultClientBuilder.java:204)
	at DefaultS3ClientBuilder.buildClient(DefaultS3ClientBuilder.java:37)
	at DefaultS3ClientBuilder.buildClient(DefaultS3ClientBuilder.java:26)
	at SdkDefaultClientBuilder.build(SdkDefaultClientBuilder.java:171)
	at S3FileSystemLoader.lambda$s3ClientFactory$0(S3FileSystemLoader.java:211)
	at S3FileSystemLoader.s3PreSigner(S3FileSystemLoader.java:228)
	at S3FileSystemLoader.<init>(S3FileSystemLoader.java:92)
	at S3FileSystemLoader.<init>(S3FileSystemLoader.java:79)
	at S3FileSystemFactory.<init>(S3FileSystemFactory.java:39)
	at S3FileSystemFactory$$FastClassByGuice$$3577f71.GUICE$TRAMPOLINE(<generated>)
	at S3FileSystemFactory$$FastClassByGuice$$3577f71.apply(<generated>)
	at DefaultConstructionProxyFactory$FastClassProxy.newInstance(DefaultConstructionProxyFactory.java:82)
	at ConstructorInjector.provision(ConstructorInjector.java:114)
	at ConstructorInjector.access$000(ConstructorInjector.java:33)
	at ConstructorInjector$1.call(ConstructorInjector.java:98)
	at ProvisionListenerStackCallback$Provision.provision(ProvisionListenerStackCallback.java:109)
	at LifeCycleModule.provision(LifeCycleModule.java:70)
	at ProvisionListenerStackCallback$Provision.provision(ProvisionListenerStackCallback.java:117)
	at ProvisionListenerStackCallback.provision(ProvisionListenerStackCallback.java:66)
	at ConstructorInjector.construct(ConstructorInjector.java:93)
	at ConstructorBindingImpl$Factory.get(ConstructorBindingImpl.java:300)
	at FactoryProxy.get(FactoryProxy.java:60)
	at ProviderToInternalFactoryAdapter.get(ProviderToInternalFactoryAdapter.java:40)
	at SingletonScope$1.get(SingletonScope.java:169)
	at InternalFactoryToProviderAdapter.get(InternalFactoryToProviderAdapter.java:45)
	at FactoryProxy.get(FactoryProxy.java:60)
	at SingleParameterInjector.inject(SingleParameterInjector.java:40)
	at RealMapBinder$ExtensionRealMapProvider.doProvision(RealMapBinder.java:808)
	at RealMapBinder$ExtensionRealMapProvider.doProvision(RealMapBinder.java:743)
	at InternalProviderInstanceBindingImpl$Factory$1.call(InternalProviderInstanceBindingImpl.java:120)
	at ProvisionListenerStackCallback$Provision.provision(ProvisionListenerStackCallback.java:109)
	at LifeCycleModule.provision(LifeCycleModule.java:70)
	at ProvisionListenerStackCallback$Provision.provision(ProvisionListenerStackCallback.java:117)
	at ProvisionListenerStackCallback.provision(ProvisionListenerStackCallback.java:66)
	at InternalProviderInstanceBindingImpl$Factory.get(InternalProviderInstanceBindingImpl.java:115)
	at SingleParameterInjector.inject(SingleParameterInjector.java:40)
	at SingleParameterInjector.getAll(SingleParameterInjector.java:60)
	at ProviderMethod.doProvision(ProviderMethod.java:171)
	at InternalProviderInstanceBindingImpl$CyclicFactory.provision(InternalProviderInstanceBindingImpl.java:185)
	at InternalProviderInstanceBindingImpl$CyclicFactory.access$300(InternalProviderInstanceBindingImpl.java:139)
	at InternalProviderInstanceBindingImpl$CyclicFactory$1.call(InternalProviderInstanceBindingImpl.java:169)
	at ProvisionListenerStackCallback$Provision.provision(ProvisionListenerStackCallback.java:109)
	at LifeCycleModule.provision(LifeCycleModule.java:70)
	at ProvisionListenerStackCallback$Provision.provision(ProvisionListenerStackCallback.java:117)
	at ProvisionListenerStackCallback.provision(ProvisionListenerStackCallback.java:66)
	at InternalProviderInstanceBindingImpl$CyclicFactory.get(InternalProviderInstanceBindingImpl.java:164)
	at ProviderToInternalFactoryAdapter.get(ProviderToInternalFactoryAdapter.java:40)
	at SingletonScope$1.get(SingletonScope.java:169)
	at InternalFactoryToProviderAdapter.get(InternalFactoryToProviderAdapter.java:45)
	at SingleParameterInjector.inject(SingleParameterInjector.java:40)
	at SingleParameterInjector.getAll(SingleParameterInjector.java:60)
	at ConstructorInjector.provision(ConstructorInjector.java:113)
	at ConstructorInjector.access$000(ConstructorInjector.java:33)
	at ConstructorInjector$1.call(ConstructorInjector.java:98)
	at ProvisionListenerStackCallback$Provision.provision(ProvisionListenerStackCallback.java:109)
	at LifeCycleModule.provision(LifeCycleModule.java:70)
	at ProvisionListenerStackCallback$Provision.provision(ProvisionListenerStackCallback.java:117)
	at ProvisionListenerStackCallback.provision(ProvisionListenerStackCallback.java:66)
	at ConstructorInjector.construct(ConstructorInjector.java:93)
	at ConstructorBindingImpl$Factory.get(ConstructorBindingImpl.java:300)
	at FactoryProxy.get(FactoryProxy.java:60)
	at ProviderToInternalFactoryAdapter.get(ProviderToInternalFactoryAdapter.java:40)
	at SingletonScope$1.get(SingletonScope.java:169)
	at InternalFactoryToProviderAdapter.get(InternalFactoryToProviderAdapter.java:45)
	at SingleParameterInjector.inject(SingleParameterInjector.java:40)
	at SingleParameterInjector.getAll(SingleParameterInjector.java:60)
	at ConstructorInjector.provision(ConstructorInjector.java:113)
	at ConstructorInjector.access$000(ConstructorInjector.java:33)
	at ConstructorInjector$1.call(ConstructorInjector.java:98)
	at ProvisionListenerStackCallback$Provision.provision(ProvisionListenerStackCallback.java:109)
	at LifeCycleModule.provision(LifeCycleModule.java:70)
	at ProvisionListenerStackCallback$Provision.provision(ProvisionListenerStackCallback.java:117)
	at ProvisionListenerStackCallback.provision(ProvisionListenerStackCallback.java:66)
	at ConstructorInjector.construct(ConstructorInjector.java:93)
	at ConstructorBindingImpl$Factory.get(ConstructorBindingImpl.java:300)
	at FactoryProxy.get(FactoryProxy.java:60)
	at ProviderToInternalFactoryAdapter.get(ProviderToInternalFactoryAdapter.java:40)
	at SingletonScope$1.get(SingletonScope.java:169)
	at InternalFactoryToProviderAdapter.get(InternalFactoryToProviderAdapter.java:45)
	at InternalInjectorCreator.loadEagerSingletons(InternalInjectorCreator.java:213)
	at InternalInjectorCreator.injectDynamically(InternalInjectorCreator.java:186)
	at InternalInjectorCreator.build(InternalInjectorCreator.java:113)
	at Guice.createInjector(Guice.java:87)
	at Bootstrap.initialize(Bootstrap.java:366)
	at IcebergConnectorFactory.createConnector(IcebergConnectorFactory.java:88)
	at IcebergConnectorFactory.create(IcebergConnectorFactory.java:56)
	at DefaultCatalogFactory.createConnector(DefaultCatalogFactory.java:199)
	at DefaultCatalogFactory.createCatalog(DefaultCatalogFactory.java:124)
	at LazyCatalogFactory.createCatalog(LazyCatalogFactory.java:44)
	at StaticCatalogManager.lambda$loadInitialCatalogs$1(StaticCatalogManager.java:159)
	at java.base/FutureTask.run(FutureTask.java:328)
	at java.base/Executors$RunnableAdapter.call(Executors.java:545)
	at java.base/FutureTask.run(FutureTask.java:328)
	at DirectExecutor.execute(DirectExecutor.java:30)
	at java.base/ExecutorCompletionService.submit(ExecutorCompletionService.java:187)
	at Executors.executeUntilFailure(Executors.java:46)
	at StaticCatalogManager.loadInitialCatalogs(StaticCatalogManager.java:153)
	at Server.doStart(Server.java:140)
	at Server.lambda$start$0(Server.java:79)
	at io.trino.$gen.Trino_479____20260122_182306_1.run(Unknown Source)
	at Server.start(Server.java:79)
	at TrinoServer.main(TrinoServer.java:37)

13) [Guice/ErrorInjectingConstructor]: SdkClientException: Unable to load region from any of the providers in the chain DefaultAwsRegionProviderChain@7e51b8d5: [SystemSettingsRegionProvider@2f59ea2e: Unable to load region from system settings. Region must be specified either via environment variable (AWS_REGION) or  system property (aws.region)., AwsProfileRegionProvider@799c0b48: No region provided in profile: default, InstanceProfileRegionProvider@4f840404: Unable to contact EC2 metadata service.]
  at S3FileSystemFactory.<init>(S3FileSystemFactory.java:38)
  while locating S3FileSystemFactory
  at java.base/DirectMethodHandleAccessor.invoke(DirectMethodHandleAccessor.java:104)
      \_ installed by: IcebergConnectorFactory$IcebergFileSystemModule -> FileSystemModule -> S3FileSystemModule
  while locating TrinoFileSystemFactory annotated with interface FileSystemS3
  while locating TrinoFileSystemFactory annotated with @Element(setName=,uniqueId=58, type=MAPBINDER, keyType=String)
  at FileSystemModule.createFileSystemFactory(FileSystemModule.java:155)
      \_ for 3rd parameter factories
  at FileSystemModule.createFileSystemFactory(FileSystemModule.java:155)
      \_ installed by: IcebergConnectorFactory$IcebergFileSystemModule -> FileSystemModule
  at DefaultIcebergFileSystemFactory.<init>(DefaultIcebergFileSystemFactory.java:32)
      \_ for 1st parameter fileSystemFactory
  while locating DefaultIcebergFileSystemFactory
  at IcebergModule.configure(IcebergModule.java:141)
  while locating IcebergFileSystemFactory annotated with @RealOptionalBinder$Default

Learn more:
  https://github.com/google/guice/wiki/ERROR_INJECTING_CONSTRUCTOR
Caused by: SdkClientException: Unable to load region from any of the providers in the chain DefaultAwsRegionProviderChain@7e51b8d5: [SystemSettingsRegionProvider@2f59ea2e: Unable to load region from system settings. Region must be specified either via environment variable (AWS_REGION) or  system property (aws.region)., AwsProfileRegionProvider@799c0b48: No region provided in profile: default, InstanceProfileRegionProvider@4f840404: Unable to contact EC2 metadata service.]
	at SdkClientException$BuilderImpl.build(SdkClientException.java:130)
	at AwsRegionProviderChain.getRegion(AwsRegionProviderChain.java:70)
	at AwsDefaultClientBuilder.resolveRegion(AwsDefaultClientBuilder.java:374)
	at AttributeMap$DerivedValue.primeCache(AttributeMap.java:604)
	at AttributeMap$DerivedValue.get(AttributeMap.java:593)
	at AttributeMap$Builder.resolveValue(AttributeMap.java:400)
	at AttributeMap$Builder.internalGet(AttributeMap.java:389)
	at AttributeMap$Builder.access$1300(AttributeMap.java:201)
	at AttributeMap$Builder$1.get(AttributeMap.java:403)
	at AwsDefaultClientBuilder.resolveSigningRegion(AwsDefaultClientBuilder.java:319)
	at AttributeMap$DerivedValue.primeCache(AttributeMap.java:604)
	at AttributeMap$DerivedValue.get(AttributeMap.java:593)
	at AttributeMap$Builder.resolveValue(AttributeMap.java:400)
	at java.base/ArrayList.forEach(ArrayList.java:1604)
	at AttributeMap$Builder.build(AttributeMap.java:362)
	at SdkClientConfiguration$Builder.build(SdkClientConfiguration.java:224)
	at AwsDefaultClientBuilder.finalizeAwsConfiguration(AwsDefaultClientBuilder.java:201)
	at AwsDefaultClientBuilder.finalizeChildConfiguration(AwsDefaultClientBuilder.java:172)
	at SdkDefaultClientBuilder.syncClientConfiguration(SdkDefaultClientBuilder.java:204)
	at DefaultS3ClientBuilder.buildClient(DefaultS3ClientBuilder.java:37)
	at DefaultS3ClientBuilder.buildClient(DefaultS3ClientBuilder.java:26)
	at SdkDefaultClientBuilder.build(SdkDefaultClientBuilder.java:171)
	at S3FileSystemLoader.lambda$s3ClientFactory$0(S3FileSystemLoader.java:211)
	at S3FileSystemLoader.s3PreSigner(S3FileSystemLoader.java:228)
	at S3FileSystemLoader.<init>(S3FileSystemLoader.java:92)
	at S3FileSystemLoader.<init>(S3FileSystemLoader.java:79)
	at S3FileSystemFactory.<init>(S3FileSystemFactory.java:39)
	at S3FileSystemFactory$$FastClassByGuice$$3577f71.GUICE$TRAMPOLINE(<generated>)
	at S3FileSystemFactory$$FastClassByGuice$$3577f71.apply(<generated>)
	at DefaultConstructionProxyFactory$FastClassProxy.newInstance(DefaultConstructionProxyFactory.java:82)
	at ConstructorInjector.provision(ConstructorInjector.java:114)
	at ConstructorInjector.access$000(ConstructorInjector.java:33)
	at ConstructorInjector$1.call(ConstructorInjector.java:98)
	at ProvisionListenerStackCallback$Provision.provision(ProvisionListenerStackCallback.java:109)
	at LifeCycleModule.provision(LifeCycleModule.java:70)
	at ProvisionListenerStackCallback$Provision.provision(ProvisionListenerStackCallback.java:117)
	at ProvisionListenerStackCallback.provision(ProvisionListenerStackCallback.java:66)
	at ConstructorInjector.construct(ConstructorInjector.java:93)
	at ConstructorBindingImpl$Factory.get(ConstructorBindingImpl.java:300)
	at FactoryProxy.get(FactoryProxy.java:60)
	at ProviderToInternalFactoryAdapter.get(ProviderToInternalFactoryAdapter.java:40)
	at SingletonScope$1.get(SingletonScope.java:169)
	at InternalFactoryToProviderAdapter.get(InternalFactoryToProviderAdapter.java:45)
	at FactoryProxy.get(FactoryProxy.java:60)
	at SingleParameterInjector.inject(SingleParameterInjector.java:40)
	at RealMapBinder$ExtensionRealMapProvider.doProvision(RealMapBinder.java:808)
	at RealMapBinder$ExtensionRealMapProvider.doProvision(RealMapBinder.java:743)
	at InternalProviderInstanceBindingImpl$Factory$1.call(InternalProviderInstanceBindingImpl.java:120)
	at ProvisionListenerStackCallback$Provision.provision(ProvisionListenerStackCallback.java:109)
	at LifeCycleModule.provision(LifeCycleModule.java:70)
	at ProvisionListenerStackCallback$Provision.provision(ProvisionListenerStackCallback.java:117)
	at ProvisionListenerStackCallback.provision(ProvisionListenerStackCallback.java:66)
	at InternalProviderInstanceBindingImpl$Factory.get(InternalProviderInstanceBindingImpl.java:115)
	at SingleParameterInjector.inject(SingleParameterInjector.java:40)
	at SingleParameterInjector.getAll(SingleParameterInjector.java:60)
	at ProviderMethod.doProvision(ProviderMethod.java:171)
	at InternalProviderInstanceBindingImpl$CyclicFactory.provision(InternalProviderInstanceBindingImpl.java:185)
	at InternalProviderInstanceBindingImpl$CyclicFactory.access$300(InternalProviderInstanceBindingImpl.java:139)
	at InternalProviderInstanceBindingImpl$CyclicFactory$1.call(InternalProviderInstanceBindingImpl.java:169)
	at ProvisionListenerStackCallback$Provision.provision(ProvisionListenerStackCallback.java:109)
	at LifeCycleModule.provision(LifeCycleModule.java:70)
	at ProvisionListenerStackCallback$Provision.provision(ProvisionListenerStackCallback.java:117)
	at ProvisionListenerStackCallback.provision(ProvisionListenerStackCallback.java:66)
	at InternalProviderInstanceBindingImpl$CyclicFactory.get(InternalProviderInstanceBindingImpl.java:164)
	at ProviderToInternalFactoryAdapter.get(ProviderToInternalFactoryAdapter.java:40)
	at SingletonScope$1.get(SingletonScope.java:169)
	at InternalFactoryToProviderAdapter.get(InternalFactoryToProviderAdapter.java:45)
	at SingleParameterInjector.inject(SingleParameterInjector.java:40)
	at SingleParameterInjector.getAll(SingleParameterInjector.java:60)
	at ConstructorInjector.provision(ConstructorInjector.java:113)
	at ConstructorInjector.access$000(ConstructorInjector.java:33)
	at ConstructorInjector$1.call(ConstructorInjector.java:98)
	at ProvisionListenerStackCallback$Provision.provision(ProvisionListenerStackCallback.java:109)
	at LifeCycleModule.provision(LifeCycleModule.java:70)
	at ProvisionListenerStackCallback$Provision.provision(ProvisionListenerStackCallback.java:117)
	at ProvisionListenerStackCallback.provision(ProvisionListenerStackCallback.java:66)
	at ConstructorInjector.construct(ConstructorInjector.java:93)
	at ConstructorBindingImpl$Factory.get(ConstructorBindingImpl.java:300)
	at FactoryProxy.get(FactoryProxy.java:60)
	at ProviderToInternalFactoryAdapter.get(ProviderToInternalFactoryAdapter.java:40)
	at SingletonScope$1.get(SingletonScope.java:169)
	at InternalFactoryToProviderAdapter.get(InternalFactoryToProviderAdapter.java:45)
	at InternalInjectorCreator.loadEagerSingletons(InternalInjectorCreator.java:213)
	at InternalInjectorCreator.injectDynamically(InternalInjectorCreator.java:186)
	at InternalInjectorCreator.build(InternalInjectorCreator.java:113)
	at Guice.createInjector(Guice.java:87)
	at Bootstrap.initialize(Bootstrap.java:366)
	at IcebergConnectorFactory.createConnector(IcebergConnectorFactory.java:88)
	at IcebergConnectorFactory.create(IcebergConnectorFactory.java:56)
	at DefaultCatalogFactory.createConnector(DefaultCatalogFactory.java:199)
	at DefaultCatalogFactory.createCatalog(DefaultCatalogFactory.java:124)
	at LazyCatalogFactory.createCatalog(LazyCatalogFactory.java:44)
	at StaticCatalogManager.lambda$loadInitialCatalogs$1(StaticCatalogManager.java:159)
	at java.base/FutureTask.run(FutureTask.java:328)
	at java.base/Executors$RunnableAdapter.call(Executors.java:545)
	at java.base/FutureTask.run(FutureTask.java:328)
	at DirectExecutor.execute(DirectExecutor.java:30)
	at java.base/ExecutorCompletionService.submit(ExecutorCompletionService.java:187)
	at Executors.executeUntilFailure(Executors.java:46)
	at StaticCatalogManager.loadInitialCatalogs(StaticCatalogManager.java:153)
	at Server.doStart(Server.java:140)
	at Server.lambda$start$0(Server.java:79)
	at io.trino.$gen.Trino_479____20260122_182306_1.run(Unknown Source)
	at Server.start(Server.java:79)
	at TrinoServer.main(TrinoServer.java:37)

14) [Guice/ErrorInjectingConstructor]: SdkClientException: Unable to load region from any of the providers in the chain DefaultAwsRegionProviderChain@51516c3f: [SystemSettingsRegionProvider@4738ca3a: Unable to load region from system settings. Region must be specified either via environment variable (AWS_REGION) or  system property (aws.region)., AwsProfileRegionProvider@626e1e28: No region provided in profile: default, InstanceProfileRegionProvider@2ab254ca: Unable to contact EC2 metadata service.]
  at S3FileSystemFactory.<init>(S3FileSystemFactory.java:38)
  while locating S3FileSystemFactory
  at java.base/DirectMethodHandleAccessor.invoke(DirectMethodHandleAccessor.java:104)
      \_ installed by: IcebergConnectorFactory$IcebergFileSystemModule -> FileSystemModule -> S3FileSystemModule
  while locating TrinoFileSystemFactory annotated with interface FileSystemS3
  while locating TrinoFileSystemFactory annotated with @Element(setName=,uniqueId=58, type=MAPBINDER, keyType=String)
  at FileSystemModule.createFileSystemFactory(FileSystemModule.java:155)
      \_ for 3rd parameter factories
  at FileSystemModule.createFileSystemFactory(FileSystemModule.java:155)
      \_ installed by: IcebergConnectorFactory$IcebergFileSystemModule -> FileSystemModule
  at IcebergNessieTableOperationsProvider.<init>(IcebergNessieTableOperationsProvider.java:39)
      \_ for 1st parameter fileSystemFactory
  while locating IcebergNessieTableOperationsProvider
  at java.base/DirectMethodHandleAccessor.invoke(DirectMethodHandleAccessor.java:104)
      \_ installed by: IcebergCatalogModule -> ConditionalModule -> IcebergNessieCatalogModule
  while locating IcebergTableOperationsProvider

Learn more:
  https://github.com/google/guice/wiki/ERROR_INJECTING_CONSTRUCTOR
Caused by: SdkClientException: Unable to load region from any of the providers in the chain DefaultAwsRegionProviderChain@51516c3f: [SystemSettingsRegionProvider@4738ca3a: Unable to load region from system settings. Region must be specified either via environment variable (AWS_REGION) or  system property (aws.region)., AwsProfileRegionProvider@626e1e28: No region provided in profile: default, InstanceProfileRegionProvider@2ab254ca: Unable to contact EC2 metadata service.]
	at SdkClientException$BuilderImpl.build(SdkClientException.java:130)
	at AwsRegionProviderChain.getRegion(AwsRegionProviderChain.java:70)
	at AwsDefaultClientBuilder.resolveRegion(AwsDefaultClientBuilder.java:374)
	at AttributeMap$DerivedValue.primeCache(AttributeMap.java:604)
	at AttributeMap$DerivedValue.get(AttributeMap.java:593)
	at AttributeMap$Builder.resolveValue(AttributeMap.java:400)
	at AttributeMap$Builder.internalGet(AttributeMap.java:389)
	at AttributeMap$Builder.access$1300(AttributeMap.java:201)
	at AttributeMap$Builder$1.get(AttributeMap.java:403)
	at AwsDefaultClientBuilder.resolveSigningRegion(AwsDefaultClientBuilder.java:319)
	at AttributeMap$DerivedValue.primeCache(AttributeMap.java:604)
	at AttributeMap$DerivedValue.get(AttributeMap.java:593)
	at AttributeMap$Builder.resolveValue(AttributeMap.java:400)
	at java.base/ArrayList.forEach(ArrayList.java:1604)
	at AttributeMap$Builder.build(AttributeMap.java:362)
	at SdkClientConfiguration$Builder.build(SdkClientConfiguration.java:224)
	at AwsDefaultClientBuilder.finalizeAwsConfiguration(AwsDefaultClientBuilder.java:201)
	at AwsDefaultClientBuilder.finalizeChildConfiguration(AwsDefaultClientBuilder.java:172)
	at SdkDefaultClientBuilder.syncClientConfiguration(SdkDefaultClientBuilder.java:204)
	at DefaultS3ClientBuilder.buildClient(DefaultS3ClientBuilder.java:37)
	at DefaultS3ClientBuilder.buildClient(DefaultS3ClientBuilder.java:26)
	at SdkDefaultClientBuilder.build(SdkDefaultClientBuilder.java:171)
	at S3FileSystemLoader.lambda$s3ClientFactory$0(S3FileSystemLoader.java:211)
	at S3FileSystemLoader.s3PreSigner(S3FileSystemLoader.java:228)
	at S3FileSystemLoader.<init>(S3FileSystemLoader.java:92)
	at S3FileSystemLoader.<init>(S3FileSystemLoader.java:79)
	at S3FileSystemFactory.<init>(S3FileSystemFactory.java:39)
	at S3FileSystemFactory$$FastClassByGuice$$3577f71.GUICE$TRAMPOLINE(<generated>)
	at S3FileSystemFactory$$FastClassByGuice$$3577f71.apply(<generated>)
	at DefaultConstructionProxyFactory$FastClassProxy.newInstance(DefaultConstructionProxyFactory.java:82)
	at ConstructorInjector.provision(ConstructorInjector.java:114)
	at ConstructorInjector.access$000(ConstructorInjector.java:33)
	at ConstructorInjector$1.call(ConstructorInjector.java:98)
	at ProvisionListenerStackCallback$Provision.provision(ProvisionListenerStackCallback.java:109)
	at LifeCycleModule.provision(LifeCycleModule.java:70)
	at ProvisionListenerStackCallback$Provision.provision(ProvisionListenerStackCallback.java:117)
	at ProvisionListenerStackCallback.provision(ProvisionListenerStackCallback.java:66)
	at ConstructorInjector.construct(ConstructorInjector.java:93)
	at ConstructorBindingImpl$Factory.get(ConstructorBindingImpl.java:300)
	at FactoryProxy.get(FactoryProxy.java:60)
	at ProviderToInternalFactoryAdapter.get(ProviderToInternalFactoryAdapter.java:40)
	at SingletonScope$1.get(SingletonScope.java:169)
	at InternalFactoryToProviderAdapter.get(InternalFactoryToProviderAdapter.java:45)
	at FactoryProxy.get(FactoryProxy.java:60)
	at SingleParameterInjector.inject(SingleParameterInjector.java:40)
	at RealMapBinder$ExtensionRealMapProvider.doProvision(RealMapBinder.java:808)
	at RealMapBinder$ExtensionRealMapProvider.doProvision(RealMapBinder.java:743)
	at InternalProviderInstanceBindingImpl$Factory$1.call(InternalProviderInstanceBindingImpl.java:120)
	at ProvisionListenerStackCallback$Provision.provision(ProvisionListenerStackCallback.java:109)
	at LifeCycleModule.provision(LifeCycleModule.java:70)
	at ProvisionListenerStackCallback$Provision.provision(ProvisionListenerStackCallback.java:117)
	at ProvisionListenerStackCallback.provision(ProvisionListenerStackCallback.java:66)
	at InternalProviderInstanceBindingImpl$Factory.get(InternalProviderInstanceBindingImpl.java:115)
	at SingleParameterInjector.inject(SingleParameterInjector.java:40)
	at SingleParameterInjector.getAll(SingleParameterInjector.java:60)
	at ProviderMethod.doProvision(ProviderMethod.java:171)
	at InternalProviderInstanceBindingImpl$CyclicFactory.provision(InternalProviderInstanceBindingImpl.java:185)
	at InternalProviderInstanceBindingImpl$CyclicFactory.access$300(InternalProviderInstanceBindingImpl.java:139)
	at InternalProviderInstanceBindingImpl$CyclicFactory$1.call(InternalProviderInstanceBindingImpl.java:169)
	at ProvisionListenerStackCallback$Provision.provision(ProvisionListenerStackCallback.java:109)
	at LifeCycleModule.provision(LifeCycleModule.java:70)
	at ProvisionListenerStackCallback$Provision.provision(ProvisionListenerStackCallback.java:117)
	at ProvisionListenerStackCallback.provision(ProvisionListenerStackCallback.java:66)
	at InternalProviderInstanceBindingImpl$CyclicFactory.get(InternalProviderInstanceBindingImpl.java:164)
	at ProviderToInternalFactoryAdapter.get(ProviderToInternalFactoryAdapter.java:40)
	at SingletonScope$1.get(SingletonScope.java:169)
	at InternalFactoryToProviderAdapter.get(InternalFactoryToProviderAdapter.java:45)
	at SingleParameterInjector.inject(SingleParameterInjector.java:40)
	at SingleParameterInjector.getAll(SingleParameterInjector.java:60)
	at ConstructorInjector.provision(ConstructorInjector.java:113)
	at ConstructorInjector.access$000(ConstructorInjector.java:33)
	at ConstructorInjector$1.call(ConstructorInjector.java:98)
	at ProvisionListenerStackCallback$Provision.provision(ProvisionListenerStackCallback.java:109)
	at LifeCycleModule.provision(LifeCycleModule.java:70)
	at ProvisionListenerStackCallback$Provision.provision(ProvisionListenerStackCallback.java:117)
	at ProvisionListenerStackCallback.provision(ProvisionListenerStackCallback.java:66)
	at ConstructorInjector.construct(ConstructorInjector.java:93)
	at ConstructorBindingImpl$Factory.get(ConstructorBindingImpl.java:300)
	at FactoryProxy.get(FactoryProxy.java:60)
	at ProviderToInternalFactoryAdapter.get(ProviderToInternalFactoryAdapter.java:40)
	at SingletonScope$1.get(SingletonScope.java:169)
	at InternalFactoryToProviderAdapter.get(InternalFactoryToProviderAdapter.java:45)
	at InternalInjectorCreator.loadEagerSingletons(InternalInjectorCreator.java:213)
	at InternalInjectorCreator.injectDynamically(InternalInjectorCreator.java:186)
	at InternalInjectorCreator.build(InternalInjectorCreator.java:113)
	at Guice.createInjector(Guice.java:87)
	at Bootstrap.initialize(Bootstrap.java:366)
	at IcebergConnectorFactory.createConnector(IcebergConnectorFactory.java:88)
	at IcebergConnectorFactory.create(IcebergConnectorFactory.java:56)
	at DefaultCatalogFactory.createConnector(DefaultCatalogFactory.java:199)
	at DefaultCatalogFactory.createCatalog(DefaultCatalogFactory.java:124)
	at LazyCatalogFactory.createCatalog(LazyCatalogFactory.java:44)
	at StaticCatalogManager.lambda$loadInitialCatalogs$1(StaticCatalogManager.java:159)
	at java.base/FutureTask.run(FutureTask.java:328)
	at java.base/Executors$RunnableAdapter.call(Executors.java:545)
	at java.base/FutureTask.run(FutureTask.java:328)
	at DirectExecutor.execute(DirectExecutor.java:30)
	at java.base/ExecutorCompletionService.submit(ExecutorCompletionService.java:187)
	at Executors.executeUntilFailure(Executors.java:46)
	at StaticCatalogManager.loadInitialCatalogs(StaticCatalogManager.java:153)
	at Server.doStart(Server.java:140)
	at Server.lambda$start$0(Server.java:79)
	at io.trino.$gen.Trino_479____20260122_182306_1.run(Unknown Source)
	at Server.start(Server.java:79)
	at TrinoServer.main(TrinoServer.java:37)

15) [Guice/ErrorInjectingConstructor]: SdkClientException: Unable to load region from any of the providers in the chain DefaultAwsRegionProviderChain@225d6a4: [SystemSettingsRegionProvider@3a1ed926: Unable to load region from system settings. Region must be specified either via environment variable (AWS_REGION) or  system property (aws.region)., AwsProfileRegionProvider@5e4bff45: No region provided in profile: default, InstanceProfileRegionProvider@246380e5: Unable to contact EC2 metadata service.]
  at S3FileSystemFactory.<init>(S3FileSystemFactory.java:38)
  while locating S3FileSystemFactory
  at java.base/DirectMethodHandleAccessor.invoke(DirectMethodHandleAccessor.java:104)
      \_ installed by: IcebergConnectorFactory$IcebergFileSystemModule -> FileSystemModule -> S3FileSystemModule
  while locating TrinoFileSystemFactory annotated with interface FileSystemS3
  while locating TrinoFileSystemFactory annotated with @Element(setName=,uniqueId=58, type=MAPBINDER, keyType=String)
  at FileSystemModule.createFileSystemFactory(FileSystemModule.java:155)
      \_ for 3rd parameter factories
  at FileSystemModule.createFileSystemFactory(FileSystemModule.java:155)
      \_ installed by: IcebergConnectorFactory$IcebergFileSystemModule -> FileSystemModule
  at TrinoNessieCatalogFactory.<init>(TrinoNessieCatalogFactory.java:52)
      \_ for 3rd parameter fileSystemFactory
  while locating TrinoNessieCatalogFactory
  at java.base/DirectMethodHandleAccessor.invoke(DirectMethodHandleAccessor.java:104)
      \_ installed by: IcebergCatalogModule -> ConditionalModule -> IcebergNessieCatalogModule
  while locating TrinoCatalogFactory

Learn more:
  https://github.com/google/guice/wiki/ERROR_INJECTING_CONSTRUCTOR
Caused by: SdkClientException: Unable to load region from any of the providers in the chain DefaultAwsRegionProviderChain@225d6a4: [SystemSettingsRegionProvider@3a1ed926: Unable to load region from system settings. Region must be specified either via environment variable (AWS_REGION) or  system property (aws.region)., AwsProfileRegionProvider@5e4bff45: No region provided in profile: default, InstanceProfileRegionProvider@246380e5: Unable to contact EC2 metadata service.]
	at SdkClientException$BuilderImpl.build(SdkClientException.java:130)
	at AwsRegionProviderChain.getRegion(AwsRegionProviderChain.java:70)
	at AwsDefaultClientBuilder.resolveRegion(AwsDefaultClientBuilder.java:374)
	at AttributeMap$DerivedValue.primeCache(AttributeMap.java:604)
	at AttributeMap$DerivedValue.get(AttributeMap.java:593)
	at AttributeMap$Builder.resolveValue(AttributeMap.java:400)
	at AttributeMap$Builder.internalGet(AttributeMap.java:389)
	at AttributeMap$Builder.access$1300(AttributeMap.java:201)
	at AttributeMap$Builder$1.get(AttributeMap.java:403)
	at AwsDefaultClientBuilder.resolveSigningRegion(AwsDefaultClientBuilder.java:319)
	at AttributeMap$DerivedValue.primeCache(AttributeMap.java:604)
	at AttributeMap$DerivedValue.get(AttributeMap.java:593)
	at AttributeMap$Builder.resolveValue(AttributeMap.java:400)
	at java.base/ArrayList.forEach(ArrayList.java:1604)
	at AttributeMap$Builder.build(AttributeMap.java:362)
	at SdkClientConfiguration$Builder.build(SdkClientConfiguration.java:224)
	at AwsDefaultClientBuilder.finalizeAwsConfiguration(AwsDefaultClientBuilder.java:201)
	at AwsDefaultClientBuilder.finalizeChildConfiguration(AwsDefaultClientBuilder.java:172)
	at SdkDefaultClientBuilder.syncClientConfiguration(SdkDefaultClientBuilder.java:204)
	at DefaultS3ClientBuilder.buildClient(DefaultS3ClientBuilder.java:37)
	at DefaultS3ClientBuilder.buildClient(DefaultS3ClientBuilder.java:26)
	at SdkDefaultClientBuilder.build(SdkDefaultClientBuilder.java:171)
	at S3FileSystemLoader.lambda$s3ClientFactory$0(S3FileSystemLoader.java:211)
	at S3FileSystemLoader.s3PreSigner(S3FileSystemLoader.java:228)
	at S3FileSystemLoader.<init>(S3FileSystemLoader.java:92)
	at S3FileSystemLoader.<init>(S3FileSystemLoader.java:79)
	at S3FileSystemFactory.<init>(S3FileSystemFactory.java:39)
	at S3FileSystemFactory$$FastClassByGuice$$3577f71.GUICE$TRAMPOLINE(<generated>)
	at S3FileSystemFactory$$FastClassByGuice$$3577f71.apply(<generated>)
	at DefaultConstructionProxyFactory$FastClassProxy.newInstance(DefaultConstructionProxyFactory.java:82)
	at ConstructorInjector.provision(ConstructorInjector.java:114)
	at ConstructorInjector.access$000(ConstructorInjector.java:33)
	at ConstructorInjector$1.call(ConstructorInjector.java:98)
	at ProvisionListenerStackCallback$Provision.provision(ProvisionListenerStackCallback.java:109)
	at LifeCycleModule.provision(LifeCycleModule.java:70)
	at ProvisionListenerStackCallback$Provision.provision(ProvisionListenerStackCallback.java:117)
	at ProvisionListenerStackCallback.provision(ProvisionListenerStackCallback.java:66)
	at ConstructorInjector.construct(ConstructorInjector.java:93)
	at ConstructorBindingImpl$Factory.get(ConstructorBindingImpl.java:300)
	at FactoryProxy.get(FactoryProxy.java:60)
	at ProviderToInternalFactoryAdapter.get(ProviderToInternalFactoryAdapter.java:40)
	at SingletonScope$1.get(SingletonScope.java:169)
	at InternalFactoryToProviderAdapter.get(InternalFactoryToProviderAdapter.java:45)
	at FactoryProxy.get(FactoryProxy.java:60)
	at SingleParameterInjector.inject(SingleParameterInjector.java:40)
	at RealMapBinder$ExtensionRealMapProvider.doProvision(RealMapBinder.java:808)
	at RealMapBinder$ExtensionRealMapProvider.doProvision(RealMapBinder.java:743)
	at InternalProviderInstanceBindingImpl$Factory$1.call(InternalProviderInstanceBindingImpl.java:120)
	at ProvisionListenerStackCallback$Provision.provision(ProvisionListenerStackCallback.java:109)
	at LifeCycleModule.provision(LifeCycleModule.java:70)
	at ProvisionListenerStackCallback$Provision.provision(ProvisionListenerStackCallback.java:117)
	at ProvisionListenerStackCallback.provision(ProvisionListenerStackCallback.java:66)
	at InternalProviderInstanceBindingImpl$Factory.get(InternalProviderInstanceBindingImpl.java:115)
	at SingleParameterInjector.inject(SingleParameterInjector.java:40)
	at SingleParameterInjector.getAll(SingleParameterInjector.java:60)
	at ProviderMethod.doProvision(ProviderMethod.java:171)
	at InternalProviderInstanceBindingImpl$CyclicFactory.provision(InternalProviderInstanceBindingImpl.java:185)
	at InternalProviderInstanceBindingImpl$CyclicFactory.access$300(InternalProviderInstanceBindingImpl.java:139)
	at InternalProviderInstanceBindingImpl$CyclicFactory$1.call(InternalProviderInstanceBindingImpl.java:169)
	at ProvisionListenerStackCallback$Provision.provision(ProvisionListenerStackCallback.java:109)
	at LifeCycleModule.provision(LifeCycleModule.java:70)
	at ProvisionListenerStackCallback$Provision.provision(ProvisionListenerStackCallback.java:117)
	at ProvisionListenerStackCallback.provision(ProvisionListenerStackCallback.java:66)
	at InternalProviderInstanceBindingImpl$CyclicFactory.get(InternalProviderInstanceBindingImpl.java:164)
	at ProviderToInternalFactoryAdapter.get(ProviderToInternalFactoryAdapter.java:40)
	at SingletonScope$1.get(SingletonScope.java:169)
	at InternalFactoryToProviderAdapter.get(InternalFactoryToProviderAdapter.java:45)
	at SingleParameterInjector.inject(SingleParameterInjector.java:40)
	at SingleParameterInjector.getAll(SingleParameterInjector.java:60)
	at ConstructorInjector.provision(ConstructorInjector.java:113)
	at ConstructorInjector.access$000(ConstructorInjector.java:33)
	at ConstructorInjector$1.call(ConstructorInjector.java:98)
	at ProvisionListenerStackCallback$Provision.provision(ProvisionListenerStackCallback.java:109)
	at LifeCycleModule.provision(LifeCycleModule.java:70)
	at ProvisionListenerStackCallback$Provision.provision(ProvisionListenerStackCallback.java:117)
	at ProvisionListenerStackCallback.provision(ProvisionListenerStackCallback.java:66)
	at ConstructorInjector.construct(ConstructorInjector.java:93)
	at ConstructorBindingImpl$Factory.get(ConstructorBindingImpl.java:300)
	at FactoryProxy.get(FactoryProxy.java:60)
	at ProviderToInternalFactoryAdapter.get(ProviderToInternalFactoryAdapter.java:40)
	at SingletonScope$1.get(SingletonScope.java:169)
	at InternalFactoryToProviderAdapter.get(InternalFactoryToProviderAdapter.java:45)
	at InternalInjectorCreator.loadEagerSingletons(InternalInjectorCreator.java:213)
	at InternalInjectorCreator.injectDynamically(InternalInjectorCreator.java:186)
	at InternalInjectorCreator.build(InternalInjectorCreator.java:113)
	at Guice.createInjector(Guice.java:87)
	at Bootstrap.initialize(Bootstrap.java:366)
	at IcebergConnectorFactory.createConnector(IcebergConnectorFactory.java:88)
	at IcebergConnectorFactory.create(IcebergConnectorFactory.java:56)
	at DefaultCatalogFactory.createConnector(DefaultCatalogFactory.java:199)
	at DefaultCatalogFactory.createCatalog(DefaultCatalogFactory.java:124)
	at LazyCatalogFactory.createCatalog(LazyCatalogFactory.java:44)
	at StaticCatalogManager.lambda$loadInitialCatalogs$1(StaticCatalogManager.java:159)
	at java.base/FutureTask.run(FutureTask.java:328)
	at java.base/Executors$RunnableAdapter.call(Executors.java:545)
	at java.base/FutureTask.run(FutureTask.java:328)
	at DirectExecutor.execute(DirectExecutor.java:30)
	at java.base/ExecutorCompletionService.submit(ExecutorCompletionService.java:187)
	at Executors.executeUntilFailure(Executors.java:46)
	at StaticCatalogManager.loadInitialCatalogs(StaticCatalogManager.java:153)
	at Server.doStart(Server.java:140)
	at Server.lambda$start$0(Server.java:79)
	at io.trino.$gen.Trino_479____20260122_182306_1.run(Unknown Source)
	at Server.start(Server.java:79)
	at TrinoServer.main(TrinoServer.java:37)

16) [Guice/ErrorInjectingConstructor]: SdkClientException: Unable to load region from any of the providers in the chain DefaultAwsRegionProviderChain@6d80091d: [SystemSettingsRegionProvider@e59eac7: Unable to load region from system settings. Region must be specified either via environment variable (AWS_REGION) or  system property (aws.region)., AwsProfileRegionProvider@31ae2cf: No region provided in profile: default, InstanceProfileRegionProvider@21ba22e8: Unable to contact EC2 metadata service.]
  at S3FileSystemFactory.<init>(S3FileSystemFactory.java:38)
  while locating S3FileSystemFactory
  at java.base/DirectMethodHandleAccessor.invoke(DirectMethodHandleAccessor.java:104)
      \_ installed by: IcebergConnectorFactory$IcebergFileSystemModule -> FileSystemModule -> S3FileSystemModule
  while locating TrinoFileSystemFactory annotated with interface FileSystemS3

Learn more:
  https://github.com/google/guice/wiki/ERROR_INJECTING_CONSTRUCTOR
Caused by: SdkClientException: Unable to load region from any of the providers in the chain DefaultAwsRegionProviderChain@6d80091d: [SystemSettingsRegionProvider@e59eac7: Unable to load region from system settings. Region must be specified either via environment variable (AWS_REGION) or  system property (aws.region)., AwsProfileRegionProvider@31ae2cf: No region provided in profile: default, InstanceProfileRegionProvider@21ba22e8: Unable to contact EC2 metadata service.]
	at SdkClientException$BuilderImpl.build(SdkClientException.java:130)
	at AwsRegionProviderChain.getRegion(AwsRegionProviderChain.java:70)
	at AwsDefaultClientBuilder.resolveRegion(AwsDefaultClientBuilder.java:374)
	at AttributeMap$DerivedValue.primeCache(AttributeMap.java:604)
	at AttributeMap$DerivedValue.get(AttributeMap.java:593)
	at AttributeMap$Builder.resolveValue(AttributeMap.java:400)
	at AttributeMap$Builder.internalGet(AttributeMap.java:389)
	at AttributeMap$Builder.access$1300(AttributeMap.java:201)
	at AttributeMap$Builder$1.get(AttributeMap.java:403)
	at AwsDefaultClientBuilder.resolveSigningRegion(AwsDefaultClientBuilder.java:319)
	at AttributeMap$DerivedValue.primeCache(AttributeMap.java:604)
	at AttributeMap$DerivedValue.get(AttributeMap.java:593)
	at AttributeMap$Builder.resolveValue(AttributeMap.java:400)
	at java.base/ArrayList.forEach(ArrayList.java:1604)
	at AttributeMap$Builder.build(AttributeMap.java:362)
	at SdkClientConfiguration$Builder.build(SdkClientConfiguration.java:224)
	at AwsDefaultClientBuilder.finalizeAwsConfiguration(AwsDefaultClientBuilder.java:201)
	at AwsDefaultClientBuilder.finalizeChildConfiguration(AwsDefaultClientBuilder.java:172)
	at SdkDefaultClientBuilder.syncClientConfiguration(SdkDefaultClientBuilder.java:204)
	at DefaultS3ClientBuilder.buildClient(DefaultS3ClientBuilder.java:37)
	at DefaultS3ClientBuilder.buildClient(DefaultS3ClientBuilder.java:26)
	at SdkDefaultClientBuilder.build(SdkDefaultClientBuilder.java:171)
	at S3FileSystemLoader.lambda$s3ClientFactory$0(S3FileSystemLoader.java:211)
	at S3FileSystemLoader.s3PreSigner(S3FileSystemLoader.java:228)
	at S3FileSystemLoader.<init>(S3FileSystemLoader.java:92)
	at S3FileSystemLoader.<init>(S3FileSystemLoader.java:79)
	at S3FileSystemFactory.<init>(S3FileSystemFactory.java:39)
	at S3FileSystemFactory$$FastClassByGuice$$3577f71.GUICE$TRAMPOLINE(<generated>)
	at S3FileSystemFactory$$FastClassByGuice$$3577f71.apply(<generated>)
	at DefaultConstructionProxyFactory$FastClassProxy.newInstance(DefaultConstructionProxyFactory.java:82)
	at ConstructorInjector.provision(ConstructorInjector.java:114)
	at ConstructorInjector.access$000(ConstructorInjector.java:33)
	at ConstructorInjector$1.call(ConstructorInjector.java:98)
	at ProvisionListenerStackCallback$Provision.provision(ProvisionListenerStackCallback.java:109)
	at LifeCycleModule.provision(LifeCycleModule.java:70)
	at ProvisionListenerStackCallback$Provision.provision(ProvisionListenerStackCallback.java:117)
	at ProvisionListenerStackCallback.provision(ProvisionListenerStackCallback.java:66)
	at ConstructorInjector.construct(ConstructorInjector.java:93)
	at ConstructorBindingImpl$Factory.get(ConstructorBindingImpl.java:300)
	at FactoryProxy.get(FactoryProxy.java:60)
	at ProviderToInternalFactoryAdapter.get(ProviderToInternalFactoryAdapter.java:40)
	at SingletonScope$1.get(SingletonScope.java:169)
	at InternalFactoryToProviderAdapter.get(InternalFactoryToProviderAdapter.java:45)
	at InternalInjectorCreator.loadEagerSingletons(InternalInjectorCreator.java:213)
	at InternalInjectorCreator.injectDynamically(InternalInjectorCreator.java:186)
	at InternalInjectorCreator.build(InternalInjectorCreator.java:113)
	at Guice.createInjector(Guice.java:87)
	at Bootstrap.initialize(Bootstrap.java:366)
	at IcebergConnectorFactory.createConnector(IcebergConnectorFactory.java:88)
	at IcebergConnectorFactory.create(IcebergConnectorFactory.java:56)
	at DefaultCatalogFactory.createConnector(DefaultCatalogFactory.java:199)
	at DefaultCatalogFactory.createCatalog(DefaultCatalogFactory.java:124)
	at LazyCatalogFactory.createCatalog(LazyCatalogFactory.java:44)
	at StaticCatalogManager.lambda$loadInitialCatalogs$1(StaticCatalogManager.java:159)
	at java.base/FutureTask.run(FutureTask.java:328)
	at java.base/Executors$RunnableAdapter.call(Executors.java:545)
	at java.base/FutureTask.run(FutureTask.java:328)
	at DirectExecutor.execute(DirectExecutor.java:30)
	at java.base/ExecutorCompletionService.submit(ExecutorCompletionService.java:187)
	at Executors.executeUntilFailure(Executors.java:46)
	at StaticCatalogManager.loadInitialCatalogs(StaticCatalogManager.java:153)
	at Server.doStart(Server.java:140)
	at Server.lambda$start$0(Server.java:79)
	at io.trino.$gen.Trino_479____20260122_182306_1.run(Unknown Source)
	at Server.start(Server.java:79)
	at TrinoServer.main(TrinoServer.java:37)

17) [Guice/ErrorInjectingConstructor]: SdkClientException: Unable to load region from any of the providers in the chain DefaultAwsRegionProviderChain@791bbe80: [SystemSettingsRegionProvider@317c4093: Unable to load region from system settings. Region must be specified either via environment variable (AWS_REGION) or  system property (aws.region)., AwsProfileRegionProvider@4b7ee60b: No region provided in profile: default, InstanceProfileRegionProvider@5ecfa2a4: Unable to contact EC2 metadata service.]
  at S3FileSystemFactory.<init>(S3FileSystemFactory.java:38)
  while locating S3FileSystemFactory
  at java.base/DirectMethodHandleAccessor.invoke(DirectMethodHandleAccessor.java:104)
      \_ installed by: IcebergConnectorFactory$IcebergFileSystemModule -> FileSystemModule -> S3FileSystemModule
  while locating TrinoFileSystemFactory annotated with interface FileSystemS3
  while locating TrinoFileSystemFactory annotated with @Element(setName=,uniqueId=58, type=MAPBINDER, keyType=String)

Learn more:
  https://github.com/google/guice/wiki/ERROR_INJECTING_CONSTRUCTOR
Caused by: SdkClientException: Unable to load region from any of the providers in the chain DefaultAwsRegionProviderChain@791bbe80: [SystemSettingsRegionProvider@317c4093: Unable to load region from system settings. Region must be specified either via environment variable (AWS_REGION) or  system property (aws.region)., AwsProfileRegionProvider@4b7ee60b: No region provided in profile: default, InstanceProfileRegionProvider@5ecfa2a4: Unable to contact EC2 metadata service.]
	at SdkClientException$BuilderImpl.build(SdkClientException.java:130)
	at AwsRegionProviderChain.getRegion(AwsRegionProviderChain.java:70)
	at AwsDefaultClientBuilder.resolveRegion(AwsDefaultClientBuilder.java:374)
	at AttributeMap$DerivedValue.primeCache(AttributeMap.java:604)
	at AttributeMap$DerivedValue.get(AttributeMap.java:593)
	at AttributeMap$Builder.resolveValue(AttributeMap.java:400)
	at AttributeMap$Builder.internalGet(AttributeMap.java:389)
	at AttributeMap$Builder.access$1300(AttributeMap.java:201)
	at AttributeMap$Builder$1.get(AttributeMap.java:403)
	at AwsDefaultClientBuilder.resolveSigningRegion(AwsDefaultClientBuilder.java:319)
	at AttributeMap$DerivedValue.primeCache(AttributeMap.java:604)
	at AttributeMap$DerivedValue.get(AttributeMap.java:593)
	at AttributeMap$Builder.resolveValue(AttributeMap.java:400)
	at java.base/ArrayList.forEach(ArrayList.java:1604)
	at AttributeMap$Builder.build(AttributeMap.java:362)
	at SdkClientConfiguration$Builder.build(SdkClientConfiguration.java:224)
	at AwsDefaultClientBuilder.finalizeAwsConfiguration(AwsDefaultClientBuilder.java:201)
	at AwsDefaultClientBuilder.finalizeChildConfiguration(AwsDefaultClientBuilder.java:172)
	at SdkDefaultClientBuilder.syncClientConfiguration(SdkDefaultClientBuilder.java:204)
	at DefaultS3ClientBuilder.buildClient(DefaultS3ClientBuilder.java:37)
	at DefaultS3ClientBuilder.buildClient(DefaultS3ClientBuilder.java:26)
	at SdkDefaultClientBuilder.build(SdkDefaultClientBuilder.java:171)
	at S3FileSystemLoader.lambda$s3ClientFactory$0(S3FileSystemLoader.java:211)
	at S3FileSystemLoader.s3PreSigner(S3FileSystemLoader.java:228)
	at S3FileSystemLoader.<init>(S3FileSystemLoader.java:92)
	at S3FileSystemLoader.<init>(S3FileSystemLoader.java:79)
	at S3FileSystemFactory.<init>(S3FileSystemFactory.java:39)
	at S3FileSystemFactory$$FastClassByGuice$$3577f71.GUICE$TRAMPOLINE(<generated>)
	at S3FileSystemFactory$$FastClassByGuice$$3577f71.apply(<generated>)
	at DefaultConstructionProxyFactory$FastClassProxy.newInstance(DefaultConstructionProxyFactory.java:82)
	at ConstructorInjector.provision(ConstructorInjector.java:114)
	at ConstructorInjector.access$000(ConstructorInjector.java:33)
	at ConstructorInjector$1.call(ConstructorInjector.java:98)
	at ProvisionListenerStackCallback$Provision.provision(ProvisionListenerStackCallback.java:109)
	at LifeCycleModule.provision(LifeCycleModule.java:70)
	at ProvisionListenerStackCallback$Provision.provision(ProvisionListenerStackCallback.java:117)
	at ProvisionListenerStackCallback.provision(ProvisionListenerStackCallback.java:66)
	at ConstructorInjector.construct(ConstructorInjector.java:93)
	at ConstructorBindingImpl$Factory.get(ConstructorBindingImpl.java:300)
	at FactoryProxy.get(FactoryProxy.java:60)
	at ProviderToInternalFactoryAdapter.get(ProviderToInternalFactoryAdapter.java:40)
	at SingletonScope$1.get(SingletonScope.java:169)
	at InternalFactoryToProviderAdapter.get(InternalFactoryToProviderAdapter.java:45)
	at FactoryProxy.get(FactoryProxy.java:60)
	at InternalInjectorCreator.loadEagerSingletons(InternalInjectorCreator.java:213)
	at InternalInjectorCreator.injectDynamically(InternalInjectorCreator.java:186)
	at InternalInjectorCreator.build(InternalInjectorCreator.java:113)
	at Guice.createInjector(Guice.java:87)
	at Bootstrap.initialize(Bootstrap.java:366)
	at IcebergConnectorFactory.createConnector(IcebergConnectorFactory.java:88)
	at IcebergConnectorFactory.create(IcebergConnectorFactory.java:56)
	at DefaultCatalogFactory.createConnector(DefaultCatalogFactory.java:199)
	at DefaultCatalogFactory.createCatalog(DefaultCatalogFactory.java:124)
	at LazyCatalogFactory.createCatalog(LazyCatalogFactory.java:44)
	at StaticCatalogManager.lambda$loadInitialCatalogs$1(StaticCatalogManager.java:159)
	at java.base/FutureTask.run(FutureTask.java:328)
	at java.base/Executors$RunnableAdapter.call(Executors.java:545)
	at java.base/FutureTask.run(FutureTask.java:328)
	at DirectExecutor.execute(DirectExecutor.java:30)
	at java.base/ExecutorCompletionService.submit(ExecutorCompletionService.java:187)
	at Executors.executeUntilFailure(Executors.java:46)
	at StaticCatalogManager.loadInitialCatalogs(StaticCatalogManager.java:153)
	at Server.doStart(Server.java:140)
	at Server.lambda$start$0(Server.java:79)
	at io.trino.$gen.Trino_479____20260122_182306_1.run(Unknown Source)
	at Server.start(Server.java:79)
	at TrinoServer.main(TrinoServer.java:37)

18) [Guice/ErrorInjectingConstructor]: SdkClientException: Unable to load region from any of the providers in the chain DefaultAwsRegionProviderChain@3702c19: [SystemSettingsRegionProvider@11385e91: Unable to load region from system settings. Region must be specified either via environment variable (AWS_REGION) or  system property (aws.region)., AwsProfileRegionProvider@72866288: No region provided in profile: default, InstanceProfileRegionProvider@6c9635e6: Unable to contact EC2 metadata service.]
  at S3FileSystemFactory.<init>(S3FileSystemFactory.java:38)
  while locating S3FileSystemFactory
  at java.base/DirectMethodHandleAccessor.invoke(DirectMethodHandleAccessor.java:104)
      \_ installed by: IcebergConnectorFactory$IcebergFileSystemModule -> FileSystemModule -> S3FileSystemModule
  while locating TrinoFileSystemFactory annotated with interface FileSystemS3
  while locating TrinoFileSystemFactory annotated with @Element(setName=,uniqueId=60, type=MAPBINDER, keyType=String)

Learn more:
  https://github.com/google/guice/wiki/ERROR_INJECTING_CONSTRUCTOR
Caused by: SdkClientException: Unable to load region from any of the providers in the chain DefaultAwsRegionProviderChain@3702c19: [SystemSettingsRegionProvider@11385e91: Unable to load region from system settings. Region must be specified either via environment variable (AWS_REGION) or  system property (aws.region)., AwsProfileRegionProvider@72866288: No region provided in profile: default, InstanceProfileRegionProvider@6c9635e6: Unable to contact EC2 metadata service.]
	at SdkClientException$BuilderImpl.build(SdkClientException.java:130)
	at AwsRegionProviderChain.getRegion(AwsRegionProviderChain.java:70)
	at AwsDefaultClientBuilder.resolveRegion(AwsDefaultClientBuilder.java:374)
	at AttributeMap$DerivedValue.primeCache(AttributeMap.java:604)
	at AttributeMap$DerivedValue.get(AttributeMap.java:593)
	at AttributeMap$Builder.resolveValue(AttributeMap.java:400)
	at AttributeMap$Builder.internalGet(AttributeMap.java:389)
	at AttributeMap$Builder.access$1300(AttributeMap.java:201)
	at AttributeMap$Builder$1.get(AttributeMap.java:403)
	at AwsDefaultClientBuilder.resolveSigningRegion(AwsDefaultClientBuilder.java:319)
	at AttributeMap$DerivedValue.primeCache(AttributeMap.java:604)
	at AttributeMap$DerivedValue.get(AttributeMap.java:593)
	at AttributeMap$Builder.resolveValue(AttributeMap.java:400)
	at java.base/ArrayList.forEach(ArrayList.java:1604)
	at AttributeMap$Builder.build(AttributeMap.java:362)
	at SdkClientConfiguration$Builder.build(SdkClientConfiguration.java:224)
	at AwsDefaultClientBuilder.finalizeAwsConfiguration(AwsDefaultClientBuilder.java:201)
	at AwsDefaultClientBuilder.finalizeChildConfiguration(AwsDefaultClientBuilder.java:172)
	at SdkDefaultClientBuilder.syncClientConfiguration(SdkDefaultClientBuilder.java:204)
	at DefaultS3ClientBuilder.buildClient(DefaultS3ClientBuilder.java:37)
	at DefaultS3ClientBuilder.buildClient(DefaultS3ClientBuilder.java:26)
	at SdkDefaultClientBuilder.build(SdkDefaultClientBuilder.java:171)
	at S3FileSystemLoader.lambda$s3ClientFactory$0(S3FileSystemLoader.java:211)
	at S3FileSystemLoader.s3PreSigner(S3FileSystemLoader.java:228)
	at S3FileSystemLoader.<init>(S3FileSystemLoader.java:92)
	at S3FileSystemLoader.<init>(S3FileSystemLoader.java:79)
	at S3FileSystemFactory.<init>(S3FileSystemFactory.java:39)
	at S3FileSystemFactory$$FastClassByGuice$$3577f71.GUICE$TRAMPOLINE(<generated>)
	at S3FileSystemFactory$$FastClassByGuice$$3577f71.apply(<generated>)
	at DefaultConstructionProxyFactory$FastClassProxy.newInstance(DefaultConstructionProxyFactory.java:82)
	at ConstructorInjector.provision(ConstructorInjector.java:114)
	at ConstructorInjector.access$000(ConstructorInjector.java:33)
	at ConstructorInjector$1.call(ConstructorInjector.java:98)
	at ProvisionListenerStackCallback$Provision.provision(ProvisionListenerStackCallback.java:109)
	at LifeCycleModule.provision(LifeCycleModule.java:70)
	at ProvisionListenerStackCallback$Provision.provision(ProvisionListenerStackCallback.java:117)
	at ProvisionListenerStackCallback.provision(ProvisionListenerStackCallback.java:66)
	at ConstructorInjector.construct(ConstructorInjector.java:93)
	at ConstructorBindingImpl$Factory.get(ConstructorBindingImpl.java:300)
	at FactoryProxy.get(FactoryProxy.java:60)
	at ProviderToInternalFactoryAdapter.get(ProviderToInternalFactoryAdapter.java:40)
	at SingletonScope$1.get(SingletonScope.java:169)
	at InternalFactoryToProviderAdapter.get(InternalFactoryToProviderAdapter.java:45)
	at FactoryProxy.get(FactoryProxy.java:60)
	at InternalInjectorCreator.loadEagerSingletons(InternalInjectorCreator.java:213)
	at InternalInjectorCreator.injectDynamically(InternalInjectorCreator.java:186)
	at InternalInjectorCreator.build(InternalInjectorCreator.java:113)
	at Guice.createInjector(Guice.java:87)
	at Bootstrap.initialize(Bootstrap.java:366)
	at IcebergConnectorFactory.createConnector(IcebergConnectorFactory.java:88)
	at IcebergConnectorFactory.create(IcebergConnectorFactory.java:56)
	at DefaultCatalogFactory.createConnector(DefaultCatalogFactory.java:199)
	at DefaultCatalogFactory.createCatalog(DefaultCatalogFactory.java:124)
	at LazyCatalogFactory.createCatalog(LazyCatalogFactory.java:44)
	at StaticCatalogManager.lambda$loadInitialCatalogs$1(StaticCatalogManager.java:159)
	at java.base/FutureTask.run(FutureTask.java:328)
	at java.base/Executors$RunnableAdapter.call(Executors.java:545)
	at java.base/FutureTask.run(FutureTask.java:328)
	at DirectExecutor.execute(DirectExecutor.java:30)
	at java.base/ExecutorCompletionService.submit(ExecutorCompletionService.java:187)
	at Executors.executeUntilFailure(Executors.java:46)
	at StaticCatalogManager.loadInitialCatalogs(StaticCatalogManager.java:153)
	at Server.doStart(Server.java:140)
	at Server.lambda$start$0(Server.java:79)
	at io.trino.$gen.Trino_479____20260122_182306_1.run(Unknown Source)
	at Server.start(Server.java:79)
	at TrinoServer.main(TrinoServer.java:37)

19) [Guice/ErrorInjectingConstructor]: SdkClientException: Unable to load region from any of the providers in the chain DefaultAwsRegionProviderChain@5c2a52dc: [SystemSettingsRegionProvider@477b324e: Unable to load region from system settings. Region must be specified either via environment variable (AWS_REGION) or  system property (aws.region)., AwsProfileRegionProvider@449e327c: No region provided in profile: default, InstanceProfileRegionProvider@1b2c756a: Unable to contact EC2 metadata service.]
  at S3FileSystemFactory.<init>(S3FileSystemFactory.java:38)
  while locating S3FileSystemFactory
  at java.base/DirectMethodHandleAccessor.invoke(DirectMethodHandleAccessor.java:104)
      \_ installed by: IcebergConnectorFactory$IcebergFileSystemModule -> FileSystemModule -> S3FileSystemModule
  while locating TrinoFileSystemFactory annotated with interface FileSystemS3
  while locating TrinoFileSystemFactory annotated with @Element(setName=,uniqueId=62, type=MAPBINDER, keyType=String)

Learn more:
  https://github.com/google/guice/wiki/ERROR_INJECTING_CONSTRUCTOR
Caused by: SdkClientException: Unable to load region from any of the providers in the chain DefaultAwsRegionProviderChain@5c2a52dc: [SystemSettingsRegionProvider@477b324e: Unable to load region from system settings. Region must be specified either via environment variable (AWS_REGION) or  system property (aws.region)., AwsProfileRegionProvider@449e327c: No region provided in profile: default, InstanceProfileRegionProvider@1b2c756a: Unable to contact EC2 metadata service.]
	at SdkClientException$BuilderImpl.build(SdkClientException.java:130)
	at AwsRegionProviderChain.getRegion(AwsRegionProviderChain.java:70)
	at AwsDefaultClientBuilder.resolveRegion(AwsDefaultClientBuilder.java:374)
	at AttributeMap$DerivedValue.primeCache(AttributeMap.java:604)
	at AttributeMap$DerivedValue.get(AttributeMap.java:593)
	at AttributeMap$Builder.resolveValue(AttributeMap.java:400)
	at AttributeMap$Builder.internalGet(AttributeMap.java:389)
	at AttributeMap$Builder.access$1300(AttributeMap.java:201)
	at AttributeMap$Builder$1.get(AttributeMap.java:403)
	at AwsDefaultClientBuilder.resolveSigningRegion(AwsDefaultClientBuilder.java:319)
	at AttributeMap$DerivedValue.primeCache(AttributeMap.java:604)
	at AttributeMap$DerivedValue.get(AttributeMap.java:593)
	at AttributeMap$Builder.resolveValue(AttributeMap.java:400)
	at java.base/ArrayList.forEach(ArrayList.java:1604)
	at AttributeMap$Builder.build(AttributeMap.java:362)
	at SdkClientConfiguration$Builder.build(SdkClientConfiguration.java:224)
	at AwsDefaultClientBuilder.finalizeAwsConfiguration(AwsDefaultClientBuilder.java:201)
	at AwsDefaultClientBuilder.finalizeChildConfiguration(AwsDefaultClientBuilder.java:172)
	at SdkDefaultClientBuilder.syncClientConfiguration(SdkDefaultClientBuilder.java:204)
	at DefaultS3ClientBuilder.buildClient(DefaultS3ClientBuilder.java:37)
	at DefaultS3ClientBuilder.buildClient(DefaultS3ClientBuilder.java:26)
	at SdkDefaultClientBuilder.build(SdkDefaultClientBuilder.java:171)
	at S3FileSystemLoader.lambda$s3ClientFactory$0(S3FileSystemLoader.java:211)
	at S3FileSystemLoader.s3PreSigner(S3FileSystemLoader.java:228)
	at S3FileSystemLoader.<init>(S3FileSystemLoader.java:92)
	at S3FileSystemLoader.<init>(S3FileSystemLoader.java:79)
	at S3FileSystemFactory.<init>(S3FileSystemFactory.java:39)
	at S3FileSystemFactory$$FastClassByGuice$$3577f71.GUICE$TRAMPOLINE(<generated>)
	at S3FileSystemFactory$$FastClassByGuice$$3577f71.apply(<generated>)
	at DefaultConstructionProxyFactory$FastClassProxy.newInstance(DefaultConstructionProxyFactory.java:82)
	at ConstructorInjector.provision(ConstructorInjector.java:114)
	at ConstructorInjector.access$000(ConstructorInjector.java:33)
	at ConstructorInjector$1.call(ConstructorInjector.java:98)
	at ProvisionListenerStackCallback$Provision.provision(ProvisionListenerStackCallback.java:109)
	at LifeCycleModule.provision(LifeCycleModule.java:70)
	at ProvisionListenerStackCallback$Provision.provision(ProvisionListenerStackCallback.java:117)
	at ProvisionListenerStackCallback.provision(ProvisionListenerStackCallback.java:66)
	at ConstructorInjector.construct(ConstructorInjector.java:93)
	at ConstructorBindingImpl$Factory.get(ConstructorBindingImpl.java:300)
	at FactoryProxy.get(FactoryProxy.java:60)
	at ProviderToInternalFactoryAdapter.get(ProviderToInternalFactoryAdapter.java:40)
	at SingletonScope$1.get(SingletonScope.java:169)
	at InternalFactoryToProviderAdapter.get(InternalFactoryToProviderAdapter.java:45)
	at FactoryProxy.get(FactoryProxy.java:60)
	at InternalInjectorCreator.loadEagerSingletons(InternalInjectorCreator.java:213)
	at InternalInjectorCreator.injectDynamically(InternalInjectorCreator.java:186)
	at InternalInjectorCreator.build(InternalInjectorCreator.java:113)
	at Guice.createInjector(Guice.java:87)
	at Bootstrap.initialize(Bootstrap.java:366)
	at IcebergConnectorFactory.createConnector(IcebergConnectorFactory.java:88)
	at IcebergConnectorFactory.create(IcebergConnectorFactory.java:56)
	at DefaultCatalogFactory.createConnector(DefaultCatalogFactory.java:199)
	at DefaultCatalogFactory.createCatalog(DefaultCatalogFactory.java:124)
	at LazyCatalogFactory.createCatalog(LazyCatalogFactory.java:44)
	at StaticCatalogManager.lambda$loadInitialCatalogs$1(StaticCatalogManager.java:159)
	at java.base/FutureTask.run(FutureTask.java:328)
	at java.base/Executors$RunnableAdapter.call(Executors.java:545)
	at java.base/FutureTask.run(FutureTask.java:328)
	at DirectExecutor.execute(DirectExecutor.java:30)
	at java.base/ExecutorCompletionService.submit(ExecutorCompletionService.java:187)
	at Executors.executeUntilFailure(Executors.java:46)
	at StaticCatalogManager.loadInitialCatalogs(StaticCatalogManager.java:153)
	at Server.doStart(Server.java:140)
	at Server.lambda$start$0(Server.java:79)
	at io.trino.$gen.Trino_479____20260122_182306_1.run(Unknown Source)
	at Server.start(Server.java:79)
	at TrinoServer.main(TrinoServer.java:37)

20) [Guice/ErrorInjectingConstructor]: SdkClientException: Unable to load region from any of the providers in the chain DefaultAwsRegionProviderChain@20055681: [SystemSettingsRegionProvider@87f2a9e: Unable to load region from system settings. Region must be specified either via environment variable (AWS_REGION) or  system property (aws.region)., AwsProfileRegionProvider@72416b53: No region provided in profile: default, InstanceProfileRegionProvider@28be6382: Unable to contact EC2 metadata service.]
  at S3FileSystemFactory.<init>(S3FileSystemFactory.java:38)
  while locating S3FileSystemFactory
  at java.base/DirectMethodHandleAccessor.invoke(DirectMethodHandleAccessor.java:104)
      \_ installed by: IcebergConnectorFactory$IcebergFileSystemModule -> FileSystemModule -> S3FileSystemModule
  while locating TrinoFileSystemFactory annotated with interface FileSystemS3
  while locating TrinoFileSystemFactory annotated with @Element(setName=,uniqueId=58, type=MAPBINDER, keyType=String)
  at FileSystemModule.createFileSystemFactory(FileSystemModule.java:155)
      \_ for 3rd parameter factories
  at FileSystemModule.createFileSystemFactory(FileSystemModule.java:155)
      \_ installed by: IcebergConnectorFactory$IcebergFileSystemModule -> FileSystemModule
  while locating TrinoFileSystemFactory

Learn more:
  https://github.com/google/guice/wiki/ERROR_INJECTING_CONSTRUCTOR
Caused by: SdkClientException: Unable to load region from any of the providers in the chain DefaultAwsRegionProviderChain@20055681: [SystemSettingsRegionProvider@87f2a9e: Unable to load region from system settings. Region must be specified either via environment variable (AWS_REGION) or  system property (aws.region)., AwsProfileRegionProvider@72416b53: No region provided in profile: default, InstanceProfileRegionProvider@28be6382: Unable to contact EC2 metadata service.]
	at SdkClientException$BuilderImpl.build(SdkClientException.java:130)
	at AwsRegionProviderChain.getRegion(AwsRegionProviderChain.java:70)
	at AwsDefaultClientBuilder.resolveRegion(AwsDefaultClientBuilder.java:374)
	at AttributeMap$DerivedValue.primeCache(AttributeMap.java:604)
	at AttributeMap$DerivedValue.get(AttributeMap.java:593)
	at AttributeMap$Builder.resolveValue(AttributeMap.java:400)
	at AttributeMap$Builder.internalGet(AttributeMap.java:389)
	at AttributeMap$Builder.access$1300(AttributeMap.java:201)
	at AttributeMap$Builder$1.get(AttributeMap.java:403)
	at AwsDefaultClientBuilder.resolveSigningRegion(AwsDefaultClientBuilder.java:319)
	at AttributeMap$DerivedValue.primeCache(AttributeMap.java:604)
	at AttributeMap$DerivedValue.get(AttributeMap.java:593)
	at AttributeMap$Builder.resolveValue(AttributeMap.java:400)
	at java.base/ArrayList.forEach(ArrayList.java:1604)
	at AttributeMap$Builder.build(AttributeMap.java:362)
	at SdkClientConfiguration$Builder.build(SdkClientConfiguration.java:224)
	at AwsDefaultClientBuilder.finalizeAwsConfiguration(AwsDefaultClientBuilder.java:201)
	at AwsDefaultClientBuilder.finalizeChildConfiguration(AwsDefaultClientBuilder.java:172)
	at SdkDefaultClientBuilder.syncClientConfiguration(SdkDefaultClientBuilder.java:204)
	at DefaultS3ClientBuilder.buildClient(DefaultS3ClientBuilder.java:37)
	at DefaultS3ClientBuilder.buildClient(DefaultS3ClientBuilder.java:26)
	at SdkDefaultClientBuilder.build(SdkDefaultClientBuilder.java:171)
	at S3FileSystemLoader.lambda$s3ClientFactory$0(S3FileSystemLoader.java:211)
	at S3FileSystemLoader.s3PreSigner(S3FileSystemLoader.java:228)
	at S3FileSystemLoader.<init>(S3FileSystemLoader.java:92)
	at S3FileSystemLoader.<init>(S3FileSystemLoader.java:79)
	at S3FileSystemFactory.<init>(S3FileSystemFactory.java:39)
	at S3FileSystemFactory$$FastClassByGuice$$3577f71.GUICE$TRAMPOLINE(<generated>)
	at S3FileSystemFactory$$FastClassByGuice$$3577f71.apply(<generated>)
	at DefaultConstructionProxyFactory$FastClassProxy.newInstance(DefaultConstructionProxyFactory.java:82)
	at ConstructorInjector.provision(ConstructorInjector.java:114)
	at ConstructorInjector.access$000(ConstructorInjector.java:33)
	at ConstructorInjector$1.call(ConstructorInjector.java:98)
	at ProvisionListenerStackCallback$Provision.provision(ProvisionListenerStackCallback.java:109)
	at LifeCycleModule.provision(LifeCycleModule.java:70)
	at ProvisionListenerStackCallback$Provision.provision(ProvisionListenerStackCallback.java:117)
	at ProvisionListenerStackCallback.provision(ProvisionListenerStackCallback.java:66)
	at ConstructorInjector.construct(ConstructorInjector.java:93)
	at ConstructorBindingImpl$Factory.get(ConstructorBindingImpl.java:300)
	at FactoryProxy.get(FactoryProxy.java:60)
	at ProviderToInternalFactoryAdapter.get(ProviderToInternalFactoryAdapter.java:40)
	at SingletonScope$1.get(SingletonScope.java:169)
	at InternalFactoryToProviderAdapter.get(InternalFactoryToProviderAdapter.java:45)
	at FactoryProxy.get(FactoryProxy.java:60)
	at SingleParameterInjector.inject(SingleParameterInjector.java:40)
	at RealMapBinder$ExtensionRealMapProvider.doProvision(RealMapBinder.java:808)
	at RealMapBinder$ExtensionRealMapProvider.doProvision(RealMapBinder.java:743)
	at InternalProviderInstanceBindingImpl$Factory$1.call(InternalProviderInstanceBindingImpl.java:120)
	at ProvisionListenerStackCallback$Provision.provision(ProvisionListenerStackCallback.java:109)
	at LifeCycleModule.provision(LifeCycleModule.java:70)
	at ProvisionListenerStackCallback$Provision.provision(ProvisionListenerStackCallback.java:117)
	at ProvisionListenerStackCallback.provision(ProvisionListenerStackCallback.java:66)
	at InternalProviderInstanceBindingImpl$Factory.get(InternalProviderInstanceBindingImpl.java:115)
	at SingleParameterInjector.inject(SingleParameterInjector.java:40)
	at SingleParameterInjector.getAll(SingleParameterInjector.java:60)
	at ProviderMethod.doProvision(ProviderMethod.java:171)
	at InternalProviderInstanceBindingImpl$CyclicFactory.provision(InternalProviderInstanceBindingImpl.java:185)
	at InternalProviderInstanceBindingImpl$CyclicFactory.access$300(InternalProviderInstanceBindingImpl.java:139)
	at InternalProviderInstanceBindingImpl$CyclicFactory$1.call(InternalProviderInstanceBindingImpl.java:169)
	at ProvisionListenerStackCallback$Provision.provision(ProvisionListenerStackCallback.java:109)
	at LifeCycleModule.provision(LifeCycleModule.java:70)
	at ProvisionListenerStackCallback$Provision.provision(ProvisionListenerStackCallback.java:117)
	at ProvisionListenerStackCallback.provision(ProvisionListenerStackCallback.java:66)
	at InternalProviderInstanceBindingImpl$CyclicFactory.get(InternalProviderInstanceBindingImpl.java:164)
	at ProviderToInternalFactoryAdapter.get(ProviderToInternalFactoryAdapter.java:40)
	at SingletonScope$1.get(SingletonScope.java:169)
	at InternalFactoryToProviderAdapter.get(InternalFactoryToProviderAdapter.java:45)
	at InternalInjectorCreator.loadEagerSingletons(InternalInjectorCreator.java:213)
	at InternalInjectorCreator.injectDynamically(InternalInjectorCreator.java:186)
	at InternalInjectorCreator.build(InternalInjectorCreator.java:113)
	at Guice.createInjector(Guice.java:87)
	at Bootstrap.initialize(Bootstrap.java:366)
	at IcebergConnectorFactory.createConnector(IcebergConnectorFactory.java:88)
	at IcebergConnectorFactory.create(IcebergConnectorFactory.java:56)
	at DefaultCatalogFactory.createConnector(DefaultCatalogFactory.java:199)
	at DefaultCatalogFactory.createCatalog(DefaultCatalogFactory.java:124)
	at LazyCatalogFactory.createCatalog(LazyCatalogFactory.java:44)
	at StaticCatalogManager.lambda$loadInitialCatalogs$1(StaticCatalogManager.java:159)
	at java.base/FutureTask.run(FutureTask.java:328)
	at java.base/Executors$RunnableAdapter.call(Executors.java:545)
	at java.base/FutureTask.run(FutureTask.java:328)
	at DirectExecutor.execute(DirectExecutor.java:30)
	at java.base/ExecutorCompletionService.submit(ExecutorCompletionService.java:187)
	at Executors.executeUntilFailure(Executors.java:46)
	at StaticCatalogManager.loadInitialCatalogs(StaticCatalogManager.java:153)
	at Server.doStart(Server.java:140)
	at Server.lambda$start$0(Server.java:79)
	at io.trino.$gen.Trino_479____20260122_182306_1.run(Unknown Source)
	at Server.start(Server.java:79)
	at TrinoServer.main(TrinoServer.java:37)

21) [Guice/ErrorInjectingConstructor]: SdkClientException: Unable to load region from any of the providers in the chain DefaultAwsRegionProviderChain@14a26264: [SystemSettingsRegionProvider@31607a22: Unable to load region from system settings. Region must be specified either via environment variable (AWS_REGION) or  system property (aws.region)., AwsProfileRegionProvider@391cd9a9: No region provided in profile: default, InstanceProfileRegionProvider@3c591552: Unable to contact EC2 metadata service.]
  at S3FileSystemFactory.<init>(S3FileSystemFactory.java:38)
  while locating S3FileSystemFactory
  at java.base/DirectMethodHandleAccessor.invoke(DirectMethodHandleAccessor.java:104)
      \_ installed by: IcebergConnectorFactory$IcebergFileSystemModule -> FileSystemModule -> S3FileSystemModule
  while locating TrinoFileSystemFactory annotated with interface FileSystemS3
  while locating TrinoFileSystemFactory annotated with @Element(setName=,uniqueId=58, type=MAPBINDER, keyType=String)
  at FileSystemModule.createFileSystemFactory(FileSystemModule.java:155)
      \_ for 3rd parameter factories
  at FileSystemModule.createFileSystemFactory(FileSystemModule.java:155)
      \_ installed by: IcebergConnectorFactory$IcebergFileSystemModule -> FileSystemModule
  at IcebergNessieTableOperationsProvider.<init>(IcebergNessieTableOperationsProvider.java:39)
      \_ for 1st parameter fileSystemFactory
  while locating IcebergNessieTableOperationsProvider
  at java.base/DirectMethodHandleAccessor.invoke(DirectMethodHandleAccessor.java:104)
      \_ installed by: IcebergCatalogModule -> ConditionalModule -> IcebergNessieCatalogModule
  while locating IcebergTableOperationsProvider
  at GuiceMBeanExporter.<init>(GuiceMBeanExporter.java:40)
  at MBeanModule.configure(MBeanModule.java:39)
  while locating GuiceMBeanExporter

Learn more:
  https://github.com/google/guice/wiki/ERROR_INJECTING_CONSTRUCTOR
Caused by: SdkClientException: Unable to load region from any of the providers in the chain DefaultAwsRegionProviderChain@14a26264: [SystemSettingsRegionProvider@31607a22: Unable to load region from system settings. Region must be specified either via environment variable (AWS_REGION) or  system property (aws.region)., AwsProfileRegionProvider@391cd9a9: No region provided in profile: default, InstanceProfileRegionProvider@3c591552: Unable to contact EC2 metadata service.]
	at SdkClientException$BuilderImpl.build(SdkClientException.java:130)
	at AwsRegionProviderChain.getRegion(AwsRegionProviderChain.java:70)
	at AwsDefaultClientBuilder.resolveRegion(AwsDefaultClientBuilder.java:374)
	at AttributeMap$DerivedValue.primeCache(AttributeMap.java:604)
	at AttributeMap$DerivedValue.get(AttributeMap.java:593)
	at AttributeMap$Builder.resolveValue(AttributeMap.java:400)
	at AttributeMap$Builder.internalGet(AttributeMap.java:389)
	at AttributeMap$Builder.access$1300(AttributeMap.java:201)
	at AttributeMap$Builder$1.get(AttributeMap.java:403)
	at AwsDefaultClientBuilder.resolveSigningRegion(AwsDefaultClientBuilder.java:319)
	at AttributeMap$DerivedValue.primeCache(AttributeMap.java:604)
	at AttributeMap$DerivedValue.get(AttributeMap.java:593)
	at AttributeMap$Builder.resolveValue(AttributeMap.java:400)
	at java.base/ArrayList.forEach(ArrayList.java:1604)
	at AttributeMap$Builder.build(AttributeMap.java:362)
	at SdkClientConfiguration$Builder.build(SdkClientConfiguration.java:224)
	at AwsDefaultClientBuilder.finalizeAwsConfiguration(AwsDefaultClientBuilder.java:201)
	at AwsDefaultClientBuilder.finalizeChildConfiguration(AwsDefaultClientBuilder.java:172)
	at SdkDefaultClientBuilder.syncClientConfiguration(SdkDefaultClientBuilder.java:204)
	at DefaultS3ClientBuilder.buildClient(DefaultS3ClientBuilder.java:37)
	at DefaultS3ClientBuilder.buildClient(DefaultS3ClientBuilder.java:26)
	at SdkDefaultClientBuilder.build(SdkDefaultClientBuilder.java:171)
	at S3FileSystemLoader.lambda$s3ClientFactory$0(S3FileSystemLoader.java:211)
	at S3FileSystemLoader.s3PreSigner(S3FileSystemLoader.java:228)
	at S3FileSystemLoader.<init>(S3FileSystemLoader.java:92)
	at S3FileSystemLoader.<init>(S3FileSystemLoader.java:79)
	at S3FileSystemFactory.<init>(S3FileSystemFactory.java:39)
	at S3FileSystemFactory$$FastClassByGuice$$3577f71.GUICE$TRAMPOLINE(<generated>)
	at S3FileSystemFactory$$FastClassByGuice$$3577f71.apply(<generated>)
	at DefaultConstructionProxyFactory$FastClassProxy.newInstance(DefaultConstructionProxyFactory.java:82)
	at ConstructorInjector.provision(ConstructorInjector.java:114)
	at ConstructorInjector.access$000(ConstructorInjector.java:33)
	at ConstructorInjector$1.call(ConstructorInjector.java:98)
	at ProvisionListenerStackCallback$Provision.provision(ProvisionListenerStackCallback.java:109)
	at LifeCycleModule.provision(LifeCycleModule.java:70)
	at ProvisionListenerStackCallback$Provision.provision(ProvisionListenerStackCallback.java:117)
	at ProvisionListenerStackCallback.provision(ProvisionListenerStackCallback.java:66)
	at ConstructorInjector.construct(ConstructorInjector.java:93)
	at ConstructorBindingImpl$Factory.get(ConstructorBindingImpl.java:300)
	at FactoryProxy.get(FactoryProxy.java:60)
	at ProviderToInternalFactoryAdapter.get(ProviderToInternalFactoryAdapter.java:40)
	at SingletonScope$1.get(SingletonScope.java:169)
	at InternalFactoryToProviderAdapter.get(InternalFactoryToProviderAdapter.java:45)
	at FactoryProxy.get(FactoryProxy.java:60)
	at SingleParameterInjector.inject(SingleParameterInjector.java:40)
	at RealMapBinder$ExtensionRealMapProvider.doProvision(RealMapBinder.java:808)
	at RealMapBinder$ExtensionRealMapProvider.doProvision(RealMapBinder.java:743)
	at InternalProviderInstanceBindingImpl$Factory$1.call(InternalProviderInstanceBindingImpl.java:120)
	at ProvisionListenerStackCallback$Provision.provision(ProvisionListenerStackCallback.java:109)
	at LifeCycleModule.provision(LifeCycleModule.java:70)
	at ProvisionListenerStackCallback$Provision.provision(ProvisionListenerStackCallback.java:117)
	at ProvisionListenerStackCallback.provision(ProvisionListenerStackCallback.java:66)
	at InternalProviderInstanceBindingImpl$Factory.get(InternalProviderInstanceBindingImpl.java:115)
	at SingleParameterInjector.inject(SingleParameterInjector.java:40)
	at SingleParameterInjector.getAll(SingleParameterInjector.java:60)
	at ProviderMethod.doProvision(ProviderMethod.java:171)
	at InternalProviderInstanceBindingImpl$CyclicFactory.provision(InternalProviderInstanceBindingImpl.java:185)
	at InternalProviderInstanceBindingImpl$CyclicFactory.access$300(InternalProviderInstanceBindingImpl.java:139)
	at InternalProviderInstanceBindingImpl$CyclicFactory$1.call(InternalProviderInstanceBindingImpl.java:169)
	at ProvisionListenerStackCallback$Provision.provision(ProvisionListenerStackCallback.java:109)
	at LifeCycleModule.provision(LifeCycleModule.java:70)
	at ProvisionListenerStackCallback$Provision.provision(ProvisionListenerStackCallback.java:117)
	at ProvisionListenerStackCallback.provision(ProvisionListenerStackCallback.java:66)
	at InternalProviderInstanceBindingImpl$CyclicFactory.get(InternalProviderInstanceBindingImpl.java:164)
	at ProviderToInternalFactoryAdapter.get(ProviderToInternalFactoryAdapter.java:40)
	at SingletonScope$1.get(SingletonScope.java:169)
	at InternalFactoryToProviderAdapter.get(InternalFactoryToProviderAdapter.java:45)
	at SingleParameterInjector.inject(SingleParameterInjector.java:40)
	at SingleParameterInjector.getAll(SingleParameterInjector.java:60)
	at ConstructorInjector.provision(ConstructorInjector.java:113)
	at ConstructorInjector.access$000(ConstructorInjector.java:33)
	at ConstructorInjector$1.call(ConstructorInjector.java:98)
	at ProvisionListenerStackCallback$Provision.provision(ProvisionListenerStackCallback.java:109)
	at LifeCycleModule.provision(LifeCycleModule.java:70)
	at ProvisionListenerStackCallback$Provision.provision(ProvisionListenerStackCallback.java:117)
	at ProvisionListenerStackCallback.provision(ProvisionListenerStackCallback.java:66)
	at ConstructorInjector.construct(ConstructorInjector.java:93)
	at ConstructorBindingImpl$Factory.get(ConstructorBindingImpl.java:300)
	at FactoryProxy.get(FactoryProxy.java:60)
	at ProviderToInternalFactoryAdapter.get(ProviderToInternalFactoryAdapter.java:40)
	at SingletonScope$1.get(SingletonScope.java:169)
	at InternalFactoryToProviderAdapter.get(InternalFactoryToProviderAdapter.java:45)
	at InjectorImpl$1.get(InjectorImpl.java:1148)
	at InjectorImpl.getInstance(InjectorImpl.java:1181)
	at GuiceMBeanExporter.export(GuiceMBeanExporter.java:92)
	at GuiceMBeanExporter.<init>(GuiceMBeanExporter.java:42)
	at GuiceMBeanExporter$$FastClassByGuice$$508125.GUICE$TRAMPOLINE(<generated>)
	at GuiceMBeanExporter$$FastClassByGuice$$508125.apply(<generated>)
	at DefaultConstructionProxyFactory$FastClassProxy.newInstance(DefaultConstructionProxyFactory.java:82)
	at ConstructorInjector.provision(ConstructorInjector.java:114)
	at ConstructorInjector.access$000(ConstructorInjector.java:33)
	at ConstructorInjector$1.call(ConstructorInjector.java:98)
	at ProvisionListenerStackCallback$Provision.provision(ProvisionListenerStackCallback.java:109)
	at LifeCycleModule.provision(LifeCycleModule.java:70)
	at ProvisionListenerStackCallback$Provision.provision(ProvisionListenerStackCallback.java:117)
	at ProvisionListenerStackCallback.provision(ProvisionListenerStackCallback.java:66)
	at ConstructorInjector.construct(ConstructorInjector.java:93)
	at ConstructorBindingImpl$Factory.get(ConstructorBindingImpl.java:300)
	at ProviderToInternalFactoryAdapter.get(ProviderToInternalFactoryAdapter.java:40)
	at SingletonScope$1.get(SingletonScope.java:169)
	at InternalFactoryToProviderAdapter.get(InternalFactoryToProviderAdapter.java:45)
	at InternalInjectorCreator.loadEagerSingletons(InternalInjectorCreator.java:213)
	at InternalInjectorCreator.injectDynamically(InternalInjectorCreator.java:186)
	at InternalInjectorCreator.build(InternalInjectorCreator.java:113)
	at Guice.createInjector(Guice.java:87)
	at Bootstrap.initialize(Bootstrap.java:366)
	at IcebergConnectorFactory.createConnector(IcebergConnectorFactory.java:88)
	at IcebergConnectorFactory.create(IcebergConnectorFactory.java:56)
	at DefaultCatalogFactory.createConnector(DefaultCatalogFactory.java:199)
	at DefaultCatalogFactory.createCatalog(DefaultCatalogFactory.java:124)
	at LazyCatalogFactory.createCatalog(LazyCatalogFactory.java:44)
	at StaticCatalogManager.lambda$loadInitialCatalogs$1(StaticCatalogManager.java:159)
	at java.base/FutureTask.run(FutureTask.java:328)
	at java.base/Executors$RunnableAdapter.call(Executors.java:545)
	at java.base/FutureTask.run(FutureTask.java:328)
	at DirectExecutor.execute(DirectExecutor.java:30)
	at java.base/ExecutorCompletionService.submit(ExecutorCompletionService.java:187)
	at Executors.executeUntilFailure(Executors.java:46)
	at StaticCatalogManager.loadInitialCatalogs(StaticCatalogManager.java:153)
	at Server.doStart(Server.java:140)
	at Server.lambda$start$0(Server.java:79)
	at io.trino.$gen.Trino_479____20260122_182306_1.run(Unknown Source)
	at Server.start(Server.java:79)
	at TrinoServer.main(TrinoServer.java:37)

22) [Guice/ErrorInjectingConstructor]: SdkClientException: Unable to load region from any of the providers in the chain DefaultAwsRegionProviderChain@53df0cd6: [SystemSettingsRegionProvider@2cd28c84: Unable to load region from system settings. Region must be specified either via environment variable (AWS_REGION) or  system property (aws.region)., AwsProfileRegionProvider@53c4b0a9: No region provided in profile: default, InstanceProfileRegionProvider@6bd10b84: Unable to contact EC2 metadata service.]
  at S3FileSystemFactory.<init>(S3FileSystemFactory.java:38)
  while locating S3FileSystemFactory
  at java.base/DirectMethodHandleAccessor.invoke(DirectMethodHandleAccessor.java:104)
      \_ installed by: IcebergConnectorFactory$IcebergFileSystemModule -> FileSystemModule -> S3FileSystemModule
  while locating TrinoFileSystemFactory annotated with interface FileSystemS3
  while locating TrinoFileSystemFactory annotated with @Element(setName=,uniqueId=58, type=MAPBINDER, keyType=String)
  at FileSystemModule.createFileSystemFactory(FileSystemModule.java:155)
      \_ for 3rd parameter factories
  at FileSystemModule.createFileSystemFactory(FileSystemModule.java:155)
      \_ installed by: IcebergConnectorFactory$IcebergFileSystemModule -> FileSystemModule
  at TrinoNessieCatalogFactory.<init>(TrinoNessieCatalogFactory.java:52)
      \_ for 3rd parameter fileSystemFactory
  while locating TrinoNessieCatalogFactory
  at java.base/DirectMethodHandleAccessor.invoke(DirectMethodHandleAccessor.java:104)
      \_ installed by: IcebergCatalogModule -> ConditionalModule -> IcebergNessieCatalogModule
  at IcebergMetadataFactory.<init>(IcebergMetadataFactory.java:65)
      \_ for 3rd parameter catalogFactory
  at IcebergModule.configure(IcebergModule.java:104)
  at IcebergTransactionManager.<init>(IcebergTransactionManager.java:39)
      \_ for 1st parameter metadataFactory
  at IcebergModule.configure(IcebergModule.java:75)
  while locating IcebergTransactionManager

Learn more:
  https://github.com/google/guice/wiki/ERROR_INJECTING_CONSTRUCTOR
Caused by: SdkClientException: Unable to load region from any of the providers in the chain DefaultAwsRegionProviderChain@53df0cd6: [SystemSettingsRegionProvider@2cd28c84: Unable to load region from system settings. Region must be specified either via environment variable (AWS_REGION) or  system property (aws.region)., AwsProfileRegionProvider@53c4b0a9: No region provided in profile: default, InstanceProfileRegionProvider@6bd10b84: Unable to contact EC2 metadata service.]
	at SdkClientException$BuilderImpl.build(SdkClientException.java:130)
	at AwsRegionProviderChain.getRegion(AwsRegionProviderChain.java:70)
	at AwsDefaultClientBuilder.resolveRegion(AwsDefaultClientBuilder.java:374)
	at AttributeMap$DerivedValue.primeCache(AttributeMap.java:604)
	at AttributeMap$DerivedValue.get(AttributeMap.java:593)
	at AttributeMap$Builder.resolveValue(AttributeMap.java:400)
	at AttributeMap$Builder.internalGet(AttributeMap.java:389)
	at AttributeMap$Builder.access$1300(AttributeMap.java:201)
	at AttributeMap$Builder$1.get(AttributeMap.java:403)
	at AwsDefaultClientBuilder.resolveSigningRegion(AwsDefaultClientBuilder.java:319)
	at AttributeMap$DerivedValue.primeCache(AttributeMap.java:604)
	at AttributeMap$DerivedValue.get(AttributeMap.java:593)
	at AttributeMap$Builder.resolveValue(AttributeMap.java:400)
	at java.base/ArrayList.forEach(ArrayList.java:1604)
	at AttributeMap$Builder.build(AttributeMap.java:362)
	at SdkClientConfiguration$Builder.build(SdkClientConfiguration.java:224)
	at AwsDefaultClientBuilder.finalizeAwsConfiguration(AwsDefaultClientBuilder.java:201)
	at AwsDefaultClientBuilder.finalizeChildConfiguration(AwsDefaultClientBuilder.java:172)
	at SdkDefaultClientBuilder.syncClientConfiguration(SdkDefaultClientBuilder.java:204)
	at DefaultS3ClientBuilder.buildClient(DefaultS3ClientBuilder.java:37)
	at DefaultS3ClientBuilder.buildClient(DefaultS3ClientBuilder.java:26)
	at SdkDefaultClientBuilder.build(SdkDefaultClientBuilder.java:171)
	at S3FileSystemLoader.lambda$s3ClientFactory$0(S3FileSystemLoader.java:211)
	at S3FileSystemLoader.s3PreSigner(S3FileSystemLoader.java:228)
	at S3FileSystemLoader.<init>(S3FileSystemLoader.java:92)
	at S3FileSystemLoader.<init>(S3FileSystemLoader.java:79)
	at S3FileSystemFactory.<init>(S3FileSystemFactory.java:39)
	at S3FileSystemFactory$$FastClassByGuice$$3577f71.GUICE$TRAMPOLINE(<generated>)
	at S3FileSystemFactory$$FastClassByGuice$$3577f71.apply(<generated>)
	at DefaultConstructionProxyFactory$FastClassProxy.newInstance(DefaultConstructionProxyFactory.java:82)
	at ConstructorInjector.provision(ConstructorInjector.java:114)
	at ConstructorInjector.access$000(ConstructorInjector.java:33)
	at ConstructorInjector$1.call(ConstructorInjector.java:98)
	at ProvisionListenerStackCallback$Provision.provision(ProvisionListenerStackCallback.java:109)
	at LifeCycleModule.provision(LifeCycleModule.java:70)
	at ProvisionListenerStackCallback$Provision.provision(ProvisionListenerStackCallback.java:117)
	at ProvisionListenerStackCallback.provision(ProvisionListenerStackCallback.java:66)
	at ConstructorInjector.construct(ConstructorInjector.java:93)
	at ConstructorBindingImpl$Factory.get(ConstructorBindingImpl.java:300)
	at FactoryProxy.get(FactoryProxy.java:60)
	at ProviderToInternalFactoryAdapter.get(ProviderToInternalFactoryAdapter.java:40)
	at SingletonScope$1.get(SingletonScope.java:169)
	at InternalFactoryToProviderAdapter.get(InternalFactoryToProviderAdapter.java:45)
	at FactoryProxy.get(FactoryProxy.java:60)
	at SingleParameterInjector.inject(SingleParameterInjector.java:40)
	at RealMapBinder$ExtensionRealMapProvider.doProvision(RealMapBinder.java:808)
	at RealMapBinder$ExtensionRealMapProvider.doProvision(RealMapBinder.java:743)
	at InternalProviderInstanceBindingImpl$Factory$1.call(InternalProviderInstanceBindingImpl.java:120)
	at ProvisionListenerStackCallback$Provision.provision(ProvisionListenerStackCallback.java:109)
	at LifeCycleModule.provision(LifeCycleModule.java:70)
	at ProvisionListenerStackCallback$Provision.provision(ProvisionListenerStackCallback.java:117)
	at ProvisionListenerStackCallback.provision(ProvisionListenerStackCallback.java:66)
	at InternalProviderInstanceBindingImpl$Factory.get(InternalProviderInstanceBindingImpl.java:115)
	at SingleParameterInjector.inject(SingleParameterInjector.java:40)
	at SingleParameterInjector.getAll(SingleParameterInjector.java:60)
	at ProviderMethod.doProvision(ProviderMethod.java:171)
	at InternalProviderInstanceBindingImpl$CyclicFactory.provision(InternalProviderInstanceBindingImpl.java:185)
	at InternalProviderInstanceBindingImpl$CyclicFactory.access$300(InternalProviderInstanceBindingImpl.java:139)
	at InternalProviderInstanceBindingImpl$CyclicFactory$1.call(InternalProviderInstanceBindingImpl.java:169)
	at ProvisionListenerStackCallback$Provision.provision(ProvisionListenerStackCallback.java:109)
	at LifeCycleModule.provision(LifeCycleModule.java:70)
	at ProvisionListenerStackCallback$Provision.provision(ProvisionListenerStackCallback.java:117)
	at ProvisionListenerStackCallback.provision(ProvisionListenerStackCallback.java:66)
	at InternalProviderInstanceBindingImpl$CyclicFactory.get(InternalProviderInstanceBindingImpl.java:164)
	at ProviderToInternalFactoryAdapter.get(ProviderToInternalFactoryAdapter.java:40)
	at SingletonScope$1.get(SingletonScope.java:169)
	at InternalFactoryToProviderAdapter.get(InternalFactoryToProviderAdapter.java:45)
	at SingleParameterInjector.inject(SingleParameterInjector.java:40)
	at SingleParameterInjector.getAll(SingleParameterInjector.java:60)
	at ConstructorInjector.provision(ConstructorInjector.java:113)
	at ConstructorInjector.access$000(ConstructorInjector.java:33)
	at ConstructorInjector$1.call(ConstructorInjector.java:98)
	at ProvisionListenerStackCallback$Provision.provision(ProvisionListenerStackCallback.java:109)
	at LifeCycleModule.provision(LifeCycleModule.java:70)
	at ProvisionListenerStackCallback$Provision.provision(ProvisionListenerStackCallback.java:117)
	at ProvisionListenerStackCallback.provision(ProvisionListenerStackCallback.java:66)
	at ConstructorInjector.construct(ConstructorInjector.java:93)
	at ConstructorBindingImpl$Factory.get(ConstructorBindingImpl.java:300)
	at FactoryProxy.get(FactoryProxy.java:60)
	at ProviderToInternalFactoryAdapter.get(ProviderToInternalFactoryAdapter.java:40)
	at SingletonScope$1.get(SingletonScope.java:169)
	at InternalFactoryToProviderAdapter.get(InternalFactoryToProviderAdapter.java:45)
	at SingleParameterInjector.inject(SingleParameterInjector.java:40)
	at SingleParameterInjector.getAll(SingleParameterInjector.java:60)
	at ConstructorInjector.provision(ConstructorInjector.java:113)
	at ConstructorInjector.access$000(ConstructorInjector.java:33)
	at ConstructorInjector$1.call(ConstructorInjector.java:98)
	at ProvisionListenerStackCallback$Provision.provision(ProvisionListenerStackCallback.java:109)
	at LifeCycleModule.provision(LifeCycleModule.java:70)
	at ProvisionListenerStackCallback$Provision.provision(ProvisionListenerStackCallback.java:117)
	at ProvisionListenerStackCallback.provision(ProvisionListenerStackCallback.java:66)
	at ConstructorInjector.construct(ConstructorInjector.java:93)
	at ConstructorBindingImpl$Factory.get(ConstructorBindingImpl.java:300)
	at ProviderToInternalFactoryAdapter.get(ProviderToInternalFactoryAdapter.java:40)
	at SingletonScope$1.get(SingletonScope.java:169)
	at InternalFactoryToProviderAdapter.get(InternalFactoryToProviderAdapter.java:45)
	at SingleParameterInjector.inject(SingleParameterInjector.java:40)
	at SingleParameterInjector.getAll(SingleParameterInjector.java:60)
	at ConstructorInjector.provision(ConstructorInjector.java:113)
	at ConstructorInjector.access$000(ConstructorInjector.java:33)
	at ConstructorInjector$1.call(ConstructorInjector.java:98)
	at ProvisionListenerStackCallback$Provision.provision(ProvisionListenerStackCallback.java:109)
	at LifeCycleModule.provision(LifeCycleModule.java:70)
	at ProvisionListenerStackCallback$Provision.provision(ProvisionListenerStackCallback.java:117)
	at ProvisionListenerStackCallback.provision(ProvisionListenerStackCallback.java:66)
	at ConstructorInjector.construct(ConstructorInjector.java:93)
	at ConstructorBindingImpl$Factory.get(ConstructorBindingImpl.java:300)
	at ProviderToInternalFactoryAdapter.get(ProviderToInternalFactoryAdapter.java:40)
	at SingletonScope$1.get(SingletonScope.java:169)
	at InternalFactoryToProviderAdapter.get(InternalFactoryToProviderAdapter.java:45)
	at InternalInjectorCreator.loadEagerSingletons(InternalInjectorCreator.java:213)
	at InternalInjectorCreator.injectDynamically(InternalInjectorCreator.java:186)
	at InternalInjectorCreator.build(InternalInjectorCreator.java:113)
	at Guice.createInjector(Guice.java:87)
	at Bootstrap.initialize(Bootstrap.java:366)
	at IcebergConnectorFactory.createConnector(IcebergConnectorFactory.java:88)
	at IcebergConnectorFactory.create(IcebergConnectorFactory.java:56)
	at DefaultCatalogFactory.createConnector(DefaultCatalogFactory.java:199)
	at DefaultCatalogFactory.createCatalog(DefaultCatalogFactory.java:124)
	at LazyCatalogFactory.createCatalog(LazyCatalogFactory.java:44)
	at StaticCatalogManager.lambda$loadInitialCatalogs$1(StaticCatalogManager.java:159)
	at java.base/FutureTask.run(FutureTask.java:328)
	at java.base/Executors$RunnableAdapter.call(Executors.java:545)
	at java.base/FutureTask.run(FutureTask.java:328)
	at DirectExecutor.execute(DirectExecutor.java:30)
	at java.base/ExecutorCompletionService.submit(ExecutorCompletionService.java:187)
	at Executors.executeUntilFailure(Executors.java:46)
	at StaticCatalogManager.loadInitialCatalogs(StaticCatalogManager.java:153)
	at Server.doStart(Server.java:140)
	at Server.lambda$start$0(Server.java:79)
	at io.trino.$gen.Trino_479____20260122_182306_1.run(Unknown Source)
	at Server.start(Server.java:79)
	at TrinoServer.main(TrinoServer.java:37)

23) [Guice/ErrorInjectingConstructor]: SdkClientException: Unable to load region from any of the providers in the chain DefaultAwsRegionProviderChain@34bc32be: [SystemSettingsRegionProvider@1fee26e7: Unable to load region from system settings. Region must be specified either via environment variable (AWS_REGION) or  system property (aws.region)., AwsProfileRegionProvider@5c2475de: No region provided in profile: default, InstanceProfileRegionProvider@8070dd9: Unable to contact EC2 metadata service.]
  at S3FileSystemFactory.<init>(S3FileSystemFactory.java:38)
  while locating S3FileSystemFactory
  at java.base/DirectMethodHandleAccessor.invoke(DirectMethodHandleAccessor.java:104)
      \_ installed by: IcebergConnectorFactory$IcebergFileSystemModule -> FileSystemModule -> S3FileSystemModule
  while locating TrinoFileSystemFactory annotated with interface FileSystemS3
  while locating TrinoFileSystemFactory annotated with @Element(setName=,uniqueId=58, type=MAPBINDER, keyType=String)
  at FileSystemModule.createFileSystemFactory(FileSystemModule.java:155)
      \_ for 3rd parameter factories
  at FileSystemModule.createFileSystemFactory(FileSystemModule.java:155)
      \_ installed by: IcebergConnectorFactory$IcebergFileSystemModule -> FileSystemModule
  at DefaultIcebergFileSystemFactory.<init>(DefaultIcebergFileSystemFactory.java:32)
      \_ for 1st parameter fileSystemFactory
  while locating DefaultIcebergFileSystemFactory
  at IcebergModule.configure(IcebergModule.java:141)
  while locating IcebergFileSystemFactory annotated with @RealOptionalBinder$Default
  at IcebergPageSourceProviderFactory.<init>(IcebergPageSourceProviderFactory.java:47)
      \_ for 1st parameter fileSystemFactory
  at IcebergModule.configure(IcebergModule.java:88)
  while locating IcebergPageSourceProviderFactory

Learn more:
  https://github.com/google/guice/wiki/ERROR_INJECTING_CONSTRUCTOR
Caused by: SdkClientException: Unable to load region from any of the providers in the chain DefaultAwsRegionProviderChain@34bc32be: [SystemSettingsRegionProvider@1fee26e7: Unable to load region from system settings. Region must be specified either via environment variable (AWS_REGION) or  system property (aws.region)., AwsProfileRegionProvider@5c2475de: No region provided in profile: default, InstanceProfileRegionProvider@8070dd9: Unable to contact EC2 metadata service.]
	at SdkClientException$BuilderImpl.build(SdkClientException.java:130)
	at AwsRegionProviderChain.getRegion(AwsRegionProviderChain.java:70)
	at AwsDefaultClientBuilder.resolveRegion(AwsDefaultClientBuilder.java:374)
	at AttributeMap$DerivedValue.primeCache(AttributeMap.java:604)
	at AttributeMap$DerivedValue.get(AttributeMap.java:593)
	at AttributeMap$Builder.resolveValue(AttributeMap.java:400)
	at AttributeMap$Builder.internalGet(AttributeMap.java:389)
	at AttributeMap$Builder.access$1300(AttributeMap.java:201)
	at AttributeMap$Builder$1.get(AttributeMap.java:403)
	at AwsDefaultClientBuilder.resolveSigningRegion(AwsDefaultClientBuilder.java:319)
	at AttributeMap$DerivedValue.primeCache(AttributeMap.java:604)
	at AttributeMap$DerivedValue.get(AttributeMap.java:593)
	at AttributeMap$Builder.resolveValue(AttributeMap.java:400)
	at java.base/ArrayList.forEach(ArrayList.java:1604)
	at AttributeMap$Builder.build(AttributeMap.java:362)
	at SdkClientConfiguration$Builder.build(SdkClientConfiguration.java:224)
	at AwsDefaultClientBuilder.finalizeAwsConfiguration(AwsDefaultClientBuilder.java:201)
	at AwsDefaultClientBuilder.finalizeChildConfiguration(AwsDefaultClientBuilder.java:172)
	at SdkDefaultClientBuilder.syncClientConfiguration(SdkDefaultClientBuilder.java:204)
	at DefaultS3ClientBuilder.buildClient(DefaultS3ClientBuilder.java:37)
	at DefaultS3ClientBuilder.buildClient(DefaultS3ClientBuilder.java:26)
	at SdkDefaultClientBuilder.build(SdkDefaultClientBuilder.java:171)
	at S3FileSystemLoader.lambda$s3ClientFactory$0(S3FileSystemLoader.java:211)
	at S3FileSystemLoader.s3PreSigner(S3FileSystemLoader.java:228)
	at S3FileSystemLoader.<init>(S3FileSystemLoader.java:92)
	at S3FileSystemLoader.<init>(S3FileSystemLoader.java:79)
	at S3FileSystemFactory.<init>(S3FileSystemFactory.java:39)
	at S3FileSystemFactory$$FastClassByGuice$$3577f71.GUICE$TRAMPOLINE(<generated>)
	at S3FileSystemFactory$$FastClassByGuice$$3577f71.apply(<generated>)
	at DefaultConstructionProxyFactory$FastClassProxy.newInstance(DefaultConstructionProxyFactory.java:82)
	at ConstructorInjector.provision(ConstructorInjector.java:114)
	at ConstructorInjector.access$000(ConstructorInjector.java:33)
	at ConstructorInjector$1.call(ConstructorInjector.java:98)
	at ProvisionListenerStackCallback$Provision.provision(ProvisionListenerStackCallback.java:109)
	at LifeCycleModule.provision(LifeCycleModule.java:70)
	at ProvisionListenerStackCallback$Provision.provision(ProvisionListenerStackCallback.java:117)
	at ProvisionListenerStackCallback.provision(ProvisionListenerStackCallback.java:66)
	at ConstructorInjector.construct(ConstructorInjector.java:93)
	at ConstructorBindingImpl$Factory.get(ConstructorBindingImpl.java:300)
	at FactoryProxy.get(FactoryProxy.java:60)
	at ProviderToInternalFactoryAdapter.get(ProviderToInternalFactoryAdapter.java:40)
	at SingletonScope$1.get(SingletonScope.java:169)
	at InternalFactoryToProviderAdapter.get(InternalFactoryToProviderAdapter.java:45)
	at FactoryProxy.get(FactoryProxy.java:60)
	at SingleParameterInjector.inject(SingleParameterInjector.java:40)
	at RealMapBinder$ExtensionRealMapProvider.doProvision(RealMapBinder.java:808)
	at RealMapBinder$ExtensionRealMapProvider.doProvision(RealMapBinder.java:743)
	at InternalProviderInstanceBindingImpl$Factory$1.call(InternalProviderInstanceBindingImpl.java:120)
	at ProvisionListenerStackCallback$Provision.provision(ProvisionListenerStackCallback.java:109)
	at LifeCycleModule.provision(LifeCycleModule.java:70)
	at ProvisionListenerStackCallback$Provision.provision(ProvisionListenerStackCallback.java:117)
	at ProvisionListenerStackCallback.provision(ProvisionListenerStackCallback.java:66)
	at InternalProviderInstanceBindingImpl$Factory.get(InternalProviderInstanceBindingImpl.java:115)
	at SingleParameterInjector.inject(SingleParameterInjector.java:40)
	at SingleParameterInjector.getAll(SingleParameterInjector.java:60)
	at ProviderMethod.doProvision(ProviderMethod.java:171)
	at InternalProviderInstanceBindingImpl$CyclicFactory.provision(InternalProviderInstanceBindingImpl.java:185)
	at InternalProviderInstanceBindingImpl$CyclicFactory.access$300(InternalProviderInstanceBindingImpl.java:139)
	at InternalProviderInstanceBindingImpl$CyclicFactory$1.call(InternalProviderInstanceBindingImpl.java:169)
	at ProvisionListenerStackCallback$Provision.provision(ProvisionListenerStackCallback.java:109)
	at LifeCycleModule.provision(LifeCycleModule.java:70)
	at ProvisionListenerStackCallback$Provision.provision(ProvisionListenerStackCallback.java:117)
	at ProvisionListenerStackCallback.provision(ProvisionListenerStackCallback.java:66)
	at InternalProviderInstanceBindingImpl$CyclicFactory.get(InternalProviderInstanceBindingImpl.java:164)
	at ProviderToInternalFactoryAdapter.get(ProviderToInternalFactoryAdapter.java:40)
	at SingletonScope$1.get(SingletonScope.java:169)
	at InternalFactoryToProviderAdapter.get(InternalFactoryToProviderAdapter.java:45)
	at SingleParameterInjector.inject(SingleParameterInjector.java:40)
	at SingleParameterInjector.getAll(SingleParameterInjector.java:60)
	at ConstructorInjector.provision(ConstructorInjector.java:113)
	at ConstructorInjector.access$000(ConstructorInjector.java:33)
	at ConstructorInjector$1.call(ConstructorInjector.java:98)
	at ProvisionListenerStackCallback$Provision.provision(ProvisionListenerStackCallback.java:109)
	at LifeCycleModule.provision(LifeCycleModule.java:70)
	at ProvisionListenerStackCallback$Provision.provision(ProvisionListenerStackCallback.java:117)
	at ProvisionListenerStackCallback.provision(ProvisionListenerStackCallback.java:66)
	at ConstructorInjector.construct(ConstructorInjector.java:93)
	at ConstructorBindingImpl$Factory.get(ConstructorBindingImpl.java:300)
	at FactoryProxy.get(FactoryProxy.java:60)
	at ProviderToInternalFactoryAdapter.get(ProviderToInternalFactoryAdapter.java:40)
	at SingletonScope$1.get(SingletonScope.java:169)
	at InternalFactoryToProviderAdapter.get(InternalFactoryToProviderAdapter.java:45)
	at RealOptionalBinder$RealDirectTypeProvider.doProvision(RealOptionalBinder.java:376)
	at InternalProviderInstanceBindingImpl$Factory$1.call(InternalProviderInstanceBindingImpl.java:120)
	at ProvisionListenerStackCallback$Provision.provision(ProvisionListenerStackCallback.java:109)
	at LifeCycleModule.provision(LifeCycleModule.java:70)
	at ProvisionListenerStackCallback$Provision.provision(ProvisionListenerStackCallback.java:117)
	at ProvisionListenerStackCallback.provision(ProvisionListenerStackCallback.java:66)
	at InternalProviderInstanceBindingImpl$Factory.get(InternalProviderInstanceBindingImpl.java:115)
	at SingleParameterInjector.inject(SingleParameterInjector.java:40)
	at SingleParameterInjector.getAll(SingleParameterInjector.java:60)
	at ConstructorInjector.provision(ConstructorInjector.java:113)
	at ConstructorInjector.access$000(ConstructorInjector.java:33)
	at ConstructorInjector$1.call(ConstructorInjector.java:98)
	at ProvisionListenerStackCallback$Provision.provision(ProvisionListenerStackCallback.java:109)
	at LifeCycleModule.provision(LifeCycleModule.java:70)
	at ProvisionListenerStackCallback$Provision.provision(ProvisionListenerStackCallback.java:117)
	at ProvisionListenerStackCallback.provision(ProvisionListenerStackCallback.java:66)
	at ConstructorInjector.construct(ConstructorInjector.java:93)
	at ConstructorBindingImpl$Factory.get(ConstructorBindingImpl.java:300)
	at ProviderToInternalFactoryAdapter.get(ProviderToInternalFactoryAdapter.java:40)
	at SingletonScope$1.get(SingletonScope.java:169)
	at InternalFactoryToProviderAdapter.get(InternalFactoryToProviderAdapter.java:45)
	at InternalInjectorCreator.loadEagerSingletons(InternalInjectorCreator.java:213)
	at InternalInjectorCreator.injectDynamically(InternalInjectorCreator.java:186)
	at InternalInjectorCreator.build(InternalInjectorCreator.java:113)
	at Guice.createInjector(Guice.java:87)
	at Bootstrap.initialize(Bootstrap.java:366)
	at IcebergConnectorFactory.createConnector(IcebergConnectorFactory.java:88)
	at IcebergConnectorFactory.create(IcebergConnectorFactory.java:56)
	at DefaultCatalogFactory.createConnector(DefaultCatalogFactory.java:199)
	at DefaultCatalogFactory.createCatalog(DefaultCatalogFactory.java:124)
	at LazyCatalogFactory.createCatalog(LazyCatalogFactory.java:44)
	at StaticCatalogManager.lambda$loadInitialCatalogs$1(StaticCatalogManager.java:159)
	at java.base/FutureTask.run(FutureTask.java:328)
	at java.base/Executors$RunnableAdapter.call(Executors.java:545)
	at java.base/FutureTask.run(FutureTask.java:328)
	at DirectExecutor.execute(DirectExecutor.java:30)
	at java.base/ExecutorCompletionService.submit(ExecutorCompletionService.java:187)
	at Executors.executeUntilFailure(Executors.java:46)
	at StaticCatalogManager.loadInitialCatalogs(StaticCatalogManager.java:153)
	at Server.doStart(Server.java:140)
	at Server.lambda$start$0(Server.java:79)
	at io.trino.$gen.Trino_479____20260122_182306_1.run(Unknown Source)
	at Server.start(Server.java:79)
	at TrinoServer.main(TrinoServer.java:37)

24) [Guice/ErrorInjectingConstructor]: SdkClientException: Unable to load region from any of the providers in the chain DefaultAwsRegionProviderChain@3eba813d: [SystemSettingsRegionProvider@5bcdbb5a: Unable to load region from system settings. Region must be specified either via environment variable (AWS_REGION) or  system property (aws.region)., AwsProfileRegionProvider@1c05de90: No region provided in profile: default, InstanceProfileRegionProvider@3879ed80: Unable to contact EC2 metadata service.]
  at S3FileSystemFactory.<init>(S3FileSystemFactory.java:38)
  while locating S3FileSystemFactory
  at java.base/DirectMethodHandleAccessor.invoke(DirectMethodHandleAccessor.java:104)
      \_ installed by: IcebergConnectorFactory$IcebergFileSystemModule -> FileSystemModule -> S3FileSystemModule
  while locating TrinoFileSystemFactory annotated with interface FileSystemS3
  while locating TrinoFileSystemFactory annotated with @Element(setName=,uniqueId=58, type=MAPBINDER, keyType=String)
  at FileSystemModule.createFileSystemFactory(FileSystemModule.java:155)
      \_ for 3rd parameter factories
  at FileSystemModule.createFileSystemFactory(FileSystemModule.java:155)
      \_ installed by: IcebergConnectorFactory$IcebergFileSystemModule -> FileSystemModule
  at DefaultIcebergFileSystemFactory.<init>(DefaultIcebergFileSystemFactory.java:32)
      \_ for 1st parameter fileSystemFactory
  while locating DefaultIcebergFileSystemFactory
  at IcebergModule.configure(IcebergModule.java:141)
  while locating IcebergFileSystemFactory annotated with @RealOptionalBinder$Default
  at TableStatisticsReader.<init>(TableStatisticsReader.java:98)
      \_ for 3rd parameter fileSystemFactory
  at IcebergModule.configure(IcebergModule.java:102)
  while locating TableStatisticsReader

Learn more:
  https://github.com/google/guice/wiki/ERROR_INJECTING_CONSTRUCTOR
Caused by: SdkClientException: Unable to load region from any of the providers in the chain DefaultAwsRegionProviderChain@3eba813d: [SystemSettingsRegionProvider@5bcdbb5a: Unable to load region from system settings. Region must be specified either via environment variable (AWS_REGION) or  system property (aws.region)., AwsProfileRegionProvider@1c05de90: No region provided in profile: default, InstanceProfileRegionProvider@3879ed80: Unable to contact EC2 metadata service.]
	at SdkClientException$BuilderImpl.build(SdkClientException.java:130)
	at AwsRegionProviderChain.getRegion(AwsRegionProviderChain.java:70)
	at AwsDefaultClientBuilder.resolveRegion(AwsDefaultClientBuilder.java:374)
	at AttributeMap$DerivedValue.primeCache(AttributeMap.java:604)
	at AttributeMap$DerivedValue.get(AttributeMap.java:593)
	at AttributeMap$Builder.resolveValue(AttributeMap.java:400)
	at AttributeMap$Builder.internalGet(AttributeMap.java:389)
	at AttributeMap$Builder.access$1300(AttributeMap.java:201)
	at AttributeMap$Builder$1.get(AttributeMap.java:403)
	at AwsDefaultClientBuilder.resolveSigningRegion(AwsDefaultClientBuilder.java:319)
	at AttributeMap$DerivedValue.primeCache(AttributeMap.java:604)
	at AttributeMap$DerivedValue.get(AttributeMap.java:593)
	at AttributeMap$Builder.resolveValue(AttributeMap.java:400)
	at java.base/ArrayList.forEach(ArrayList.java:1604)
	at AttributeMap$Builder.build(AttributeMap.java:362)
	at SdkClientConfiguration$Builder.build(SdkClientConfiguration.java:224)
	at AwsDefaultClientBuilder.finalizeAwsConfiguration(AwsDefaultClientBuilder.java:201)
	at AwsDefaultClientBuilder.finalizeChildConfiguration(AwsDefaultClientBuilder.java:172)
	at SdkDefaultClientBuilder.syncClientConfiguration(SdkDefaultClientBuilder.java:204)
	at DefaultS3ClientBuilder.buildClient(DefaultS3ClientBuilder.java:37)
	at DefaultS3ClientBuilder.buildClient(DefaultS3ClientBuilder.java:26)
	at SdkDefaultClientBuilder.build(SdkDefaultClientBuilder.java:171)
	at S3FileSystemLoader.lambda$s3ClientFactory$0(S3FileSystemLoader.java:211)
	at S3FileSystemLoader.s3PreSigner(S3FileSystemLoader.java:228)
	at S3FileSystemLoader.<init>(S3FileSystemLoader.java:92)
	at S3FileSystemLoader.<init>(S3FileSystemLoader.java:79)
	at S3FileSystemFactory.<init>(S3FileSystemFactory.java:39)
	at S3FileSystemFactory$$FastClassByGuice$$3577f71.GUICE$TRAMPOLINE(<generated>)
	at S3FileSystemFactory$$FastClassByGuice$$3577f71.apply(<generated>)
	at DefaultConstructionProxyFactory$FastClassProxy.newInstance(DefaultConstructionProxyFactory.java:82)
	at ConstructorInjector.provision(ConstructorInjector.java:114)
	at ConstructorInjector.access$000(ConstructorInjector.java:33)
	at ConstructorInjector$1.call(ConstructorInjector.java:98)
	at ProvisionListenerStackCallback$Provision.provision(ProvisionListenerStackCallback.java:109)
	at LifeCycleModule.provision(LifeCycleModule.java:70)
	at ProvisionListenerStackCallback$Provision.provision(ProvisionListenerStackCallback.java:117)
	at ProvisionListenerStackCallback.provision(ProvisionListenerStackCallback.java:66)
	at ConstructorInjector.construct(ConstructorInjector.java:93)
	at ConstructorBindingImpl$Factory.get(ConstructorBindingImpl.java:300)
	at FactoryProxy.get(FactoryProxy.java:60)
	at ProviderToInternalFactoryAdapter.get(ProviderToInternalFactoryAdapter.java:40)
	at SingletonScope$1.get(SingletonScope.java:169)
	at InternalFactoryToProviderAdapter.get(InternalFactoryToProviderAdapter.java:45)
	at FactoryProxy.get(FactoryProxy.java:60)
	at SingleParameterInjector.inject(SingleParameterInjector.java:40)
	at RealMapBinder$ExtensionRealMapProvider.doProvision(RealMapBinder.java:808)
	at RealMapBinder$ExtensionRealMapProvider.doProvision(RealMapBinder.java:743)
	at InternalProviderInstanceBindingImpl$Factory$1.call(InternalProviderInstanceBindingImpl.java:120)
	at ProvisionListenerStackCallback$Provision.provision(ProvisionListenerStackCallback.java:109)
	at LifeCycleModule.provision(LifeCycleModule.java:70)
	at ProvisionListenerStackCallback$Provision.provision(ProvisionListenerStackCallback.java:117)
	at ProvisionListenerStackCallback.provision(ProvisionListenerStackCallback.java:66)
	at InternalProviderInstanceBindingImpl$Factory.get(InternalProviderInstanceBindingImpl.java:115)
	at SingleParameterInjector.inject(SingleParameterInjector.java:40)
	at SingleParameterInjector.getAll(SingleParameterInjector.java:60)
	at ProviderMethod.doProvision(ProviderMethod.java:171)
	at InternalProviderInstanceBindingImpl$CyclicFactory.provision(InternalProviderInstanceBindingImpl.java:185)
	at InternalProviderInstanceBindingImpl$CyclicFactory.access$300(InternalProviderInstanceBindingImpl.java:139)
	at InternalProviderInstanceBindingImpl$CyclicFactory$1.call(InternalProviderInstanceBindingImpl.java:169)
	at ProvisionListenerStackCallback$Provision.provision(ProvisionListenerStackCallback.java:109)
	at LifeCycleModule.provision(LifeCycleModule.java:70)
	at ProvisionListenerStackCallback$Provision.provision(ProvisionListenerStackCallback.java:117)
	at ProvisionListenerStackCallback.provision(ProvisionListenerStackCallback.java:66)
	at InternalProviderInstanceBindingImpl$CyclicFactory.get(InternalProviderInstanceBindingImpl.java:164)
	at ProviderToInternalFactoryAdapter.get(ProviderToInternalFactoryAdapter.java:40)
	at SingletonScope$1.get(SingletonScope.java:169)
	at InternalFactoryToProviderAdapter.get(InternalFactoryToProviderAdapter.java:45)
	at SingleParameterInjector.inject(SingleParameterInjector.java:40)
	at SingleParameterInjector.getAll(SingleParameterInjector.java:60)
	at ConstructorInjector.provision(ConstructorInjector.java:113)
	at ConstructorInjector.access$000(ConstructorInjector.java:33)
	at ConstructorInjector$1.call(ConstructorInjector.java:98)
	at ProvisionListenerStackCallback$Provision.provision(ProvisionListenerStackCallback.java:109)
	at LifeCycleModule.provision(LifeCycleModule.java:70)
	at ProvisionListenerStackCallback$Provision.provision(ProvisionListenerStackCallback.java:117)
	at ProvisionListenerStackCallback.provision(ProvisionListenerStackCallback.java:66)
	at ConstructorInjector.construct(ConstructorInjector.java:93)
	at ConstructorBindingImpl$Factory.get(ConstructorBindingImpl.java:300)
	at FactoryProxy.get(FactoryProxy.java:60)
	at ProviderToInternalFactoryAdapter.get(ProviderToInternalFactoryAdapter.java:40)
	at SingletonScope$1.get(SingletonScope.java:169)
	at InternalFactoryToProviderAdapter.get(InternalFactoryToProviderAdapter.java:45)
	at RealOptionalBinder$RealDirectTypeProvider.doProvision(RealOptionalBinder.java:376)
	at InternalProviderInstanceBindingImpl$Factory$1.call(InternalProviderInstanceBindingImpl.java:120)
	at ProvisionListenerStackCallback$Provision.provision(ProvisionListenerStackCallback.java:109)
	at LifeCycleModule.provision(LifeCycleModule.java:70)
	at ProvisionListenerStackCallback$Provision.provision(ProvisionListenerStackCallback.java:117)
	at ProvisionListenerStackCallback.provision(ProvisionListenerStackCallback.java:66)
	at InternalProviderInstanceBindingImpl$Factory.get(InternalProviderInstanceBindingImpl.java:115)
	at SingleParameterInjector.inject(SingleParameterInjector.java:40)
	at SingleParameterInjector.getAll(SingleParameterInjector.java:60)
	at ConstructorInjector.provision(ConstructorInjector.java:113)
	at ConstructorInjector.access$000(ConstructorInjector.java:33)
	at ConstructorInjector$1.call(ConstructorInjector.java:98)
	at ProvisionListenerStackCallback$Provision.provision(ProvisionListenerStackCallback.java:109)
	at LifeCycleModule.provision(LifeCycleModule.java:70)
	at ProvisionListenerStackCallback$Provision.provision(ProvisionListenerStackCallback.java:117)
	at ProvisionListenerStackCallback.provision(ProvisionListenerStackCallback.java:66)
	at ConstructorInjector.construct(ConstructorInjector.java:93)
	at ConstructorBindingImpl$Factory.get(ConstructorBindingImpl.java:300)
	at ProviderToInternalFactoryAdapter.get(ProviderToInternalFactoryAdapter.java:40)
	at SingletonScope$1.get(SingletonScope.java:169)
	at InternalFactoryToProviderAdapter.get(InternalFactoryToProviderAdapter.java:45)
	at InternalInjectorCreator.loadEagerSingletons(InternalInjectorCreator.java:213)
	at InternalInjectorCreator.injectDynamically(InternalInjectorCreator.java:186)
	at InternalInjectorCreator.build(InternalInjectorCreator.java:113)
	at Guice.createInjector(Guice.java:87)
	at Bootstrap.initialize(Bootstrap.java:366)
	at IcebergConnectorFactory.createConnector(IcebergConnectorFactory.java:88)
	at IcebergConnectorFactory.create(IcebergConnectorFactory.java:56)
	at DefaultCatalogFactory.createConnector(DefaultCatalogFactory.java:199)
	at DefaultCatalogFactory.createCatalog(DefaultCatalogFactory.java:124)
	at LazyCatalogFactory.createCatalog(LazyCatalogFactory.java:44)
	at StaticCatalogManager.lambda$loadInitialCatalogs$1(StaticCatalogManager.java:159)
	at java.base/FutureTask.run(FutureTask.java:328)
	at java.base/Executors$RunnableAdapter.call(Executors.java:545)
	at java.base/FutureTask.run(FutureTask.java:328)
	at DirectExecutor.execute(DirectExecutor.java:30)
	at java.base/ExecutorCompletionService.submit(ExecutorCompletionService.java:187)
	at Executors.executeUntilFailure(Executors.java:46)
	at StaticCatalogManager.loadInitialCatalogs(StaticCatalogManager.java:153)
	at Server.doStart(Server.java:140)
	at Server.lambda$start$0(Server.java:79)
	at io.trino.$gen.Trino_479____20260122_182306_1.run(Unknown Source)
	at Server.start(Server.java:79)
	at TrinoServer.main(TrinoServer.java:37)

25) [Guice/ErrorInjectingConstructor]: SdkClientException: Unable to load region from any of the providers in the chain DefaultAwsRegionProviderChain@5027e367: [SystemSettingsRegionProvider@20459a8c: Unable to load region from system settings. Region must be specified either via environment variable (AWS_REGION) or  system property (aws.region)., AwsProfileRegionProvider@5adaa8a5: No region provided in profile: default, InstanceProfileRegionProvider@a3ca0b4: Unable to contact EC2 metadata service.]
  at S3FileSystemFactory.<init>(S3FileSystemFactory.java:38)
  while locating S3FileSystemFactory
  at java.base/DirectMethodHandleAccessor.invoke(DirectMethodHandleAccessor.java:104)
      \_ installed by: IcebergConnectorFactory$IcebergFileSystemModule -> FileSystemModule -> S3FileSystemModule
  while locating TrinoFileSystemFactory annotated with interface FileSystemS3
  while locating TrinoFileSystemFactory annotated with @Element(setName=,uniqueId=58, type=MAPBINDER, keyType=String)
  at FileSystemModule.createFileSystemFactory(FileSystemModule.java:155)
      \_ for 3rd parameter factories
  at FileSystemModule.createFileSystemFactory(FileSystemModule.java:155)
      \_ installed by: IcebergConnectorFactory$IcebergFileSystemModule -> FileSystemModule
  at TrinoNessieCatalogFactory.<init>(TrinoNessieCatalogFactory.java:52)
      \_ for 3rd parameter fileSystemFactory
  while locating TrinoNessieCatalogFactory
  at java.base/DirectMethodHandleAccessor.invoke(DirectMethodHandleAccessor.java:104)
      \_ installed by: IcebergCatalogModule -> ConditionalModule -> IcebergNessieCatalogModule
  at IcebergMetadataFactory.<init>(IcebergMetadataFactory.java:65)
      \_ for 3rd parameter catalogFactory
  at IcebergModule.configure(IcebergModule.java:104)
  while locating IcebergMetadataFactory

Learn more:
  https://github.com/google/guice/wiki/ERROR_INJECTING_CONSTRUCTOR
Caused by: SdkClientException: Unable to load region from any of the providers in the chain DefaultAwsRegionProviderChain@5027e367: [SystemSettingsRegionProvider@20459a8c: Unable to load region from system settings. Region must be specified either via environment variable (AWS_REGION) or  system property (aws.region)., AwsProfileRegionProvider@5adaa8a5: No region provided in profile: default, InstanceProfileRegionProvider@a3ca0b4: Unable to contact EC2 metadata service.]
	at SdkClientException$BuilderImpl.build(SdkClientException.java:130)
	at AwsRegionProviderChain.getRegion(AwsRegionProviderChain.java:70)
	at AwsDefaultClientBuilder.resolveRegion(AwsDefaultClientBuilder.java:374)
	at AttributeMap$DerivedValue.primeCache(AttributeMap.java:604)
	at AttributeMap$DerivedValue.get(AttributeMap.java:593)
	at AttributeMap$Builder.resolveValue(AttributeMap.java:400)
	at AttributeMap$Builder.internalGet(AttributeMap.java:389)
	at AttributeMap$Builder.access$1300(AttributeMap.java:201)
	at AttributeMap$Builder$1.get(AttributeMap.java:403)
	at AwsDefaultClientBuilder.resolveSigningRegion(AwsDefaultClientBuilder.java:319)
	at AttributeMap$DerivedValue.primeCache(AttributeMap.java:604)
	at AttributeMap$DerivedValue.get(AttributeMap.java:593)
	at AttributeMap$Builder.resolveValue(AttributeMap.java:400)
	at java.base/ArrayList.forEach(ArrayList.java:1604)
	at AttributeMap$Builder.build(AttributeMap.java:362)
	at SdkClientConfiguration$Builder.build(SdkClientConfiguration.java:224)
	at AwsDefaultClientBuilder.finalizeAwsConfiguration(AwsDefaultClientBuilder.java:201)
	at AwsDefaultClientBuilder.finalizeChildConfiguration(AwsDefaultClientBuilder.java:172)
	at SdkDefaultClientBuilder.syncClientConfiguration(SdkDefaultClientBuilder.java:204)
	at DefaultS3ClientBuilder.buildClient(DefaultS3ClientBuilder.java:37)
	at DefaultS3ClientBuilder.buildClient(DefaultS3ClientBuilder.java:26)
	at SdkDefaultClientBuilder.build(SdkDefaultClientBuilder.java:171)
	at S3FileSystemLoader.lambda$s3ClientFactory$0(S3FileSystemLoader.java:211)
	at S3FileSystemLoader.s3PreSigner(S3FileSystemLoader.java:228)
	at S3FileSystemLoader.<init>(S3FileSystemLoader.java:92)
	at S3FileSystemLoader.<init>(S3FileSystemLoader.java:79)
	at S3FileSystemFactory.<init>(S3FileSystemFactory.java:39)
	at S3FileSystemFactory$$FastClassByGuice$$3577f71.GUICE$TRAMPOLINE(<generated>)
	at S3FileSystemFactory$$FastClassByGuice$$3577f71.apply(<generated>)
	at DefaultConstructionProxyFactory$FastClassProxy.newInstance(DefaultConstructionProxyFactory.java:82)
	at ConstructorInjector.provision(ConstructorInjector.java:114)
	at ConstructorInjector.access$000(ConstructorInjector.java:33)
	at ConstructorInjector$1.call(ConstructorInjector.java:98)
	at ProvisionListenerStackCallback$Provision.provision(ProvisionListenerStackCallback.java:109)
	at LifeCycleModule.provision(LifeCycleModule.java:70)
	at ProvisionListenerStackCallback$Provision.provision(ProvisionListenerStackCallback.java:117)
	at ProvisionListenerStackCallback.provision(ProvisionListenerStackCallback.java:66)
	at ConstructorInjector.construct(ConstructorInjector.java:93)
	at ConstructorBindingImpl$Factory.get(ConstructorBindingImpl.java:300)
	at FactoryProxy.get(FactoryProxy.java:60)
	at ProviderToInternalFactoryAdapter.get(ProviderToInternalFactoryAdapter.java:40)
	at SingletonScope$1.get(SingletonScope.java:169)
	at InternalFactoryToProviderAdapter.get(InternalFactoryToProviderAdapter.java:45)
	at FactoryProxy.get(FactoryProxy.java:60)
	at SingleParameterInjector.inject(SingleParameterInjector.java:40)
	at RealMapBinder$ExtensionRealMapProvider.doProvision(RealMapBinder.java:808)
	at RealMapBinder$ExtensionRealMapProvider.doProvision(RealMapBinder.java:743)
	at InternalProviderInstanceBindingImpl$Factory$1.call(InternalProviderInstanceBindingImpl.java:120)
	at ProvisionListenerStackCallback$Provision.provision(ProvisionListenerStackCallback.java:109)
	at LifeCycleModule.provision(LifeCycleModule.java:70)
	at ProvisionListenerStackCallback$Provision.provision(ProvisionListenerStackCallback.java:117)
	at ProvisionListenerStackCallback.provision(ProvisionListenerStackCallback.java:66)
	at InternalProviderInstanceBindingImpl$Factory.get(InternalProviderInstanceBindingImpl.java:115)
	at SingleParameterInjector.inject(SingleParameterInjector.java:40)
	at SingleParameterInjector.getAll(SingleParameterInjector.java:60)
	at ProviderMethod.doProvision(ProviderMethod.java:171)
	at InternalProviderInstanceBindingImpl$CyclicFactory.provision(InternalProviderInstanceBindingImpl.java:185)
	at InternalProviderInstanceBindingImpl$CyclicFactory.access$300(InternalProviderInstanceBindingImpl.java:139)
	at InternalProviderInstanceBindingImpl$CyclicFactory$1.call(InternalProviderInstanceBindingImpl.java:169)
	at ProvisionListenerStackCallback$Provision.provision(ProvisionListenerStackCallback.java:109)
	at LifeCycleModule.provision(LifeCycleModule.java:70)
	at ProvisionListenerStackCallback$Provision.provision(ProvisionListenerStackCallback.java:117)
	at ProvisionListenerStackCallback.provision(ProvisionListenerStackCallback.java:66)
	at InternalProviderInstanceBindingImpl$CyclicFactory.get(InternalProviderInstanceBindingImpl.java:164)
	at ProviderToInternalFactoryAdapter.get(ProviderToInternalFactoryAdapter.java:40)
	at SingletonScope$1.get(SingletonScope.java:169)
	at InternalFactoryToProviderAdapter.get(InternalFactoryToProviderAdapter.java:45)
	at SingleParameterInjector.inject(SingleParameterInjector.java:40)
	at SingleParameterInjector.getAll(SingleParameterInjector.java:60)
	at ConstructorInjector.provision(ConstructorInjector.java:113)
	at ConstructorInjector.access$000(ConstructorInjector.java:33)
	at ConstructorInjector$1.call(ConstructorInjector.java:98)
	at ProvisionListenerStackCallback$Provision.provision(ProvisionListenerStackCallback.java:109)
	at LifeCycleModule.provision(LifeCycleModule.java:70)
	at ProvisionListenerStackCallback$Provision.provision(ProvisionListenerStackCallback.java:117)
	at ProvisionListenerStackCallback.provision(ProvisionListenerStackCallback.java:66)
	at ConstructorInjector.construct(ConstructorInjector.java:93)
	at ConstructorBindingImpl$Factory.get(ConstructorBindingImpl.java:300)
	at FactoryProxy.get(FactoryProxy.java:60)
	at ProviderToInternalFactoryAdapter.get(ProviderToInternalFactoryAdapter.java:40)
	at SingletonScope$1.get(SingletonScope.java:169)
	at InternalFactoryToProviderAdapter.get(InternalFactoryToProviderAdapter.java:45)
	at SingleParameterInjector.inject(SingleParameterInjector.java:40)
	at SingleParameterInjector.getAll(SingleParameterInjector.java:60)
	at ConstructorInjector.provision(ConstructorInjector.java:113)
	at ConstructorInjector.access$000(ConstructorInjector.java:33)
	at ConstructorInjector$1.call(ConstructorInjector.java:98)
	at ProvisionListenerStackCallback$Provision.provision(ProvisionListenerStackCallback.java:109)
	at LifeCycleModule.provision(LifeCycleModule.java:70)
	at ProvisionListenerStackCallback$Provision.provision(ProvisionListenerStackCallback.java:117)
	at ProvisionListenerStackCallback.provision(ProvisionListenerStackCallback.java:66)
	at ConstructorInjector.construct(ConstructorInjector.java:93)
	at ConstructorBindingImpl$Factory.get(ConstructorBindingImpl.java:300)
	at ProviderToInternalFactoryAdapter.get(ProviderToInternalFactoryAdapter.java:40)
	at SingletonScope$1.get(SingletonScope.java:169)
	at InternalFactoryToProviderAdapter.get(InternalFactoryToProviderAdapter.java:45)
	at InternalInjectorCreator.loadEagerSingletons(InternalInjectorCreator.java:213)
	at InternalInjectorCreator.injectDynamically(InternalInjectorCreator.java:186)
	at InternalInjectorCreator.build(InternalInjectorCreator.java:113)
	at Guice.createInjector(Guice.java:87)
	at Bootstrap.initialize(Bootstrap.java:366)
	at IcebergConnectorFactory.createConnector(IcebergConnectorFactory.java:88)
	at IcebergConnectorFactory.create(IcebergConnectorFactory.java:56)
	at DefaultCatalogFactory.createConnector(DefaultCatalogFactory.java:199)
	at DefaultCatalogFactory.createCatalog(DefaultCatalogFactory.java:124)
	at LazyCatalogFactory.createCatalog(LazyCatalogFactory.java:44)
	at StaticCatalogManager.lambda$loadInitialCatalogs$1(StaticCatalogManager.java:159)
	at java.base/FutureTask.run(FutureTask.java:328)
	at java.base/Executors$RunnableAdapter.call(Executors.java:545)
	at java.base/FutureTask.run(FutureTask.java:328)
	at DirectExecutor.execute(DirectExecutor.java:30)
	at java.base/ExecutorCompletionService.submit(ExecutorCompletionService.java:187)
	at Executors.executeUntilFailure(Executors.java:46)
	at StaticCatalogManager.loadInitialCatalogs(StaticCatalogManager.java:153)
	at Server.doStart(Server.java:140)
	at Server.lambda$start$0(Server.java:79)
	at io.trino.$gen.Trino_479____20260122_182306_1.run(Unknown Source)
	at Server.start(Server.java:79)
	at TrinoServer.main(TrinoServer.java:37)

26) [Guice/ErrorInjectingConstructor]: SdkClientException: Unable to load region from any of the providers in the chain DefaultAwsRegionProviderChain@132d4bae: [SystemSettingsRegionProvider@6d532813: Unable to load region from system settings. Region must be specified either via environment variable (AWS_REGION) or  system property (aws.region)., AwsProfileRegionProvider@4b51cb8f: No region provided in profile: default, InstanceProfileRegionProvider@4cc73927: Unable to contact EC2 metadata service.]
  at S3FileSystemFactory.<init>(S3FileSystemFactory.java:38)
  while locating S3FileSystemFactory
  at java.base/DirectMethodHandleAccessor.invoke(DirectMethodHandleAccessor.java:104)
      \_ installed by: IcebergConnectorFactory$IcebergFileSystemModule -> FileSystemModule -> S3FileSystemModule
  while locating TrinoFileSystemFactory annotated with interface FileSystemS3
  while locating TrinoFileSystemFactory annotated with @Element(setName=,uniqueId=58, type=MAPBINDER, keyType=String)
  at FileSystemModule.createFileSystemFactory(FileSystemModule.java:155)
      \_ for 3rd parameter factories
  at FileSystemModule.createFileSystemFactory(FileSystemModule.java:155)
      \_ installed by: IcebergConnectorFactory$IcebergFileSystemModule -> FileSystemModule
  at DefaultIcebergFileSystemFactory.<init>(DefaultIcebergFileSystemFactory.java:32)
      \_ for 1st parameter fileSystemFactory
  while locating DefaultIcebergFileSystemFactory
  at IcebergModule.configure(IcebergModule.java:141)
  while locating IcebergFileSystemFactory annotated with @RealOptionalBinder$Default
  at IcebergPageSourceProviderFactory.<init>(IcebergPageSourceProviderFactory.java:47)
      \_ for 1st parameter fileSystemFactory
  at IcebergModule.configure(IcebergModule.java:88)
  at TableChangesFunctionProcessorProviderFactory.<init>(TableChangesFunctionProcessorProviderFactory.java:36)
      \_ for 1st parameter icebergPageSourceProviderFactory
  at IcebergModule.configure(IcebergModule.java:134)
  while locating TableChangesFunctionProcessorProviderFactory

Learn more:
  https://github.com/google/guice/wiki/ERROR_INJECTING_CONSTRUCTOR
Caused by: SdkClientException: Unable to load region from any of the providers in the chain DefaultAwsRegionProviderChain@132d4bae: [SystemSettingsRegionProvider@6d532813: Unable to load region from system settings. Region must be specified either via environment variable (AWS_REGION) or  system property (aws.region)., AwsProfileRegionProvider@4b51cb8f: No region provided in profile: default, InstanceProfileRegionProvider@4cc73927: Unable to contact EC2 metadata service.]
	at SdkClientException$BuilderImpl.build(SdkClientException.java:130)
	at AwsRegionProviderChain.getRegion(AwsRegionProviderChain.java:70)
	at AwsDefaultClientBuilder.resolveRegion(AwsDefaultClientBuilder.java:374)
	at AttributeMap$DerivedValue.primeCache(AttributeMap.java:604)
	at AttributeMap$DerivedValue.get(AttributeMap.java:593)
	at AttributeMap$Builder.resolveValue(AttributeMap.java:400)
	at AttributeMap$Builder.internalGet(AttributeMap.java:389)
	at AttributeMap$Builder.access$1300(AttributeMap.java:201)
	at AttributeMap$Builder$1.get(AttributeMap.java:403)
	at AwsDefaultClientBuilder.resolveSigningRegion(AwsDefaultClientBuilder.java:319)
	at AttributeMap$DerivedValue.primeCache(AttributeMap.java:604)
	at AttributeMap$DerivedValue.get(AttributeMap.java:593)
	at AttributeMap$Builder.resolveValue(AttributeMap.java:400)
	at java.base/ArrayList.forEach(ArrayList.java:1604)
	at AttributeMap$Builder.build(AttributeMap.java:362)
	at SdkClientConfiguration$Builder.build(SdkClientConfiguration.java:224)
	at AwsDefaultClientBuilder.finalizeAwsConfiguration(AwsDefaultClientBuilder.java:201)
	at AwsDefaultClientBuilder.finalizeChildConfiguration(AwsDefaultClientBuilder.java:172)
	at SdkDefaultClientBuilder.syncClientConfiguration(SdkDefaultClientBuilder.java:204)
	at DefaultS3ClientBuilder.buildClient(DefaultS3ClientBuilder.java:37)
	at DefaultS3ClientBuilder.buildClient(DefaultS3ClientBuilder.java:26)
	at SdkDefaultClientBuilder.build(SdkDefaultClientBuilder.java:171)
	at S3FileSystemLoader.lambda$s3ClientFactory$0(S3FileSystemLoader.java:211)
	at S3FileSystemLoader.s3PreSigner(S3FileSystemLoader.java:228)
	at S3FileSystemLoader.<init>(S3FileSystemLoader.java:92)
	at S3FileSystemLoader.<init>(S3FileSystemLoader.java:79)
	at S3FileSystemFactory.<init>(S3FileSystemFactory.java:39)
	at S3FileSystemFactory$$FastClassByGuice$$3577f71.GUICE$TRAMPOLINE(<generated>)
	at S3FileSystemFactory$$FastClassByGuice$$3577f71.apply(<generated>)
	at DefaultConstructionProxyFactory$FastClassProxy.newInstance(DefaultConstructionProxyFactory.java:82)
	at ConstructorInjector.provision(ConstructorInjector.java:114)
	at ConstructorInjector.access$000(ConstructorInjector.java:33)
	at ConstructorInjector$1.call(ConstructorInjector.java:98)
	at ProvisionListenerStackCallback$Provision.provision(ProvisionListenerStackCallback.java:109)
	at LifeCycleModule.provision(LifeCycleModule.java:70)
	at ProvisionListenerStackCallback$Provision.provision(ProvisionListenerStackCallback.java:117)
	at ProvisionListenerStackCallback.provision(ProvisionListenerStackCallback.java:66)
	at ConstructorInjector.construct(ConstructorInjector.java:93)
	at ConstructorBindingImpl$Factory.get(ConstructorBindingImpl.java:300)
	at FactoryProxy.get(FactoryProxy.java:60)
	at ProviderToInternalFactoryAdapter.get(ProviderToInternalFactoryAdapter.java:40)
	at SingletonScope$1.get(SingletonScope.java:169)
	at InternalFactoryToProviderAdapter.get(InternalFactoryToProviderAdapter.java:45)
	at FactoryProxy.get(FactoryProxy.java:60)
	at SingleParameterInjector.inject(SingleParameterInjector.java:40)
	at RealMapBinder$ExtensionRealMapProvider.doProvision(RealMapBinder.java:808)
	at RealMapBinder$ExtensionRealMapProvider.doProvision(RealMapBinder.java:743)
	at InternalProviderInstanceBindingImpl$Factory$1.call(InternalProviderInstanceBindingImpl.java:120)
	at ProvisionListenerStackCallback$Provision.provision(ProvisionListenerStackCallback.java:109)
	at LifeCycleModule.provision(LifeCycleModule.java:70)
	at ProvisionListenerStackCallback$Provision.provision(ProvisionListenerStackCallback.java:117)
	at ProvisionListenerStackCallback.provision(ProvisionListenerStackCallback.java:66)
	at InternalProviderInstanceBindingImpl$Factory.get(InternalProviderInstanceBindingImpl.java:115)
	at SingleParameterInjector.inject(SingleParameterInjector.java:40)
	at SingleParameterInjector.getAll(SingleParameterInjector.java:60)
	at ProviderMethod.doProvision(ProviderMethod.java:171)
	at InternalProviderInstanceBindingImpl$CyclicFactory.provision(InternalProviderInstanceBindingImpl.java:185)
	at InternalProviderInstanceBindingImpl$CyclicFactory.access$300(InternalProviderInstanceBindingImpl.java:139)
	at InternalProviderInstanceBindingImpl$CyclicFactory$1.call(InternalProviderInstanceBindingImpl.java:169)
	at ProvisionListenerStackCallback$Provision.provision(ProvisionListenerStackCallback.java:109)
	at LifeCycleModule.provision(LifeCycleModule.java:70)
	at ProvisionListenerStackCallback$Provision.provision(ProvisionListenerStackCallback.java:117)
	at ProvisionListenerStackCallback.provision(ProvisionListenerStackCallback.java:66)
	at InternalProviderInstanceBindingImpl$CyclicFactory.get(InternalProviderInstanceBindingImpl.java:164)
	at ProviderToInternalFactoryAdapter.get(ProviderToInternalFactoryAdapter.java:40)
	at SingletonScope$1.get(SingletonScope.java:169)
	at InternalFactoryToProviderAdapter.get(InternalFactoryToProviderAdapter.java:45)
	at SingleParameterInjector.inject(SingleParameterInjector.java:40)
	at SingleParameterInjector.getAll(SingleParameterInjector.java:60)
	at ConstructorInjector.provision(ConstructorInjector.java:113)
	at ConstructorInjector.access$000(ConstructorInjector.java:33)
	at ConstructorInjector$1.call(ConstructorInjector.java:98)
	at ProvisionListenerStackCallback$Provision.provision(ProvisionListenerStackCallback.java:109)
	at LifeCycleModule.provision(LifeCycleModule.java:70)
	at ProvisionListenerStackCallback$Provision.provision(ProvisionListenerStackCallback.java:117)
	at ProvisionListenerStackCallback.provision(ProvisionListenerStackCallback.java:66)
	at ConstructorInjector.construct(ConstructorInjector.java:93)
	at ConstructorBindingImpl$Factory.get(ConstructorBindingImpl.java:300)
	at FactoryProxy.get(FactoryProxy.java:60)
	at ProviderToInternalFactoryAdapter.get(ProviderToInternalFactoryAdapter.java:40)
	at SingletonScope$1.get(SingletonScope.java:169)
	at InternalFactoryToProviderAdapter.get(InternalFactoryToProviderAdapter.java:45)
	at RealOptionalBinder$RealDirectTypeProvider.doProvision(RealOptionalBinder.java:376)
	at InternalProviderInstanceBindingImpl$Factory$1.call(InternalProviderInstanceBindingImpl.java:120)
	at ProvisionListenerStackCallback$Provision.provision(ProvisionListenerStackCallback.java:109)
	at LifeCycleModule.provision(LifeCycleModule.java:70)
	at ProvisionListenerStackCallback$Provision.provision(ProvisionListenerStackCallback.java:117)
	at ProvisionListenerStackCallback.provision(ProvisionListenerStackCallback.java:66)
	at InternalProviderInstanceBindingImpl$Factory.get(InternalProviderInstanceBindingImpl.java:115)
	at SingleParameterInjector.inject(SingleParameterInjector.java:40)
	at SingleParameterInjector.getAll(SingleParameterInjector.java:60)
	at ConstructorInjector.provision(ConstructorInjector.java:113)
	at ConstructorInjector.access$000(ConstructorInjector.java:33)
	at ConstructorInjector$1.call(ConstructorInjector.java:98)
	at ProvisionListenerStackCallback$Provision.provision(ProvisionListenerStackCallback.java:109)
	at LifeCycleModule.provision(LifeCycleModule.java:70)
	at ProvisionListenerStackCallback$Provision.provision(ProvisionListenerStackCallback.java:117)
	at ProvisionListenerStackCallback.provision(ProvisionListenerStackCallback.java:66)
	at ConstructorInjector.construct(ConstructorInjector.java:93)
	at ConstructorBindingImpl$Factory.get(ConstructorBindingImpl.java:300)
	at ProviderToInternalFactoryAdapter.get(ProviderToInternalFactoryAdapter.java:40)
	at SingletonScope$1.get(SingletonScope.java:169)
	at InternalFactoryToProviderAdapter.get(InternalFactoryToProviderAdapter.java:45)
	at SingleParameterInjector.inject(SingleParameterInjector.java:40)
	at SingleParameterInjector.getAll(SingleParameterInjector.java:60)
	at ConstructorInjector.provision(ConstructorInjector.java:113)
	at ConstructorInjector.access$000(ConstructorInjector.java:33)
	at ConstructorInjector$1.call(ConstructorInjector.java:98)
	at ProvisionListenerStackCallback$Provision.provision(ProvisionListenerStackCallback.java:109)
	at LifeCycleModule.provision(LifeCycleModule.java:70)
	at ProvisionListenerStackCallback$Provision.provision(ProvisionListenerStackCallback.java:117)
	at ProvisionListenerStackCallback.provision(ProvisionListenerStackCallback.java:66)
	at ConstructorInjector.construct(ConstructorInjector.java:93)
	at ConstructorBindingImpl$Factory.get(ConstructorBindingImpl.java:300)
	at ProviderToInternalFactoryAdapter.get(ProviderToInternalFactoryAdapter.java:40)
	at SingletonScope$1.get(SingletonScope.java:169)
	at InternalFactoryToProviderAdapter.get(InternalFactoryToProviderAdapter.java:45)
	at InternalInjectorCreator.loadEagerSingletons(InternalInjectorCreator.java:213)
	at InternalInjectorCreator.injectDynamically(InternalInjectorCreator.java:186)
	at InternalInjectorCreator.build(InternalInjectorCreator.java:113)
	at Guice.createInjector(Guice.java:87)
	at Bootstrap.initialize(Bootstrap.java:366)
	at IcebergConnectorFactory.createConnector(IcebergConnectorFactory.java:88)
	at IcebergConnectorFactory.create(IcebergConnectorFactory.java:56)
	at DefaultCatalogFactory.createConnector(DefaultCatalogFactory.java:199)
	at DefaultCatalogFactory.createCatalog(DefaultCatalogFactory.java:124)
	at LazyCatalogFactory.createCatalog(LazyCatalogFactory.java:44)
	at StaticCatalogManager.lambda$loadInitialCatalogs$1(StaticCatalogManager.java:159)
	at java.base/FutureTask.run(FutureTask.java:328)
	at java.base/Executors$RunnableAdapter.call(Executors.java:545)
	at java.base/FutureTask.run(FutureTask.java:328)
	at DirectExecutor.execute(DirectExecutor.java:30)
	at java.base/ExecutorCompletionService.submit(ExecutorCompletionService.java:187)
	at Executors.executeUntilFailure(Executors.java:46)
	at StaticCatalogManager.loadInitialCatalogs(StaticCatalogManager.java:153)
	at Server.doStart(Server.java:140)
	at Server.lambda$start$0(Server.java:79)
	at io.trino.$gen.Trino_479____20260122_182306_1.run(Unknown Source)
	at Server.start(Server.java:79)
	at TrinoServer.main(TrinoServer.java:37)

27) [Guice/ErrorInjectingConstructor]: SdkClientException: Unable to load region from any of the providers in the chain DefaultAwsRegionProviderChain@506ec7ea: [SystemSettingsRegionProvider@66dc812b: Unable to load region from system settings. Region must be specified either via environment variable (AWS_REGION) or  system property (aws.region)., AwsProfileRegionProvider@4575df15: No region provided in profile: default, InstanceProfileRegionProvider@2d17c0ab: Unable to contact EC2 metadata service.]
  at S3FileSystemFactory.<init>(S3FileSystemFactory.java:38)
  while locating S3FileSystemFactory
  at java.base/DirectMethodHandleAccessor.invoke(DirectMethodHandleAccessor.java:104)
      \_ installed by: IcebergConnectorFactory$IcebergFileSystemModule -> FileSystemModule -> S3FileSystemModule
  while locating TrinoFileSystemFactory annotated with interface FileSystemS3
  while locating TrinoFileSystemFactory annotated with @Element(setName=,uniqueId=58, type=MAPBINDER, keyType=String)
  at FileSystemModule.createFileSystemFactory(FileSystemModule.java:155)
      \_ for 3rd parameter factories
  at FileSystemModule.createFileSystemFactory(FileSystemModule.java:155)
      \_ installed by: IcebergConnectorFactory$IcebergFileSystemModule -> FileSystemModule
  at TrinoNessieCatalogFactory.<init>(TrinoNessieCatalogFactory.java:52)
      \_ for 3rd parameter fileSystemFactory
  while locating TrinoNessieCatalogFactory
  at java.base/DirectMethodHandleAccessor.invoke(DirectMethodHandleAccessor.java:104)
      \_ installed by: IcebergCatalogModule -> ConditionalModule -> IcebergNessieCatalogModule
  at IcebergMetadataFactory.<init>(IcebergMetadataFactory.java:65)
      \_ for 3rd parameter catalogFactory
  at IcebergModule.configure(IcebergModule.java:104)
  at IcebergTransactionManager.<init>(IcebergTransactionManager.java:39)
      \_ for 1st parameter metadataFactory
  at IcebergModule.configure(IcebergModule.java:75)
  at IcebergConnector.<init>(IcebergConnector.java:100)
      \_ for 3rd parameter transactionManager
  at IcebergModule.configure(IcebergModule.java:144)
  while locating IcebergConnector

Learn more:
  https://github.com/google/guice/wiki/ERROR_INJECTING_CONSTRUCTOR
Caused by: SdkClientException: Unable to load region from any of the providers in the chain DefaultAwsRegionProviderChain@506ec7ea: [SystemSettingsRegionProvider@66dc812b: Unable to load region from system settings. Region must be specified either via environment variable (AWS_REGION) or  system property (aws.region)., AwsProfileRegionProvider@4575df15: No region provided in profile: default, InstanceProfileRegionProvider@2d17c0ab: Unable to contact EC2 metadata service.]
	at SdkClientException$BuilderImpl.build(SdkClientException.java:130)
	at AwsRegionProviderChain.getRegion(AwsRegionProviderChain.java:70)
	at AwsDefaultClientBuilder.resolveRegion(AwsDefaultClientBuilder.java:374)
	at AttributeMap$DerivedValue.primeCache(AttributeMap.java:604)
	at AttributeMap$DerivedValue.get(AttributeMap.java:593)
	at AttributeMap$Builder.resolveValue(AttributeMap.java:400)
	at AttributeMap$Builder.internalGet(AttributeMap.java:389)
	at AttributeMap$Builder.access$1300(AttributeMap.java:201)
	at AttributeMap$Builder$1.get(AttributeMap.java:403)
	at AwsDefaultClientBuilder.resolveSigningRegion(AwsDefaultClientBuilder.java:319)
	at AttributeMap$DerivedValue.primeCache(AttributeMap.java:604)
	at AttributeMap$DerivedValue.get(AttributeMap.java:593)
	at AttributeMap$Builder.resolveValue(AttributeMap.java:400)
	at java.base/ArrayList.forEach(ArrayList.java:1604)
	at AttributeMap$Builder.build(AttributeMap.java:362)
	at SdkClientConfiguration$Builder.build(SdkClientConfiguration.java:224)
	at AwsDefaultClientBuilder.finalizeAwsConfiguration(AwsDefaultClientBuilder.java:201)
	at AwsDefaultClientBuilder.finalizeChildConfiguration(AwsDefaultClientBuilder.java:172)
	at SdkDefaultClientBuilder.syncClientConfiguration(SdkDefaultClientBuilder.java:204)
	at DefaultS3ClientBuilder.buildClient(DefaultS3ClientBuilder.java:37)
	at DefaultS3ClientBuilder.buildClient(DefaultS3ClientBuilder.java:26)
	at SdkDefaultClientBuilder.build(SdkDefaultClientBuilder.java:171)
	at S3FileSystemLoader.lambda$s3ClientFactory$0(S3FileSystemLoader.java:211)
	at S3FileSystemLoader.s3PreSigner(S3FileSystemLoader.java:228)
	at S3FileSystemLoader.<init>(S3FileSystemLoader.java:92)
	at S3FileSystemLoader.<init>(S3FileSystemLoader.java:79)
	at S3FileSystemFactory.<init>(S3FileSystemFactory.java:39)
	at S3FileSystemFactory$$FastClassByGuice$$3577f71.GUICE$TRAMPOLINE(<generated>)
	at S3FileSystemFactory$$FastClassByGuice$$3577f71.apply(<generated>)
	at DefaultConstructionProxyFactory$FastClassProxy.newInstance(DefaultConstructionProxyFactory.java:82)
	at ConstructorInjector.provision(ConstructorInjector.java:114)
	at ConstructorInjector.access$000(ConstructorInjector.java:33)
	at ConstructorInjector$1.call(ConstructorInjector.java:98)
	at ProvisionListenerStackCallback$Provision.provision(ProvisionListenerStackCallback.java:109)
	at LifeCycleModule.provision(LifeCycleModule.java:70)
	at ProvisionListenerStackCallback$Provision.provision(ProvisionListenerStackCallback.java:117)
	at ProvisionListenerStackCallback.provision(ProvisionListenerStackCallback.java:66)
	at ConstructorInjector.construct(ConstructorInjector.java:93)
	at ConstructorBindingImpl$Factory.get(ConstructorBindingImpl.java:300)
	at FactoryProxy.get(FactoryProxy.java:60)
	at ProviderToInternalFactoryAdapter.get(ProviderToInternalFactoryAdapter.java:40)
	at SingletonScope$1.get(SingletonScope.java:169)
	at InternalFactoryToProviderAdapter.get(InternalFactoryToProviderAdapter.java:45)
	at FactoryProxy.get(FactoryProxy.java:60)
	at SingleParameterInjector.inject(SingleParameterInjector.java:40)
	at RealMapBinder$ExtensionRealMapProvider.doProvision(RealMapBinder.java:808)
	at RealMapBinder$ExtensionRealMapProvider.doProvision(RealMapBinder.java:743)
	at InternalProviderInstanceBindingImpl$Factory$1.call(InternalProviderInstanceBindingImpl.java:120)
	at ProvisionListenerStackCallback$Provision.provision(ProvisionListenerStackCallback.java:109)
	at LifeCycleModule.provision(LifeCycleModule.java:70)
	at ProvisionListenerStackCallback$Provision.provision(ProvisionListenerStackCallback.java:117)
	at ProvisionListenerStackCallback.provision(ProvisionListenerStackCallback.java:66)
	at InternalProviderInstanceBindingImpl$Factory.get(InternalProviderInstanceBindingImpl.java:115)
	at SingleParameterInjector.inject(SingleParameterInjector.java:40)
	at SingleParameterInjector.getAll(SingleParameterInjector.java:60)
	at ProviderMethod.doProvision(ProviderMethod.java:171)
	at InternalProviderInstanceBindingImpl$CyclicFactory.provision(InternalProviderInstanceBindingImpl.java:185)
	at InternalProviderInstanceBindingImpl$CyclicFactory.access$300(InternalProviderInstanceBindingImpl.java:139)
	at InternalProviderInstanceBindingImpl$CyclicFactory$1.call(InternalProviderInstanceBindingImpl.java:169)
	at ProvisionListenerStackCallback$Provision.provision(ProvisionListenerStackCallback.java:109)
	at LifeCycleModule.provision(LifeCycleModule.java:70)
	at ProvisionListenerStackCallback$Provision.provision(ProvisionListenerStackCallback.java:117)
	at ProvisionListenerStackCallback.provision(ProvisionListenerStackCallback.java:66)
	at InternalProviderInstanceBindingImpl$CyclicFactory.get(InternalProviderInstanceBindingImpl.java:164)
	at ProviderToInternalFactoryAdapter.get(ProviderToInternalFactoryAdapter.java:40)
	at SingletonScope$1.get(SingletonScope.java:169)
	at InternalFactoryToProviderAdapter.get(InternalFactoryToProviderAdapter.java:45)
	at SingleParameterInjector.inject(SingleParameterInjector.java:40)
	at SingleParameterInjector.getAll(SingleParameterInjector.java:60)
	at ConstructorInjector.provision(ConstructorInjector.java:113)
	at ConstructorInjector.access$000(ConstructorInjector.java:33)
	at ConstructorInjector$1.call(ConstructorInjector.java:98)
	at ProvisionListenerStackCallback$Provision.provision(ProvisionListenerStackCallback.java:109)
	at LifeCycleModule.provision(LifeCycleModule.java:70)
	at ProvisionListenerStackCallback$Provision.provision(ProvisionListenerStackCallback.java:117)
	at ProvisionListenerStackCallback.provision(ProvisionListenerStackCallback.java:66)
	at ConstructorInjector.construct(ConstructorInjector.java:93)
	at ConstructorBindingImpl$Factory.get(ConstructorBindingImpl.java:300)
	at FactoryProxy.get(FactoryProxy.java:60)
	at ProviderToInternalFactoryAdapter.get(ProviderToInternalFactoryAdapter.java:40)
	at SingletonScope$1.get(SingletonScope.java:169)
	at InternalFactoryToProviderAdapter.get(InternalFactoryToProviderAdapter.java:45)
	at SingleParameterInjector.inject(SingleParameterInjector.java:40)
	at SingleParameterInjector.getAll(SingleParameterInjector.java:60)
	at ConstructorInjector.provision(ConstructorInjector.java:113)
	at ConstructorInjector.access$000(ConstructorInjector.java:33)
	at ConstructorInjector$1.call(ConstructorInjector.java:98)
	at ProvisionListenerStackCallback$Provision.provision(ProvisionListenerStackCallback.java:109)
	at LifeCycleModule.provision(LifeCycleModule.java:70)
	at ProvisionListenerStackCallback$Provision.provision(ProvisionListenerStackCallback.java:117)
	at ProvisionListenerStackCallback.provision(ProvisionListenerStackCallback.java:66)
	at ConstructorInjector.construct(ConstructorInjector.java:93)
	at ConstructorBindingImpl$Factory.get(ConstructorBindingImpl.java:300)
	at ProviderToInternalFactoryAdapter.get(ProviderToInternalFactoryAdapter.java:40)
	at SingletonScope$1.get(SingletonScope.java:169)
	at InternalFactoryToProviderAdapter.get(InternalFactoryToProviderAdapter.java:45)
	at SingleParameterInjector.inject(SingleParameterInjector.java:40)
	at SingleParameterInjector.getAll(SingleParameterInjector.java:60)
	at ConstructorInjector.provision(ConstructorInjector.java:113)
	at ConstructorInjector.access$000(ConstructorInjector.java:33)
	at ConstructorInjector$1.call(ConstructorInjector.java:98)
	at ProvisionListenerStackCallback$Provision.provision(ProvisionListenerStackCallback.java:109)
	at LifeCycleModule.provision(LifeCycleModule.java:70)
	at ProvisionListenerStackCallback$Provision.provision(ProvisionListenerStackCallback.java:117)
	at ProvisionListenerStackCallback.provision(ProvisionListenerStackCallback.java:66)
	at ConstructorInjector.construct(ConstructorInjector.java:93)
	at ConstructorBindingImpl$Factory.get(ConstructorBindingImpl.java:300)
	at ProviderToInternalFactoryAdapter.get(ProviderToInternalFactoryAdapter.java:40)
	at SingletonScope$1.get(SingletonScope.java:169)
	at InternalFactoryToProviderAdapter.get(InternalFactoryToProviderAdapter.java:45)
	at SingleParameterInjector.inject(SingleParameterInjector.java:40)
	at SingleParameterInjector.getAll(SingleParameterInjector.java:60)
	at ConstructorInjector.provision(ConstructorInjector.java:113)
	at ConstructorInjector.access$000(ConstructorInjector.java:33)
	at ConstructorInjector$1.call(ConstructorInjector.java:98)
	at ProvisionListenerStackCallback$Provision.provision(ProvisionListenerStackCallback.java:109)
	at LifeCycleModule.provision(LifeCycleModule.java:70)
	at ProvisionListenerStackCallback$Provision.provision(ProvisionListenerStackCallback.java:117)
	at ProvisionListenerStackCallback.provision(ProvisionListenerStackCallback.java:66)
	at ConstructorInjector.construct(ConstructorInjector.java:93)
	at ConstructorBindingImpl$Factory.get(ConstructorBindingImpl.java:300)
	at ProviderToInternalFactoryAdapter.get(ProviderToInternalFactoryAdapter.java:40)
	at SingletonScope$1.get(SingletonScope.java:169)
	at InternalFactoryToProviderAdapter.get(InternalFactoryToProviderAdapter.java:45)
	at InternalInjectorCreator.loadEagerSingletons(InternalInjectorCreator.java:213)
	at InternalInjectorCreator.injectDynamically(InternalInjectorCreator.java:186)
	at InternalInjectorCreator.build(InternalInjectorCreator.java:113)
	at Guice.createInjector(Guice.java:87)
	at Bootstrap.initialize(Bootstrap.java:366)
	at IcebergConnectorFactory.createConnector(IcebergConnectorFactory.java:88)
	at IcebergConnectorFactory.create(IcebergConnectorFactory.java:56)
	at DefaultCatalogFactory.createConnector(DefaultCatalogFactory.java:199)
	at DefaultCatalogFactory.createCatalog(DefaultCatalogFactory.java:124)
	at LazyCatalogFactory.createCatalog(LazyCatalogFactory.java:44)
	at StaticCatalogManager.lambda$loadInitialCatalogs$1(StaticCatalogManager.java:159)
	at java.base/FutureTask.run(FutureTask.java:328)
	at java.base/Executors$RunnableAdapter.call(Executors.java:545)
	at java.base/FutureTask.run(FutureTask.java:328)
	at DirectExecutor.execute(DirectExecutor.java:30)
	at java.base/ExecutorCompletionService.submit(ExecutorCompletionService.java:187)
	at Executors.executeUntilFailure(Executors.java:46)
	at StaticCatalogManager.loadInitialCatalogs(StaticCatalogManager.java:153)
	at Server.doStart(Server.java:140)
	at Server.lambda$start$0(Server.java:79)
	at io.trino.$gen.Trino_479____20260122_182306_1.run(Unknown Source)
	at Server.start(Server.java:79)
	at TrinoServer.main(TrinoServer.java:37)

27 errors

======================
Full classname legend:
======================
AttributeMap$Builder:                                "software.amazon.awssdk.utils.AttributeMap$Builder"
AttributeMap$Builder$1:                              "software.amazon.awssdk.utils.AttributeMap$Builder$1"
AttributeMap$DerivedValue:                           "software.amazon.awssdk.utils.AttributeMap$DerivedValue"
AwsDefaultClientBuilder:                             "software.amazon.awssdk.awscore.client.builder.AwsDefaultClientBuilder"
AwsProfileRegionProvider:                            "software.amazon.awssdk.regions.providers.AwsProfileRegionProvider"
AwsRegionProviderChain:                              "software.amazon.awssdk.regions.providers.AwsRegionProviderChain"
Bootstrap:                                           "io.airlift.bootstrap.Bootstrap"
BoundProviderFactory:                                "com.google.inject.internal.BoundProviderFactory"
ClassLoaderSafeConnectorPageSinkProvider:            "io.trino.plugin.base.classloader.ClassLoaderSafeConnectorPageSinkProvider"
ClassLoaderSafeConnectorPageSourceProviderFactory:   "io.trino.plugin.base.classloader.ClassLoaderSafeConnectorPageSourceProviderFactory"
ClassLoaderSafeConnectorSplitManager:                "io.trino.plugin.base.classloader.ClassLoaderSafeConnectorSplitManager"
ConditionalModule:                                   "io.airlift.configuration.ConditionalModule"
ConnectorPageSinkProvider:                           "io.trino.spi.connector.ConnectorPageSinkProvider"
ConnectorPageSourceProviderFactory:                  "io.trino.spi.connector.ConnectorPageSourceProviderFactory"
ConnectorSplitManager:                               "io.trino.spi.connector.ConnectorSplitManager"
ConnectorTableFunction:                              "io.trino.spi.function.table.ConnectorTableFunction"
ConstructorBindingImpl$Factory:                      "com.google.inject.internal.ConstructorBindingImpl$Factory"
ConstructorInjector:                                 "com.google.inject.internal.ConstructorInjector"
ConstructorInjector$1:                               "com.google.inject.internal.ConstructorInjector$1"
DefaultAwsRegionProviderChain:                       "software.amazon.awssdk.regions.providers.DefaultAwsRegionProviderChain"
DefaultCatalogFactory:                               "io.trino.connector.DefaultCatalogFactory"
DefaultConstructionProxyFactory$FastClassProxy:      "com.google.inject.internal.DefaultConstructionProxyFactory$FastClassProxy"
DefaultIcebergFileSystemFactory:                     "io.trino.plugin.iceberg.DefaultIcebergFileSystemFactory"
DefaultS3ClientBuilder:                              "software.amazon.awssdk.services.s3.DefaultS3ClientBuilder"
DirectExecutor:                                      "com.google.common.util.concurrent.DirectExecutor"
DirectMethodHandleAccessor:                          "jdk.internal.reflect.DirectMethodHandleAccessor"
Element:                                             "com.google.inject.internal.Element"
ExecutorCompletionService:                           "java.util.concurrent.ExecutorCompletionService"
Executors:                                           "io.trino.util.Executors"
Executors$RunnableAdapter:                           "java.util.concurrent.Executors$RunnableAdapter"
FactoryProxy:                                        "com.google.inject.internal.FactoryProxy"
FileSystemModule:                                    "io.trino.filesystem.manager.FileSystemModule"
FileSystemS3:                                        "io.trino.filesystem.s3.FileSystemS3"
ForClassLoaderSafe:                                  "io.trino.plugin.base.classloader.ForClassLoaderSafe"
FunctionProvider:                                    "io.trino.spi.function.FunctionProvider"
FutureTask:                                          "java.util.concurrent.FutureTask"
Guice:                                               "com.google.inject.Guice"
GuiceMBeanExporter:                                  "org.weakref.jmx.guice.GuiceMBeanExporter"
GuiceMBeanExporter$$FastClassByGuice$$508125:        "org.weakref.jmx.guice.GuiceMBeanExporter$$FastClassByGuice$$508125"
IcebergCatalogModule:                                "io.trino.plugin.iceberg.catalog.IcebergCatalogModule"
IcebergConnector:                                    "io.trino.plugin.iceberg.IcebergConnector"
IcebergConnectorFactory:                             "io.trino.plugin.iceberg.IcebergConnectorFactory"
IcebergConnectorFactory$IcebergFileSystemModule:     "io.trino.plugin.iceberg.IcebergConnectorFactory$IcebergFileSystemModule"
IcebergFileSystemFactory:                            "io.trino.plugin.iceberg.IcebergFileSystemFactory"
IcebergFunctionProvider:                             "io.trino.plugin.iceberg.functions.IcebergFunctionProvider"
IcebergMetadataFactory:                              "io.trino.plugin.iceberg.IcebergMetadataFactory"
IcebergModule:                                       "io.trino.plugin.iceberg.IcebergModule"
IcebergNessieCatalogModule:                          "io.trino.plugin.iceberg.catalog.nessie.IcebergNessieCatalogModule"
IcebergNessieTableOperationsProvider:                "io.trino.plugin.iceberg.catalog.nessie.IcebergNessieTableOperationsProvider"
IcebergPageSinkProvider:                             "io.trino.plugin.iceberg.IcebergPageSinkProvider"
IcebergPageSourceProviderFactory:                    "io.trino.plugin.iceberg.IcebergPageSourceProviderFactory"
IcebergSplitManager:                                 "io.trino.plugin.iceberg.IcebergSplitManager"
IcebergTableOperationsProvider:                      "io.trino.plugin.iceberg.catalog.IcebergTableOperationsProvider"
IcebergTablesSystemTable:                            "io.trino.plugin.iceberg.system.IcebergTablesSystemTable"
IcebergTransactionManager:                           "io.trino.plugin.iceberg.IcebergTransactionManager"
InjectorImpl:                                        "com.google.inject.internal.InjectorImpl"
InjectorImpl$1:                                      "com.google.inject.internal.InjectorImpl$1"
InstanceProfileRegionProvider:                       "software.amazon.awssdk.regions.providers.InstanceProfileRegionProvider"
InternalFactoryToProviderAdapter:                    "com.google.inject.internal.InternalFactoryToProviderAdapter"
InternalInjectorCreator:                             "com.google.inject.internal.InternalInjectorCreator"
InternalProviderInstanceBindingImpl$CyclicFactory:   "com.google.inject.internal.InternalProviderInstanceBindingImpl$CyclicFactory"
InternalProviderInstanceBindingImpl$CyclicFactory$1: "com.google.inject.internal.InternalProviderInstanceBindingImpl$CyclicFactory$1"
InternalProviderInstanceBindingImpl$Factory:         "com.google.inject.internal.InternalProviderInstanceBindingImpl$Factory"
InternalProviderInstanceBindingImpl$Factory$1:       "com.google.inject.internal.InternalProviderInstanceBindingImpl$Factory$1"
LazyCatalogFactory:                                  "io.trino.connector.LazyCatalogFactory"
LifeCycleModule:                                     "io.airlift.bootstrap.LifeCycleModule"
MBeanModule:                                         "org.weakref.jmx.guice.MBeanModule"
Procedure:                                           "io.trino.spi.procedure.Procedure"
ProviderMethod:                                      "com.google.inject.internal.ProviderMethod"
ProviderToInternalFactoryAdapter:                    "com.google.inject.internal.ProviderToInternalFactoryAdapter"
ProvisionListenerStackCallback:                      "com.google.inject.internal.ProvisionListenerStackCallback"
ProvisionListenerStackCallback$Provision:            "com.google.inject.internal.ProvisionListenerStackCallback$Provision"
RealMapBinder$ExtensionRealMapProvider:              "com.google.inject.internal.RealMapBinder$ExtensionRealMapProvider"
RealOptionalBinder$Default:                          "com.google.inject.internal.RealOptionalBinder$Default"
RealOptionalBinder$RealDirectTypeProvider:           "com.google.inject.internal.RealOptionalBinder$RealDirectTypeProvider"
RegisterTableProcedure:                              "io.trino.plugin.iceberg.procedure.RegisterTableProcedure"
RollbackToSnapshotProcedure:                         "io.trino.plugin.iceberg.procedure.RollbackToSnapshotProcedure"
S3FileSystemFactory:                                 "io.trino.filesystem.s3.S3FileSystemFactory"
S3FileSystemFactory$$FastClassByGuice$$3577f71:      "io.trino.filesystem.s3.S3FileSystemFactory$$FastClassByGuice$$3577f71"
S3FileSystemLoader:                                  "io.trino.filesystem.s3.S3FileSystemLoader"
S3FileSystemModule:                                  "io.trino.filesystem.s3.S3FileSystemModule"
SdkClientConfiguration$Builder:                      "software.amazon.awssdk.core.client.config.SdkClientConfiguration$Builder"
SdkClientException:                                  "software.amazon.awssdk.core.exception.SdkClientException"
SdkClientException$BuilderImpl:                      "software.amazon.awssdk.core.exception.SdkClientException$BuilderImpl"
SdkDefaultClientBuilder:                             "software.amazon.awssdk.core.client.builder.SdkDefaultClientBuilder"
Server:                                              "io.trino.server.Server"
SingleParameterInjector:                             "com.google.inject.internal.SingleParameterInjector"
SingletonScope$1:                                    "com.google.inject.internal.SingletonScope$1"
StaticCatalogManager:                                "io.trino.connector.StaticCatalogManager"
SystemSettingsRegionProvider:                        "software.amazon.awssdk.regions.providers.SystemSettingsRegionProvider"
SystemTable:                                         "io.trino.spi.connector.SystemTable"
TableChangesFunctionProcessorProviderFactory:        "io.trino.plugin.iceberg.functions.tablechanges.TableChangesFunctionProcessorProviderFactory"
TableChangesFunctionProvider:                        "io.trino.plugin.iceberg.functions.tablechanges.TableChangesFunctionProvider"
TableStatisticsReader:                               "io.trino.plugin.iceberg.TableStatisticsReader"
TrinoCatalogFactory:                                 "io.trino.plugin.iceberg.catalog.TrinoCatalogFactory"
TrinoFileSystemFactory:                              "io.trino.filesystem.TrinoFileSystemFactory"
TrinoNessieCatalogFactory:                           "io.trino.plugin.iceberg.catalog.nessie.TrinoNessieCatalogFactory"
TrinoServer:                                         "io.trino.server.TrinoServer"
UnregisterTableProcedure:                            "io.trino.plugin.iceberg.procedure.UnregisterTableProcedure"
========================
End of classname legend:
========================

	at com.google.inject.internal.Errors.throwCreationExceptionIfErrorsExist(Errors.java:589)
	at com.google.inject.internal.InternalInjectorCreator.injectDynamically(InternalInjectorCreator.java:190)
	at com.google.inject.internal.InternalInjectorCreator.build(InternalInjectorCreator.java:113)
	at com.google.inject.Guice.createInjector(Guice.java:87)
	at io.airlift.bootstrap.Bootstrap.initialize(Bootstrap.java:366)
	at io.trino.plugin.iceberg.IcebergConnectorFactory.createConnector(IcebergConnectorFactory.java:88)
	at io.trino.plugin.iceberg.IcebergConnectorFactory.create(IcebergConnectorFactory.java:56)
	at io.trino.connector.DefaultCatalogFactory.createConnector(DefaultCatalogFactory.java:199)
	at io.trino.connector.DefaultCatalogFactory.createCatalog(DefaultCatalogFactory.java:124)
	at io.trino.connector.LazyCatalogFactory.createCatalog(LazyCatalogFactory.java:44)
	at io.trino.connector.StaticCatalogManager.lambda$loadInitialCatalogs$1(StaticCatalogManager.java:159)
	at java.base/java.util.concurrent.FutureTask.run(FutureTask.java:328)
	at java.base/java.util.concurrent.Executors$RunnableAdapter.call(Executors.java:545)
	at java.base/java.util.concurrent.FutureTask.run(FutureTask.java:328)
	at com.google.common.util.concurrent.DirectExecutor.execute(DirectExecutor.java:30)
	at java.base/java.util.concurrent.ExecutorCompletionService.submit(ExecutorCompletionService.java:187)
	at io.trino.util.Executors.executeUntilFailure(Executors.java:46)
	at io.trino.connector.StaticCatalogManager.loadInitialCatalogs(StaticCatalogManager.java:153)
	at io.trino.server.Server.doStart(Server.java:140)
	at io.trino.server.Server.lambda$start$0(Server.java:79)
	at io.trino.$gen.Trino_479____20260122_182306_1.run(Unknown Source)
	at io.trino.server.Server.start(Server.java:79)
	at io.trino.server.TrinoServer.main(TrinoServer.java:37)


